item_id	case_order	source_order	test_sample_index	task_id	target_token_index	target_token	generated_first_error	reference_token	source_rank	source_token_index	source_token	alti_saliency	source_context	target_context	generated_completion_preview	reference_completion_preview	full_generated_code_path	full_reference_code_path	full_generated_completion_path	full_reference_completion_path	full_prompt_path	human_label	human_confidence	human_rationale
test16_t595_s01	1	1	16	test16	595	.Load	LoadRestrictionsRootOnly	LoadRestrictionsNone	1	594	 types	0.005561	 are  returned <|im_end|> \n <|im_start|> assistant \n \tcase [SOURCE: types] .Load Restr ictions Root Only .String ():\n \t	 returned <|im_end|> \n <|im_start|> assistant \n \tcase  types [TARGET:.Load] Restr ictions Root Only .String ():\n \t \treturn	\tcase types.LoadRestrictionsRootOnly.String():\n\t\treturn types.LoadRestrictionsRootOnly\n\tcase types.LoadRestrictionsNone.String():\n\t\treturn types.LoadRestrictions	"\tcase types.LoadRestrictionsNone.String(), ""none"":\n\t\treturn types.LoadRestrictionsNone\n\tdefault:\n\t\treturn types.LoadRestrictionsRootOnly"	spurious_correlation_results/human_annotation/full_code/test16/generated.go	spurious_correlation_results/human_annotation/full_code/test16/reference.go	spurious_correlation_results/human_annotation/full_code/test16/generated_completion.txt	spurious_correlation_results/human_annotation/full_code/test16/reference_completion.txt	spurious_correlation_results/human_annotation/full_code/test16/prompt.txt			
test16_t595_s02	1	2	16	test16	595	.Load	LoadRestrictionsRootOnly	LoadRestrictionsNone	2	437	.Load	0.005263	Flags .load Restr ict or  {\n \tcase  types [SOURCE:.Load] Restr ictions Root Only .String (),\n \t \ttypes	 returned <|im_end|> \n <|im_start|> assistant \n \tcase  types [TARGET:.Load] Restr ictions Root Only .String ():\n \t \treturn	\tcase types.LoadRestrictionsRootOnly.String():\n\t\treturn types.LoadRestrictionsRootOnly\n\tcase types.LoadRestrictionsNone.String():\n\t\treturn types.LoadRestrictions	"\tcase types.LoadRestrictionsNone.String(), ""none"":\n\t\treturn types.LoadRestrictionsNone\n\tdefault:\n\t\treturn types.LoadRestrictionsRootOnly"	spurious_correlation_results/human_annotation/full_code/test16/generated.go	spurious_correlation_results/human_annotation/full_code/test16/reference.go	spurious_correlation_results/human_annotation/full_code/test16/generated_completion.txt	spurious_correlation_results/human_annotation/full_code/test16/reference_completion.txt	spurious_correlation_results/human_annotation/full_code/test16/prompt.txt			
test16_t595_s03	1	3	16	test16	595	.Load	LoadRestrictionsRootOnly	LoadRestrictionsNone	3	241	.Load	0.004982	"\t \t "" if  set  to  '""+ types [SOURCE:.Load] Restr ictions None .String () +\n \t\t \t"	 returned <|im_end|> \n <|im_start|> assistant \n \tcase  types [TARGET:.Load] Restr ictions Root Only .String ():\n \t \treturn	\tcase types.LoadRestrictionsRootOnly.String():\n\t\treturn types.LoadRestrictionsRootOnly\n\tcase types.LoadRestrictionsNone.String():\n\t\treturn types.LoadRestrictions	"\tcase types.LoadRestrictionsNone.String(), ""none"":\n\t\treturn types.LoadRestrictionsNone\n\tdefault:\n\t\treturn types.LoadRestrictionsRootOnly"	spurious_correlation_results/human_annotation/full_code/test16/generated.go	spurious_correlation_results/human_annotation/full_code/test16/reference.go	spurious_correlation_results/human_annotation/full_code/test16/generated_completion.txt	spurious_correlation_results/human_annotation/full_code/test16/reference_completion.txt	spurious_correlation_results/human_annotation/full_code/test16/prompt.txt			
test16_t595_s04	1	4	16	test16	595	.Load	LoadRestrictionsRootOnly	LoadRestrictionsNone	4	593	\tcase	0.017364	>  are  returned <|im_end|> \n <|im_start|> assistant \n [SOURCE:\tcase]  types .Load Restr ictions Root Only .String ():\n	 returned <|im_end|> \n <|im_start|> assistant \n \tcase  types [TARGET:.Load] Restr ictions Root Only .String ():\n \t \treturn	\tcase types.LoadRestrictionsRootOnly.String():\n\t\treturn types.LoadRestrictionsRootOnly\n\tcase types.LoadRestrictionsNone.String():\n\t\treturn types.LoadRestrictions	"\tcase types.LoadRestrictionsNone.String(), ""none"":\n\t\treturn types.LoadRestrictionsNone\n\tdefault:\n\t\treturn types.LoadRestrictionsRootOnly"	spurious_correlation_results/human_annotation/full_code/test16/generated.go	spurious_correlation_results/human_annotation/full_code/test16/reference.go	spurious_correlation_results/human_annotation/full_code/test16/generated_completion.txt	spurious_correlation_results/human_annotation/full_code/test16/reference_completion.txt	spurious_correlation_results/human_annotation/full_code/test16/prompt.txt			
test16_t595_s05	1	5	16	test16	595	.Load	LoadRestrictionsRootOnly	LoadRestrictionsNone	5	349	.Load	0.004317	 {\n \t \treturn  [] string {\n \t\t \ttypes [SOURCE:.Load] Restr ictions None .String (),\n \t\t \ttypes .Load	 returned <|im_end|> \n <|im_start|> assistant \n \tcase  types [TARGET:.Load] Restr ictions Root Only .String ():\n \t \treturn	\tcase types.LoadRestrictionsRootOnly.String():\n\t\treturn types.LoadRestrictionsRootOnly\n\tcase types.LoadRestrictionsNone.String():\n\t\treturn types.LoadRestrictions	"\tcase types.LoadRestrictionsNone.String(), ""none"":\n\t\treturn types.LoadRestrictionsNone\n\tdefault:\n\t\treturn types.LoadRestrictionsRootOnly"	spurious_correlation_results/human_annotation/full_code/test16/generated.go	spurious_correlation_results/human_annotation/full_code/test16/reference.go	spurious_correlation_results/human_annotation/full_code/test16/generated_completion.txt	spurious_correlation_results/human_annotation/full_code/test16/reference_completion.txt	spurious_correlation_results/human_annotation/full_code/test16/prompt.txt			
test16_t595_s06	1	6	16	test16	595	.Load	LoadRestrictionsRootOnly	LoadRestrictionsNone	6	357	.Load	0.002177	.Load Restr ictions None .String (),\n \t\t \ttypes [SOURCE:.Load] Restr ictions Root Only .String (),\n \t \t	 returned <|im_end|> \n <|im_start|> assistant \n \tcase  types [TARGET:.Load] Restr ictions Root Only .String ():\n \t \treturn	\tcase types.LoadRestrictionsRootOnly.String():\n\t\treturn types.LoadRestrictionsRootOnly\n\tcase types.LoadRestrictionsNone.String():\n\t\treturn types.LoadRestrictions	"\tcase types.LoadRestrictionsNone.String(), ""none"":\n\t\treturn types.LoadRestrictionsNone\n\tdefault:\n\t\treturn types.LoadRestrictionsRootOnly"	spurious_correlation_results/human_annotation/full_code/test16/generated.go	spurious_correlation_results/human_annotation/full_code/test16/reference.go	spurious_correlation_results/human_annotation/full_code/test16/generated_completion.txt	spurious_correlation_results/human_annotation/full_code/test16/reference_completion.txt	spurious_correlation_results/human_annotation/full_code/test16/prompt.txt			
test16_t595_s07	1	7	16	test16	595	.Load	LoadRestrictionsRootOnly	LoadRestrictionsNone	7	446	.Load	0.001573	"Restr ictions Root Only .String (),\n \t \ttypes [SOURCE:.Load] Restr ictions None .String (),  """":\n \t \treturn"	 returned <|im_end|> \n <|im_start|> assistant \n \tcase  types [TARGET:.Load] Restr ictions Root Only .String ():\n \t \treturn	\tcase types.LoadRestrictionsRootOnly.String():\n\t\treturn types.LoadRestrictionsRootOnly\n\tcase types.LoadRestrictionsNone.String():\n\t\treturn types.LoadRestrictions	"\tcase types.LoadRestrictionsNone.String(), ""none"":\n\t\treturn types.LoadRestrictionsNone\n\tdefault:\n\t\treturn types.LoadRestrictionsRootOnly"	spurious_correlation_results/human_annotation/full_code/test16/generated.go	spurious_correlation_results/human_annotation/full_code/test16/reference.go	spurious_correlation_results/human_annotation/full_code/test16/generated_completion.txt	spurious_correlation_results/human_annotation/full_code/test16/reference_completion.txt	spurious_correlation_results/human_annotation/full_code/test16/prompt.txt			
test16_t595_s08	1	8	16	test16	595	.Load	LoadRestrictionsRootOnly	LoadRestrictionsNone	8	226	.Load	0.007723	Load Restr ict or Name ,\n \t \ttypes [SOURCE:.Load] Restr ictions Root Only .String (),\n \t \t	 returned <|im_end|> \n <|im_start|> assistant \n \tcase  types [TARGET:.Load] Restr ictions Root Only .String ():\n \t \treturn	\tcase types.LoadRestrictionsRootOnly.String():\n\t\treturn types.LoadRestrictionsRootOnly\n\tcase types.LoadRestrictionsNone.String():\n\t\treturn types.LoadRestrictions	"\tcase types.LoadRestrictionsNone.String(), ""none"":\n\t\treturn types.LoadRestrictionsNone\n\tdefault:\n\t\treturn types.LoadRestrictionsRootOnly"	spurious_correlation_results/human_annotation/full_code/test16/generated.go	spurious_correlation_results/human_annotation/full_code/test16/reference.go	spurious_correlation_results/human_annotation/full_code/test16/generated_completion.txt	spurious_correlation_results/human_annotation/full_code/test16/reference_completion.txt	spurious_correlation_results/human_annotation/full_code/test16/prompt.txt			
test16_t595_s09	1	9	16	test16	595	.Load	LoadRestrictionsRootOnly	LoadRestrictionsNone	9	218	Load	0.003269	Flags .load Restr ict or ,\n \t \tflag [SOURCE:Load] Restr ict or Name ,\n \t \ttypes .Load	 returned <|im_end|> \n <|im_start|> assistant \n \tcase  types [TARGET:.Load] Restr ictions Root Only .String ():\n \t \treturn	\tcase types.LoadRestrictionsRootOnly.String():\n\t\treturn types.LoadRestrictionsRootOnly\n\tcase types.LoadRestrictionsNone.String():\n\t\treturn types.LoadRestrictions	"\tcase types.LoadRestrictionsNone.String(), ""none"":\n\t\treturn types.LoadRestrictionsNone\n\tdefault:\n\t\treturn types.LoadRestrictionsRootOnly"	spurious_correlation_results/human_annotation/full_code/test16/generated.go	spurious_correlation_results/human_annotation/full_code/test16/reference.go	spurious_correlation_results/human_annotation/full_code/test16/generated_completion.txt	spurious_correlation_results/human_annotation/full_code/test16/reference_completion.txt	spurious_correlation_results/human_annotation/full_code/test16/prompt.txt			
test16_t595_s10	1	10	16	test16	595	.Load	LoadRestrictionsRootOnly	LoadRestrictionsNone	10	503	.Load	0.000779	or ,\n \t\t \t [] string { types [SOURCE:.Load] Restr ictions Root Only .String (),\n \t\t\t \ttypes	 returned <|im_end|> \n <|im_start|> assistant \n \tcase  types [TARGET:.Load] Restr ictions Root Only .String ():\n \t \treturn	\tcase types.LoadRestrictionsRootOnly.String():\n\t\treturn types.LoadRestrictionsRootOnly\n\tcase types.LoadRestrictionsNone.String():\n\t\treturn types.LoadRestrictions	"\tcase types.LoadRestrictionsNone.String(), ""none"":\n\t\treturn types.LoadRestrictionsNone\n\tdefault:\n\t\treturn types.LoadRestrictionsRootOnly"	spurious_correlation_results/human_annotation/full_code/test16/generated.go	spurious_correlation_results/human_annotation/full_code/test16/reference.go	spurious_correlation_results/human_annotation/full_code/test16/generated_completion.txt	spurious_correlation_results/human_annotation/full_code/test16/reference_completion.txt	spurious_correlation_results/human_annotation/full_code/test16/prompt.txt			
test46_t2160_s01	2	1	46	test46	2160	"("""	"""cannot update the privateKeyType field without changingRootPKIPath"""	"""cannot update the PrivateKeyType field without changing RootPKIPath"""	1	2159	.Errorf	0.066023	" !=  next .Private KeyType  {\n \t\t \treturn  fmt [SOURCE:.Errorf] ("" cannot  update  the  private KeyType  field  without"	" next .Private KeyType  {\n \t\t \treturn  fmt .Errorf [TARGET:(""] cannot  update  the  private KeyType  field  without  changing"	"\t\tif prev.PrivateKeyType != next.PrivateKeyType {\n\t\t\treturn fmt.Errorf(""cannot update the privateKeyType field without changingRootPKIPath"")\n\t\t}"	"\t\tif prev.PrivateKeyType != next.PrivateKeyType {\n\t\t\treturn fmt.Errorf(""cannot update the PrivateKeyType field without changing RootPKIPath"")\n\t\t}"	spurious_correlation_results/human_annotation/full_code/test46/generated.go	spurious_correlation_results/human_annotation/full_code/test46/reference.go	spurious_correlation_results/human_annotation/full_code/test46/generated_completion.txt	spurious_correlation_results/human_annotation/full_code/test46/reference_completion.txt	spurious_correlation_results/human_annotation/full_code/test46/prompt.txt			
test46_t2160_s02	2	2	46	test46	2160	"("""	"""cannot update the privateKeyType field without changingRootPKIPath"""	"""cannot update the PrivateKeyType field without changing RootPKIPath"""	2	2103	.Errorf	0.019849	" next .Private Key Bits  {\n \t\t \treturn  fmt [SOURCE:.Errorf] ("" cannot  update  the  Private Key Bits  field"	" next .Private KeyType  {\n \t\t \treturn  fmt .Errorf [TARGET:(""] cannot  update  the  private KeyType  field  without  changing"	"\t\tif prev.PrivateKeyType != next.PrivateKeyType {\n\t\t\treturn fmt.Errorf(""cannot update the privateKeyType field without changingRootPKIPath"")\n\t\t}"	"\t\tif prev.PrivateKeyType != next.PrivateKeyType {\n\t\t\treturn fmt.Errorf(""cannot update the PrivateKeyType field without changing RootPKIPath"")\n\t\t}"	spurious_correlation_results/human_annotation/full_code/test46/generated.go	spurious_correlation_results/human_annotation/full_code/test46/reference.go	spurious_correlation_results/human_annotation/full_code/test46/generated_completion.txt	spurious_correlation_results/human_annotation/full_code/test46/reference_completion.txt	spurious_correlation_results/human_annotation/full_code/test46/prompt.txt			
test46_t2160_s03	2	3	46	test46	2160	"("""	"""cannot update the privateKeyType field without changingRootPKIPath"""	"""cannot update the PrivateKeyType field without changing RootPKIPath"""	3	1972	.Errorf	0.008823	"\tif  err  !=  nil  {\n \t \treturn  fmt [SOURCE:.Errorf] ("" failed  to  parse  existing  CA  config :"	" next .Private KeyType  {\n \t\t \treturn  fmt .Errorf [TARGET:(""] cannot  update  the  private KeyType  field  without  changing"	"\t\tif prev.PrivateKeyType != next.PrivateKeyType {\n\t\t\treturn fmt.Errorf(""cannot update the privateKeyType field without changingRootPKIPath"")\n\t\t}"	"\t\tif prev.PrivateKeyType != next.PrivateKeyType {\n\t\t\treturn fmt.Errorf(""cannot update the PrivateKeyType field without changing RootPKIPath"")\n\t\t}"	spurious_correlation_results/human_annotation/full_code/test46/generated.go	spurious_correlation_results/human_annotation/full_code/test46/reference.go	spurious_correlation_results/human_annotation/full_code/test46/generated_completion.txt	spurious_correlation_results/human_annotation/full_code/test46/reference_completion.txt	spurious_correlation_results/human_annotation/full_code/test46/prompt.txt			
test46_t2160_s04	2	4	46	test46	2160	"("""	"""cannot update the privateKeyType field without changingRootPKIPath"""	"""cannot update the PrivateKeyType field without changing RootPKIPath"""	4	2029	.Root	0.003609	"w "",  err )\n \t }\n\n \tif  prev [SOURCE:.Root] PK I Path  !=  next .Root PK I"	" next .Private KeyType  {\n \t\t \treturn  fmt .Errorf [TARGET:(""] cannot  update  the  private KeyType  field  without  changing"	"\t\tif prev.PrivateKeyType != next.PrivateKeyType {\n\t\t\treturn fmt.Errorf(""cannot update the privateKeyType field without changingRootPKIPath"")\n\t\t}"	"\t\tif prev.PrivateKeyType != next.PrivateKeyType {\n\t\t\treturn fmt.Errorf(""cannot update the PrivateKeyType field without changing RootPKIPath"")\n\t\t}"	spurious_correlation_results/human_annotation/full_code/test46/generated.go	spurious_correlation_results/human_annotation/full_code/test46/reference.go	spurious_correlation_results/human_annotation/full_code/test46/generated_completion.txt	spurious_correlation_results/human_annotation/full_code/test46/reference_completion.txt	spurious_correlation_results/human_annotation/full_code/test46/prompt.txt			
test46_t2160_s05	2	5	46	test46	2160	"("""	"""cannot update the privateKeyType field without changingRootPKIPath"""	"""cannot update the PrivateKeyType field without changing RootPKIPath"""	5	1908	 Validate	0.006264	 complete  func  ( v  * Vault Provider ) [SOURCE: Validate] Config Update (( prev Raw  * ast .Map	" next .Private KeyType  {\n \t\t \treturn  fmt .Errorf [TARGET:(""] cannot  update  the  private KeyType  field  without  changing"	"\t\tif prev.PrivateKeyType != next.PrivateKeyType {\n\t\t\treturn fmt.Errorf(""cannot update the privateKeyType field without changingRootPKIPath"")\n\t\t}"	"\t\tif prev.PrivateKeyType != next.PrivateKeyType {\n\t\t\treturn fmt.Errorf(""cannot update the PrivateKeyType field without changing RootPKIPath"")\n\t\t}"	spurious_correlation_results/human_annotation/full_code/test46/generated.go	spurious_correlation_results/human_annotation/full_code/test46/reference.go	spurious_correlation_results/human_annotation/full_code/test46/generated_completion.txt	spurious_correlation_results/human_annotation/full_code/test46/reference_completion.txt	spurious_correlation_results/human_annotation/full_code/test46/prompt.txt			
test46_t2160_s06	2	6	46	test46	2160	"("""	"""cannot update the privateKeyType field without changingRootPKIPath"""	"""cannot update the PrivateKeyType field without changing RootPKIPath"""	6	2111	 field	0.00093	".Errorf ("" cannot  update  the  Private Key Bits [SOURCE: field]  without  changing  Root PK I Path "")\n \t"	" next .Private KeyType  {\n \t\t \treturn  fmt .Errorf [TARGET:(""] cannot  update  the  private KeyType  field  without  changing"	"\t\tif prev.PrivateKeyType != next.PrivateKeyType {\n\t\t\treturn fmt.Errorf(""cannot update the privateKeyType field without changingRootPKIPath"")\n\t\t}"	"\t\tif prev.PrivateKeyType != next.PrivateKeyType {\n\t\t\treturn fmt.Errorf(""cannot update the PrivateKeyType field without changing RootPKIPath"")\n\t\t}"	spurious_correlation_results/human_annotation/full_code/test46/generated.go	spurious_correlation_results/human_annotation/full_code/test46/reference.go	spurious_correlation_results/human_annotation/full_code/test46/generated_completion.txt	spurious_correlation_results/human_annotation/full_code/test46/reference_completion.txt	spurious_correlation_results/human_annotation/full_code/test46/prompt.txt			
test46_t2160_s07	2	7	46	test46	2160	"("""	"""cannot update the privateKeyType field without changingRootPKIPath"""	"""cannot update the PrivateKeyType field without changing RootPKIPath"""	7	2073	Bits	0.005066	>   \t }\n\n \tif  prev .Private Key [SOURCE:Bits]  !=   0  &&  prev .Private Key Bits	" next .Private KeyType  {\n \t\t \treturn  fmt .Errorf [TARGET:(""] cannot  update  the  private KeyType  field  without  changing"	"\t\tif prev.PrivateKeyType != next.PrivateKeyType {\n\t\t\treturn fmt.Errorf(""cannot update the privateKeyType field without changingRootPKIPath"")\n\t\t}"	"\t\tif prev.PrivateKeyType != next.PrivateKeyType {\n\t\t\treturn fmt.Errorf(""cannot update the PrivateKeyType field without changing RootPKIPath"")\n\t\t}"	spurious_correlation_results/human_annotation/full_code/test46/generated.go	spurious_correlation_results/human_annotation/full_code/test46/reference.go	spurious_correlation_results/human_annotation/full_code/test46/generated_completion.txt	spurious_correlation_results/human_annotation/full_code/test46/reference_completion.txt	spurious_correlation_results/human_annotation/full_code/test46/prompt.txt			
test46_t2160_s08	2	8	46	test46	2160	"("""	"""cannot update the privateKeyType field without changingRootPKIPath"""	"""cannot update the PrivateKeyType field without changing RootPKIPath"""	8	2057	 connect	0.002388	"KeyType  !=  """"  &&  prev .Private KeyType  != [SOURCE: connect] .Default PrivateKey Type  {  < M ID >"	" next .Private KeyType  {\n \t\t \treturn  fmt .Errorf [TARGET:(""] cannot  update  the  private KeyType  field  without  changing"	"\t\tif prev.PrivateKeyType != next.PrivateKeyType {\n\t\t\treturn fmt.Errorf(""cannot update the privateKeyType field without changingRootPKIPath"")\n\t\t}"	"\t\tif prev.PrivateKeyType != next.PrivateKeyType {\n\t\t\treturn fmt.Errorf(""cannot update the PrivateKeyType field without changing RootPKIPath"")\n\t\t}"	spurious_correlation_results/human_annotation/full_code/test46/generated.go	spurious_correlation_results/human_annotation/full_code/test46/reference.go	spurious_correlation_results/human_annotation/full_code/test46/generated_completion.txt	spurious_correlation_results/human_annotation/full_code/test46/reference_completion.txt	spurious_correlation_results/human_annotation/full_code/test46/prompt.txt			
test46_t2160_s09	2	9	46	test46	2160	"("""	"""cannot update the privateKeyType field without changingRootPKIPath"""	"""cannot update the PrivateKeyType field without changing RootPKIPath"""	9	1977	 existing	0.001604	"\t \treturn  fmt .Errorf ("" failed  to  parse [SOURCE: existing]  CA  config :  % w "",  err )\n"	" next .Private KeyType  {\n \t\t \treturn  fmt .Errorf [TARGET:(""] cannot  update  the  private KeyType  field  without  changing"	"\t\tif prev.PrivateKeyType != next.PrivateKeyType {\n\t\t\treturn fmt.Errorf(""cannot update the privateKeyType field without changingRootPKIPath"")\n\t\t}"	"\t\tif prev.PrivateKeyType != next.PrivateKeyType {\n\t\t\treturn fmt.Errorf(""cannot update the PrivateKeyType field without changing RootPKIPath"")\n\t\t}"	spurious_correlation_results/human_annotation/full_code/test46/generated.go	spurious_correlation_results/human_annotation/full_code/test46/reference.go	spurious_correlation_results/human_annotation/full_code/test46/generated_completion.txt	spurious_correlation_results/human_annotation/full_code/test46/reference_completion.txt	spurious_correlation_results/human_annotation/full_code/test46/prompt.txt			
test46_t2160_s10	2	10	46	test46	2160	"("""	"""cannot update the privateKeyType field without changingRootPKIPath"""	"""cannot update the PrivateKeyType field without changing RootPKIPath"""	10	2063	M	0.002858	KeyType  !=  connect .Default PrivateKey Type  {  < [SOURCE:M] ID >   \t }\n\n \tif  prev .Private	" next .Private KeyType  {\n \t\t \treturn  fmt .Errorf [TARGET:(""] cannot  update  the  private KeyType  field  without  changing"	"\t\tif prev.PrivateKeyType != next.PrivateKeyType {\n\t\t\treturn fmt.Errorf(""cannot update the privateKeyType field without changingRootPKIPath"")\n\t\t}"	"\t\tif prev.PrivateKeyType != next.PrivateKeyType {\n\t\t\treturn fmt.Errorf(""cannot update the PrivateKeyType field without changing RootPKIPath"")\n\t\t}"	spurious_correlation_results/human_annotation/full_code/test46/generated.go	spurious_correlation_results/human_annotation/full_code/test46/reference.go	spurious_correlation_results/human_annotation/full_code/test46/generated_completion.txt	spurious_correlation_results/human_annotation/full_code/test46/reference_completion.txt	spurious_correlation_results/human_annotation/full_code/test46/prompt.txt			
test49_t1809_s01	3	1	49	test49	1809	\tif	if	t	1	1656	 Assert	0.011173	 the  function  you  are  asked  to  complete  func [SOURCE: Assert] Expect ations For Objects (( t  Testing T	 are  returned <|im_end|> \n <|im_start|> assistant \n \t\t [TARGET:\tif]  ! m .Assert Expect ations (t )  {\n	"\t\t\tif !m.AssertExpectations(t) {\n\t\t\t\tt.Logf(""Expectations didn't match forMock: %+v"", reflect.TypeOf(m))\n\t\t\t\treturn false"	"\t\t\tt.Logf(""Deprecated mock.AssertExpectationsForObjects(myMock.Mock) use mock.AssertExpectationsForObjects(myMock)"")\n\t\t\tobj = m"	spurious_correlation_results/human_annotation/full_code/test49/generated.go	spurious_correlation_results/human_annotation/full_code/test49/reference.go	spurious_correlation_results/human_annotation/full_code/test49/generated_completion.txt	spurious_correlation_results/human_annotation/full_code/test49/reference_completion.txt	spurious_correlation_results/human_annotation/full_code/test49/prompt.txt			
test49_t1809_s02	3	2	49	test49	1809	\tif	if	t	2	1571	\tpanic	0.004744	Time )\n \t }\n\n \tm .mutex .Lock ()\n [SOURCE:\tpanic] Msg  :=  call .P anic Msg \n \tm	 are  returned <|im_end|> \n <|im_start|> assistant \n \t\t [TARGET:\tif]  ! m .Assert Expect ations (t )  {\n	"\t\t\tif !m.AssertExpectations(t) {\n\t\t\t\tt.Logf(""Expectations didn't match forMock: %+v"", reflect.TypeOf(m))\n\t\t\t\treturn false"	"\t\t\tt.Logf(""Deprecated mock.AssertExpectationsForObjects(myMock.Mock) use mock.AssertExpectationsForObjects(myMock)"")\n\t\t\tobj = m"	spurious_correlation_results/human_annotation/full_code/test49/generated.go	spurious_correlation_results/human_annotation/full_code/test49/reference.go	spurious_correlation_results/human_annotation/full_code/test49/generated_completion.txt	spurious_correlation_results/human_annotation/full_code/test49/reference_completion.txt	spurious_correlation_results/human_annotation/full_code/test49/prompt.txt			
test49_t1809_s03	3	3	49	test49	1809	\tif	if	t	3	357	Mock	0.009357	\treturn  false \n }\n\n func  ( m  * [SOURCE:Mock] )  find Close st Call (method  string ,	 are  returned <|im_end|> \n <|im_start|> assistant \n \t\t [TARGET:\tif]  ! m .Assert Expect ations (t )  {\n	"\t\t\tif !m.AssertExpectations(t) {\n\t\t\t\tt.Logf(""Expectations didn't match forMock: %+v"", reflect.TypeOf(m))\n\t\t\t\treturn false"	"\t\t\tt.Logf(""Deprecated mock.AssertExpectationsForObjects(myMock.Mock) use mock.AssertExpectationsForObjects(myMock)"")\n\t\t\tobj = m"	spurious_correlation_results/human_annotation/full_code/test49/generated.go	spurious_correlation_results/human_annotation/full_code/test49/reference.go	spurious_correlation_results/human_annotation/full_code/test49/generated_completion.txt	spurious_correlation_results/human_annotation/full_code/test49/reference_completion.txt	spurious_correlation_results/human_annotation/full_code/test49/prompt.txt			
test49_t1809_s04	3	4	49	test49	1809	\tif	if	t	4	1660	Objects	0.004413	 asked  to  complete  func  Assert Expect ations For [SOURCE:Objects] (( t  Testing T ,  test Objects  *	 are  returned <|im_end|> \n <|im_start|> assistant \n \t\t [TARGET:\tif]  ! m .Assert Expect ations (t )  {\n	"\t\t\tif !m.AssertExpectations(t) {\n\t\t\t\tt.Logf(""Expectations didn't match forMock: %+v"", reflect.TypeOf(m))\n\t\t\t\treturn false"	"\t\t\tt.Logf(""Deprecated mock.AssertExpectationsForObjects(myMock.Mock) use mock.AssertExpectationsForObjects(myMock)"")\n\t\t\tobj = m"	spurious_correlation_results/human_annotation/full_code/test49/generated.go	spurious_correlation_results/human_annotation/full_code/test49/reference.go	spurious_correlation_results/human_annotation/full_code/test49/generated_completion.txt	spurious_correlation_results/human_annotation/full_code/test49/reference_completion.txt	spurious_correlation_results/human_annotation/full_code/test49/prompt.txt			
test49_t1809_s05	3	5	49	test49	1809	\tif	if	t	5	1678	Expect	0.004246	.E ll ipsis ))  bool \n func  Assert [SOURCE:Expect] ations For Objects (t  Testing T ,  test	 are  returned <|im_end|> \n <|im_start|> assistant \n \t\t [TARGET:\tif]  ! m .Assert Expect ations (t )  {\n	"\t\t\tif !m.AssertExpectations(t) {\n\t\t\t\tt.Logf(""Expectations didn't match forMock: %+v"", reflect.TypeOf(m))\n\t\t\t\treturn false"	"\t\t\tt.Logf(""Deprecated mock.AssertExpectationsForObjects(myMock.Mock) use mock.AssertExpectationsForObjects(myMock)"")\n\t\t\tobj = m"	spurious_correlation_results/human_annotation/full_code/test49/generated.go	spurious_correlation_results/human_annotation/full_code/test49/reference.go	spurious_correlation_results/human_annotation/full_code/test49/generated_completion.txt	spurious_correlation_results/human_annotation/full_code/test49/reference_completion.txt	spurious_correlation_results/human_annotation/full_code/test49/prompt.txt			
test49_t1809_s06	3	6	49	test49	1809	\tif	if	t	6	104	reflect	0.003455	""";  "" fmt "";  "" path "";  "" [SOURCE:reflect] "";  "" regexp "";  "" runtime "";  """	 are  returned <|im_end|> \n <|im_start|> assistant \n \t\t [TARGET:\tif]  ! m .Assert Expect ations (t )  {\n	"\t\t\tif !m.AssertExpectations(t) {\n\t\t\t\tt.Logf(""Expectations didn't match forMock: %+v"", reflect.TypeOf(m))\n\t\t\t\treturn false"	"\t\t\tt.Logf(""Deprecated mock.AssertExpectationsForObjects(myMock.Mock) use mock.AssertExpectationsForObjects(myMock)"")\n\t\t\tobj = m"	spurious_correlation_results/human_annotation/full_code/test49/generated.go	spurious_correlation_results/human_annotation/full_code/test49/reference.go	spurious_correlation_results/human_annotation/full_code/test49/generated_completion.txt	spurious_correlation_results/human_annotation/full_code/test49/reference_completion.txt	spurious_correlation_results/human_annotation/full_code/test49/prompt.txt			
test49_t1809_s07	3	7	49	test49	1809	\tif	if	t	7	1507	alls	0.001017	\t //  add  the  call \n \tm .C [SOURCE:alls]  =  append (m .C alls ,  * new	 are  returned <|im_end|> \n <|im_start|> assistant \n \t\t [TARGET:\tif]  ! m .Assert Expect ations (t )  {\n	"\t\t\tif !m.AssertExpectations(t) {\n\t\t\t\tt.Logf(""Expectations didn't match forMock: %+v"", reflect.TypeOf(m))\n\t\t\t\treturn false"	"\t\t\tt.Logf(""Deprecated mock.AssertExpectationsForObjects(myMock.Mock) use mock.AssertExpectationsForObjects(myMock)"")\n\t\t\tobj = m"	spurious_correlation_results/human_annotation/full_code/test49/generated.go	spurious_correlation_results/human_annotation/full_code/test49/reference.go	spurious_correlation_results/human_annotation/full_code/test49/generated_completion.txt	spurious_correlation_results/human_annotation/full_code/test49/reference_completion.txt	spurious_correlation_results/human_annotation/full_code/test49/prompt.txt			
test49_t1809_s08	3	8	49	test49	1809	\tif	if	t	8	1760	.Logf	0.002877	".Assert Expect ations (t )  {\n \t\t \tt [SOURCE:.Logf] ("" Expect ations  didn 't  match  for  Mock"	 are  returned <|im_end|> \n <|im_start|> assistant \n \t\t [TARGET:\tif]  ! m .Assert Expect ations (t )  {\n	"\t\t\tif !m.AssertExpectations(t) {\n\t\t\t\tt.Logf(""Expectations didn't match forMock: %+v"", reflect.TypeOf(m))\n\t\t\t\treturn false"	"\t\t\tt.Logf(""Deprecated mock.AssertExpectationsForObjects(myMock.Mock) use mock.AssertExpectationsForObjects(myMock)"")\n\t\t\tobj = m"	spurious_correlation_results/human_annotation/full_code/test49/generated.go	spurious_correlation_results/human_annotation/full_code/test49/reference.go	spurious_correlation_results/human_annotation/full_code/test49/generated_completion.txt	spurious_correlation_results/human_annotation/full_code/test49/reference_completion.txt	spurious_correlation_results/human_annotation/full_code/test49/prompt.txt			
test49_t1809_s09	3	9	49	test49	1809	\tif	if	t	9	1681	Objects	0.001539	))  bool \n func  Assert Expect ations For [SOURCE:Objects] (t  Testing T ,  test Objects  ... interface	 are  returned <|im_end|> \n <|im_start|> assistant \n \t\t [TARGET:\tif]  ! m .Assert Expect ations (t )  {\n	"\t\t\tif !m.AssertExpectations(t) {\n\t\t\t\tt.Logf(""Expectations didn't match forMock: %+v"", reflect.TypeOf(m))\n\t\t\t\treturn false"	"\t\t\tt.Logf(""Deprecated mock.AssertExpectationsForObjects(myMock.Mock) use mock.AssertExpectationsForObjects(myMock)"")\n\t\t\tobj = m"	spurious_correlation_results/human_annotation/full_code/test49/generated.go	spurious_correlation_results/human_annotation/full_code/test49/reference.go	spurious_correlation_results/human_annotation/full_code/test49/generated_completion.txt	spurious_correlation_results/human_annotation/full_code/test49/reference_completion.txt	spurious_correlation_results/human_annotation/full_code/test49/prompt.txt			
test49_t1809_s10	3	10	49	test49	1809	\tif	if	t	10	1658	ations	0.006081	 you  are  asked  to  complete  func  Assert Expect [SOURCE:ations] For Objects (( t  Testing T ,  test	 are  returned <|im_end|> \n <|im_start|> assistant \n \t\t [TARGET:\tif]  ! m .Assert Expect ations (t )  {\n	"\t\t\tif !m.AssertExpectations(t) {\n\t\t\t\tt.Logf(""Expectations didn't match forMock: %+v"", reflect.TypeOf(m))\n\t\t\t\treturn false"	"\t\t\tt.Logf(""Deprecated mock.AssertExpectationsForObjects(myMock.Mock) use mock.AssertExpectationsForObjects(myMock)"")\n\t\t\tobj = m"	spurious_correlation_results/human_annotation/full_code/test49/generated.go	spurious_correlation_results/human_annotation/full_code/test49/reference.go	spurious_correlation_results/human_annotation/full_code/test49/generated_completion.txt	spurious_correlation_results/human_annotation/full_code/test49/reference_completion.txt	spurious_correlation_results/human_annotation/full_code/test49/prompt.txt			
test6_t783_s01	4	1	6	test6	783	"("""	"""invalid configuration, multiple packages with the same name: pkg=%s"""	"""invalid configuration, multiple aliases for the same package: pkg=%s aliases=[%s,%s]"""	1	782	.Errorf	0.040401	"<|im_start|> assistant \n \t\t\t \tl int Ctx .Log [SOURCE:.Errorf] ("" invalid  configuration ,  multiple  packages  with  the"	"assistant \n \t\t\t \tl int Ctx .Log .Errorf [TARGET:(""] invalid  configuration ,  multiple  packages  with  the  same"	"\t\t\t\tlintCtx.Log.Errorf(""invalid configuration, multiple packages with the same name: pkg=%s"", a.Pkg)\n\t\t\t\tcontinue"	"\t\t\t\tlintCtx.Log.Errorf(""invalid configuration, multiple aliases for the same package: pkg=%s aliases=[%s,%s]"", a.Pkg, a.Alias, v.Alias)\n\t\t\t} else {\n\t\t\t\tuniqPackages[a.Pkg] = a"	spurious_correlation_results/human_annotation/full_code/test6/generated.go	spurious_correlation_results/human_annotation/full_code/test6/reference.go	spurious_correlation_results/human_annotation/full_code/test6/generated_completion.txt	spurious_correlation_results/human_annotation/full_code/test6/reference_completion.txt	spurious_correlation_results/human_annotation/full_code/test6/prompt.txt			
test6_t783_s02	4	2	6	test6	783	"("""	"""invalid configuration, multiple packages with the same name: pkg=%s"""	"""invalid configuration, multiple aliases for the same package: pkg=%s aliases=[%s,%s]"""	2	271	\tan	0.003237	Settings )  * go analysis .L inter  {\n [SOURCE:\tan] alyzer  :=  import as .An alyzer \n\n \treturn	"assistant \n \t\t\t \tl int Ctx .Log .Errorf [TARGET:(""] invalid  configuration ,  multiple  packages  with  the  same"	"\t\t\t\tlintCtx.Log.Errorf(""invalid configuration, multiple packages with the same name: pkg=%s"", a.Pkg)\n\t\t\t\tcontinue"	"\t\t\t\tlintCtx.Log.Errorf(""invalid configuration, multiple aliases for the same package: pkg=%s aliases=[%s,%s]"", a.Pkg, a.Alias, v.Alias)\n\t\t\t} else {\n\t\t\t\tuniqPackages[a.Pkg] = a"	spurious_correlation_results/human_annotation/full_code/test6/generated.go	spurious_correlation_results/human_annotation/full_code/test6/reference.go	spurious_correlation_results/human_annotation/full_code/test6/generated_completion.txt	spurious_correlation_results/human_annotation/full_code/test6/reference_completion.txt	spurious_correlation_results/human_annotation/full_code/test6/prompt.txt			
test6_t783_s03	4	3	6	test6	783	"("""	"""invalid configuration, multiple packages with the same name: pkg=%s"""	"""invalid configuration, multiple aliases for the same package: pkg=%s aliases=[%s,%s]"""	3	468	Packages	0.002926	 err )\n \t \t }\n\n \t \t uniq [SOURCE:Packages]  :=  make (map [string ] config .Import As	"assistant \n \t\t\t \tl int Ctx .Log .Errorf [TARGET:(""] invalid  configuration ,  multiple  packages  with  the  same"	"\t\t\t\tlintCtx.Log.Errorf(""invalid configuration, multiple packages with the same name: pkg=%s"", a.Pkg)\n\t\t\t\tcontinue"	"\t\t\t\tlintCtx.Log.Errorf(""invalid configuration, multiple aliases for the same package: pkg=%s aliases=[%s,%s]"", a.Pkg, a.Alias, v.Alias)\n\t\t\t} else {\n\t\t\t\tuniqPackages[a.Pkg] = a"	spurious_correlation_results/human_annotation/full_code/test6/generated.go	spurious_correlation_results/human_annotation/full_code/test6/reference.go	spurious_correlation_results/human_annotation/full_code/test6/generated_completion.txt	spurious_correlation_results/human_annotation/full_code/test6/reference_completion.txt	spurious_correlation_results/human_annotation/full_code/test6/prompt.txt			
test6_t783_s04	4	4	6	test6	783	"("""	"""invalid configuration, multiple packages with the same name: pkg=%s"""	"""invalid configuration, multiple aliases for the same package: pkg=%s aliases=[%s,%s]"""	4	105	fmt	0.003569	"/  Below  is  the  imported  package  path  "" [SOURCE:fmt] "";  "" strconv "";  "" strings "";  """	"assistant \n \t\t\t \tl int Ctx .Log .Errorf [TARGET:(""] invalid  configuration ,  multiple  packages  with  the  same"	"\t\t\t\tlintCtx.Log.Errorf(""invalid configuration, multiple packages with the same name: pkg=%s"", a.Pkg)\n\t\t\t\tcontinue"	"\t\t\t\tlintCtx.Log.Errorf(""invalid configuration, multiple aliases for the same package: pkg=%s aliases=[%s,%s]"", a.Pkg, a.Alias, v.Alias)\n\t\t\t} else {\n\t\t\t\tuniqPackages[a.Pkg] = a"	spurious_correlation_results/human_annotation/full_code/test6/generated.go	spurious_correlation_results/human_annotation/full_code/test6/reference.go	spurious_correlation_results/human_annotation/full_code/test6/generated_completion.txt	spurious_correlation_results/human_annotation/full_code/test6/reference_completion.txt	spurious_correlation_results/human_annotation/full_code/test6/prompt.txt			
test6_t783_s05	4	5	6	test6	783	"("""	"""invalid configuration, multiple packages with the same name: pkg=%s"""	"""invalid configuration, multiple aliases for the same package: pkg=%s aliases=[%s,%s]"""	5	308	\tnil	0.002749	analysis .An alyzer { an alyzer },\n \t [SOURCE:\tnil] ,\n \t ). WithContext Setter (func (l int	"assistant \n \t\t\t \tl int Ctx .Log .Errorf [TARGET:(""] invalid  configuration ,  multiple  packages  with  the  same"	"\t\t\t\tlintCtx.Log.Errorf(""invalid configuration, multiple packages with the same name: pkg=%s"", a.Pkg)\n\t\t\t\tcontinue"	"\t\t\t\tlintCtx.Log.Errorf(""invalid configuration, multiple aliases for the same package: pkg=%s aliases=[%s,%s]"", a.Pkg, a.Alias, v.Alias)\n\t\t\t} else {\n\t\t\t\tuniqPackages[a.Pkg] = a"	spurious_correlation_results/human_annotation/full_code/test6/generated.go	spurious_correlation_results/human_annotation/full_code/test6/reference.go	spurious_correlation_results/human_annotation/full_code/test6/generated_completion.txt	spurious_correlation_results/human_annotation/full_code/test6/reference_completion.txt	spurious_correlation_results/human_annotation/full_code/test6/prompt.txt			
test6_t783_s06	4	6	6	test6	783	"("""	"""invalid configuration, multiple packages with the same name: pkg=%s"""	"""invalid configuration, multiple aliases for the same package: pkg=%s aliases=[%s,%s]"""	6	516	.Errorf	0.021028	" ==  """"  {\n \t\t\t \tl int Ctx .Log [SOURCE:.Errorf] ("" invalid  configuration ,  empty  package :  pkg"	"assistant \n \t\t\t \tl int Ctx .Log .Errorf [TARGET:(""] invalid  configuration ,  multiple  packages  with  the  same"	"\t\t\t\tlintCtx.Log.Errorf(""invalid configuration, multiple packages with the same name: pkg=%s"", a.Pkg)\n\t\t\t\tcontinue"	"\t\t\t\tlintCtx.Log.Errorf(""invalid configuration, multiple aliases for the same package: pkg=%s aliases=[%s,%s]"", a.Pkg, a.Alias, v.Alias)\n\t\t\t} else {\n\t\t\t\tuniqPackages[a.Pkg] = a"	spurious_correlation_results/human_annotation/full_code/test6/generated.go	spurious_correlation_results/human_annotation/full_code/test6/reference.go	spurious_correlation_results/human_annotation/full_code/test6/generated_completion.txt	spurious_correlation_results/human_annotation/full_code/test6/reference_completion.txt	spurious_correlation_results/human_annotation/full_code/test6/prompt.txt			
test6_t783_s07	4	7	6	test6	783	"("""	"""invalid configuration, multiple packages with the same name: pkg=%s"""	"""invalid configuration, multiple aliases for the same package: pkg=%s aliases=[%s,%s]"""	7	764	 marked	0.00119	Info )\n }  Ensure  that  only  missing  codes [SOURCE: marked]  as  < M ID >  are  returned <|im_end|>	"assistant \n \t\t\t \tl int Ctx .Log .Errorf [TARGET:(""] invalid  configuration ,  multiple  packages  with  the  same"	"\t\t\t\tlintCtx.Log.Errorf(""invalid configuration, multiple packages with the same name: pkg=%s"", a.Pkg)\n\t\t\t\tcontinue"	"\t\t\t\tlintCtx.Log.Errorf(""invalid configuration, multiple aliases for the same package: pkg=%s aliases=[%s,%s]"", a.Pkg, a.Alias, v.Alias)\n\t\t\t} else {\n\t\t\t\tuniqPackages[a.Pkg] = a"	spurious_correlation_results/human_annotation/full_code/test6/generated.go	spurious_correlation_results/human_annotation/full_code/test6/reference.go	spurious_correlation_results/human_annotation/full_code/test6/generated_completion.txt	spurious_correlation_results/human_annotation/full_code/test6/reference_completion.txt	spurious_correlation_results/human_annotation/full_code/test6/prompt.txt			
test6_t783_s08	4	8	6	test6	783	"("""	"""invalid configuration, multiple packages with the same name: pkg=%s"""	"""invalid configuration, multiple aliases for the same package: pkg=%s aliases=[%s,%s]"""	8	702	 fmt	0.001298	"\terr  :=  analyzer .Flags .Set ("" alias "", [SOURCE: fmt] .Sprintf (""% s :% s "",  a .P"	"assistant \n \t\t\t \tl int Ctx .Log .Errorf [TARGET:(""] invalid  configuration ,  multiple  packages  with  the  same"	"\t\t\t\tlintCtx.Log.Errorf(""invalid configuration, multiple packages with the same name: pkg=%s"", a.Pkg)\n\t\t\t\tcontinue"	"\t\t\t\tlintCtx.Log.Errorf(""invalid configuration, multiple aliases for the same package: pkg=%s aliases=[%s,%s]"", a.Pkg, a.Alias, v.Alias)\n\t\t\t} else {\n\t\t\t\tuniqPackages[a.Pkg] = a"	spurious_correlation_results/human_annotation/full_code/test6/generated.go	spurious_correlation_results/human_annotation/full_code/test6/reference.go	spurious_correlation_results/human_annotation/full_code/test6/generated_completion.txt	spurious_correlation_results/human_annotation/full_code/test6/reference_completion.txt	spurious_correlation_results/human_annotation/full_code/test6/prompt.txt			
test6_t783_s09	4	9	6	test6	783	"("""	"""invalid configuration, multiple packages with the same name: pkg=%s"""	"""invalid configuration, multiple aliases for the same package: pkg=%s aliases=[%s,%s]"""	9	474	config	0.00106	\t uniq Packages  :=  make (map [string ] [SOURCE:config] .Import As Alias )\n \t \t uniq Aliases	"assistant \n \t\t\t \tl int Ctx .Log .Errorf [TARGET:(""] invalid  configuration ,  multiple  packages  with  the  same"	"\t\t\t\tlintCtx.Log.Errorf(""invalid configuration, multiple packages with the same name: pkg=%s"", a.Pkg)\n\t\t\t\tcontinue"	"\t\t\t\tlintCtx.Log.Errorf(""invalid configuration, multiple aliases for the same package: pkg=%s aliases=[%s,%s]"", a.Pkg, a.Alias, v.Alias)\n\t\t\t} else {\n\t\t\t\tuniqPackages[a.Pkg] = a"	spurious_correlation_results/human_annotation/full_code/test6/generated.go	spurious_correlation_results/human_annotation/full_code/test6/reference.go	spurious_correlation_results/human_annotation/full_code/test6/generated_completion.txt	spurious_correlation_results/human_annotation/full_code/test6/reference_completion.txt	spurious_correlation_results/human_annotation/full_code/test6/prompt.txt			
test6_t783_s10	4	10	6	test6	783	"("""	"""invalid configuration, multiple packages with the same name: pkg=%s"""	"""invalid configuration, multiple aliases for the same package: pkg=%s aliases=[%s,%s]"""	10	560	M	0.003289	Packages [a .P kg ];  ok  {  < [SOURCE:M] ID >  \t\t \t }\n\n \t\t \t //	"assistant \n \t\t\t \tl int Ctx .Log .Errorf [TARGET:(""] invalid  configuration ,  multiple  packages  with  the  same"	"\t\t\t\tlintCtx.Log.Errorf(""invalid configuration, multiple packages with the same name: pkg=%s"", a.Pkg)\n\t\t\t\tcontinue"	"\t\t\t\tlintCtx.Log.Errorf(""invalid configuration, multiple aliases for the same package: pkg=%s aliases=[%s,%s]"", a.Pkg, a.Alias, v.Alias)\n\t\t\t} else {\n\t\t\t\tuniqPackages[a.Pkg] = a"	spurious_correlation_results/human_annotation/full_code/test6/generated.go	spurious_correlation_results/human_annotation/full_code/test6/reference.go	spurious_correlation_results/human_annotation/full_code/test6/generated_completion.txt	spurious_correlation_results/human_annotation/full_code/test6/reference_completion.txt	spurious_correlation_results/human_annotation/full_code/test6/prompt.txt			
test42_t4608_s01	5	1	42	test42	4608	.Errorf	Errorf	Warningf	1	4607	eed	0.014261	"<|im_start|> assistant \n \t \tlog .Ch ang ef [SOURCE:eed] .Errorf (ca .C tx (),  "" failed  to"	"assistant \n \t \tlog .Ch ang ef eed [TARGET:.Errorf] (ca .C tx (),  "" failed  to  get"	"\t\tlog.Changefeed.Errorf(ca.Ctx(), ""failed to get SliMetrics: %v"", err)\n\t\treturn"	"\t\tlog.Changefeed.Warningf(ca.Ctx(), ""moving to draining due to error getting sli metrics: %v"", err)\n\t\tca.MoveToDraining(err)\n\t\tca.cancel()\n\t\treturn"	spurious_correlation_results/human_annotation/full_code/test42/generated.go	spurious_correlation_results/human_annotation/full_code/test42/reference.go	spurious_correlation_results/human_annotation/full_code/test42/generated_completion.txt	spurious_correlation_results/human_annotation/full_code/test42/reference_completion.txt	spurious_correlation_results/human_annotation/full_code/test42/prompt.txt			
test42_t4608_s02	5	2	42	test42	4608	.Errorf	Errorf	Warningf	2	3440	.Warning	0.028504	" nil  {\n \t \tlog .Ch ang ef eed [SOURCE:.Warning] f (ca .C tx (),  "" moving  to"	"assistant \n \t \tlog .Ch ang ef eed [TARGET:.Errorf] (ca .C tx (),  "" failed  to  get"	"\t\tlog.Changefeed.Errorf(ca.Ctx(), ""failed to get SliMetrics: %v"", err)\n\t\treturn"	"\t\tlog.Changefeed.Warningf(ca.Ctx(), ""moving to draining due to error getting sli metrics: %v"", err)\n\t\tca.MoveToDraining(err)\n\t\tca.cancel()\n\t\treturn"	spurious_correlation_results/human_annotation/full_code/test42/generated.go	spurious_correlation_results/human_annotation/full_code/test42/reference.go	spurious_correlation_results/human_annotation/full_code/test42/generated_completion.txt	spurious_correlation_results/human_annotation/full_code/test42/reference_completion.txt	spurious_correlation_results/human_annotation/full_code/test42/prompt.txt			
test42_t4608_s03	5	3	42	test42	4608	.Errorf	Errorf	Warningf	3	6	wen	0.011703	<|im_start|> system \n You  are  Q [SOURCE:wen] ,  created  by  Alibaba  Cloud .  You  are	"assistant \n \t \tlog .Ch ang ef eed [TARGET:.Errorf] (ca .C tx (),  "" failed  to  get"	"\t\tlog.Changefeed.Errorf(ca.Ctx(), ""failed to get SliMetrics: %v"", err)\n\t\treturn"	"\t\tlog.Changefeed.Warningf(ca.Ctx(), ""moving to draining due to error getting sli metrics: %v"", err)\n\t\tca.MoveToDraining(err)\n\t\tca.cancel()\n\t\treturn"	spurious_correlation_results/human_annotation/full_code/test42/generated.go	spurious_correlation_results/human_annotation/full_code/test42/reference.go	spurious_correlation_results/human_annotation/full_code/test42/generated_completion.txt	spurious_correlation_results/human_annotation/full_code/test42/reference_completion.txt	spurious_correlation_results/human_annotation/full_code/test42/prompt.txt			
test42_t4608_s04	5	4	42	test42	4608	.Errorf	Errorf	Warningf	4	3565	.Warning	0.008838	" nil  {\n \t \tlog .Ch ang ef eed [SOURCE:.Warning] f (ca .C tx (),  "" moving  to"	"assistant \n \t \tlog .Ch ang ef eed [TARGET:.Errorf] (ca .C tx (),  "" failed  to  get"	"\t\tlog.Changefeed.Errorf(ca.Ctx(), ""failed to get SliMetrics: %v"", err)\n\t\treturn"	"\t\tlog.Changefeed.Warningf(ca.Ctx(), ""moving to draining due to error getting sli metrics: %v"", err)\n\t\tca.MoveToDraining(err)\n\t\tca.cancel()\n\t\treturn"	spurious_correlation_results/human_annotation/full_code/test42/generated.go	spurious_correlation_results/human_annotation/full_code/test42/reference.go	spurious_correlation_results/human_annotation/full_code/test42/generated_completion.txt	spurious_correlation_results/human_annotation/full_code/test42/reference_completion.txt	spurious_correlation_results/human_annotation/full_code/test42/prompt.txt			
test42_t4608_s05	5	5	42	test42	4608	.Errorf	Errorf	Warningf	5	3441	f	0.00385	" {\n \t \tlog .Ch ang ef eed .Warning [SOURCE:f] (ca .C tx (),  "" moving  to  draining"	"assistant \n \t \tlog .Ch ang ef eed [TARGET:.Errorf] (ca .C tx (),  "" failed  to  get"	"\t\tlog.Changefeed.Errorf(ca.Ctx(), ""failed to get SliMetrics: %v"", err)\n\t\treturn"	"\t\tlog.Changefeed.Warningf(ca.Ctx(), ""moving to draining due to error getting sli metrics: %v"", err)\n\t\tca.MoveToDraining(err)\n\t\tca.cancel()\n\t\treturn"	spurious_correlation_results/human_annotation/full_code/test42/generated.go	spurious_correlation_results/human_annotation/full_code/test42/reference.go	spurious_correlation_results/human_annotation/full_code/test42/generated_completion.txt	spurious_correlation_results/human_annotation/full_code/test42/reference_completion.txt	spurious_correlation_results/human_annotation/full_code/test42/prompt.txt			
test42_t4608_s06	5	6	42	test42	4608	.Errorf	Errorf	Warningf	6	3914	.Warning	0.005379	" nil  {\n \t \tlog .Ch ang ef eed [SOURCE:.Warning] f (ca .C tx (),  "" moving  to"	"assistant \n \t \tlog .Ch ang ef eed [TARGET:.Errorf] (ca .C tx (),  "" failed  to  get"	"\t\tlog.Changefeed.Errorf(ca.Ctx(), ""failed to get SliMetrics: %v"", err)\n\t\treturn"	"\t\tlog.Changefeed.Warningf(ca.Ctx(), ""moving to draining due to error getting sli metrics: %v"", err)\n\t\tca.MoveToDraining(err)\n\t\tca.cancel()\n\t\treturn"	spurious_correlation_results/human_annotation/full_code/test42/generated.go	spurious_correlation_results/human_annotation/full_code/test42/reference.go	spurious_correlation_results/human_annotation/full_code/test42/generated_completion.txt	spurious_correlation_results/human_annotation/full_code/test42/reference_completion.txt	spurious_correlation_results/human_annotation/full_code/test42/prompt.txt			
test42_t4608_s07	5	7	42	test42	4608	.Errorf	Errorf	Warningf	7	3637	.Warning	0.002713	" nil  {\n \t \tlog .Ch ang ef eed [SOURCE:.Warning] f (ca .C tx (),  "" moving  to"	"assistant \n \t \tlog .Ch ang ef eed [TARGET:.Errorf] (ca .C tx (),  "" failed  to  get"	"\t\tlog.Changefeed.Errorf(ca.Ctx(), ""failed to get SliMetrics: %v"", err)\n\t\treturn"	"\t\tlog.Changefeed.Warningf(ca.Ctx(), ""moving to draining due to error getting sli metrics: %v"", err)\n\t\tca.MoveToDraining(err)\n\t\tca.cancel()\n\t\treturn"	spurious_correlation_results/human_annotation/full_code/test42/generated.go	spurious_correlation_results/human_annotation/full_code/test42/reference.go	spurious_correlation_results/human_annotation/full_code/test42/generated_completion.txt	spurious_correlation_results/human_annotation/full_code/test42/reference_completion.txt	spurious_correlation_results/human_annotation/full_code/test42/prompt.txt			
test42_t4608_s08	5	8	42	test42	4608	.Errorf	Errorf	Warningf	8	3229	 And	0.001434	 recorder With Te lemetry ,  nil \n } [SOURCE: And]  here  is  the  function  you  are  asked  to	"assistant \n \t \tlog .Ch ang ef eed [TARGET:.Errorf] (ca .C tx (),  "" failed  to  get"	"\t\tlog.Changefeed.Errorf(ca.Ctx(), ""failed to get SliMetrics: %v"", err)\n\t\treturn"	"\t\tlog.Changefeed.Warningf(ca.Ctx(), ""moving to draining due to error getting sli metrics: %v"", err)\n\t\tca.MoveToDraining(err)\n\t\tca.cancel()\n\t\treturn"	spurious_correlation_results/human_annotation/full_code/test42/generated.go	spurious_correlation_results/human_annotation/full_code/test42/reference.go	spurious_correlation_results/human_annotation/full_code/test42/generated_completion.txt	spurious_correlation_results/human_annotation/full_code/test42/reference_completion.txt	spurious_correlation_results/human_annotation/full_code/test42/prompt.txt			
test42_t4608_s09	5	9	42	test42	4608	.Errorf	Errorf	Warningf	9	4379	.Warning	0.002025	" nil  {\n \t \tlog .Ch ang ef eed [SOURCE:.Warning] f (ca .C tx (),  "" moving  to"	"assistant \n \t \tlog .Ch ang ef eed [TARGET:.Errorf] (ca .C tx (),  "" failed  to  get"	"\t\tlog.Changefeed.Errorf(ca.Ctx(), ""failed to get SliMetrics: %v"", err)\n\t\treturn"	"\t\tlog.Changefeed.Warningf(ca.Ctx(), ""moving to draining due to error getting sli metrics: %v"", err)\n\t\tca.MoveToDraining(err)\n\t\tca.cancel()\n\t\treturn"	spurious_correlation_results/human_annotation/full_code/test42/generated.go	spurious_correlation_results/human_annotation/full_code/test42/reference.go	spurious_correlation_results/human_annotation/full_code/test42/generated_completion.txt	spurious_correlation_results/human_annotation/full_code/test42/reference_completion.txt	spurious_correlation_results/human_annotation/full_code/test42/prompt.txt			
test42_t4608_s10	5	10	42	test42	4608	.Errorf	Errorf	Warningf	10	4017	.Warning	0.001628	"(err )\n \t \tlog .Ch ang ef eed [SOURCE:.Warning] f (ca .C tx (),  "" moving  to"	"assistant \n \t \tlog .Ch ang ef eed [TARGET:.Errorf] (ca .C tx (),  "" failed  to  get"	"\t\tlog.Changefeed.Errorf(ca.Ctx(), ""failed to get SliMetrics: %v"", err)\n\t\treturn"	"\t\tlog.Changefeed.Warningf(ca.Ctx(), ""moving to draining due to error getting sli metrics: %v"", err)\n\t\tca.MoveToDraining(err)\n\t\tca.cancel()\n\t\treturn"	spurious_correlation_results/human_annotation/full_code/test42/generated.go	spurious_correlation_results/human_annotation/full_code/test42/reference.go	spurious_correlation_results/human_annotation/full_code/test42/generated_completion.txt	spurious_correlation_results/human_annotation/full_code/test42/reference_completion.txt	spurious_correlation_results/human_annotation/full_code/test42/prompt.txt			
test69_t1081_s01	6	1	69	test69	1081	\tlog	log	if	1	218	""";"	0.001326	"roach db / cock roach /pkg /util /log [SOURCE:"";]  "" github .com / cock roach db /errors"	" are  returned <|im_end|> \n <|im_start|> assistant \n \t [TARGET:\tlog] .K v Exec .Fatalf (ctx ,  "" unexpected"	"\t\tlog.KvExec.Fatalf(ctx, ""unexpected error pruning sideloaded file %s: %v"",\n\t\t\tfilename, err)"	\t\tif oserror.IsNotExist(err) {\n\t\t\treturn 0, errSideloadedFileNotFound\n\t\t}\n\t\treturn 0, err	spurious_correlation_results/human_annotation/full_code/test69/generated.go	spurious_correlation_results/human_annotation/full_code/test69/reference.go	spurious_correlation_results/human_annotation/full_code/test69/generated_completion.txt	spurious_correlation_results/human_annotation/full_code/test69/reference_completion.txt	spurious_correlation_results/human_annotation/full_code/test69/prompt.txt			
test69_t1081_s02	6	2	69	test69	1081	\tlog	log	if	2	217	/log	0.002813	"cock roach db / cock roach /pkg /util [SOURCE:/log] "";  "" github .com / cock roach db"	" are  returned <|im_end|> \n <|im_start|> assistant \n \t [TARGET:\tlog] .K v Exec .Fatalf (ctx ,  "" unexpected"	"\t\tlog.KvExec.Fatalf(ctx, ""unexpected error pruning sideloaded file %s: %v"",\n\t\t\tfilename, err)"	\t\tif oserror.IsNotExist(err) {\n\t\t\treturn 0, errSideloadedFileNotFound\n\t\t}\n\t\treturn 0, err	spurious_correlation_results/human_annotation/full_code/test69/generated.go	spurious_correlation_results/human_annotation/full_code/test69/reference.go	spurious_correlation_results/human_annotation/full_code/test69/generated_completion.txt	spurious_correlation_results/human_annotation/full_code/test69/reference_completion.txt	spurious_correlation_results/human_annotation/full_code/test69/prompt.txt			
test69_t1081_s03	6	3	69	test69	1081	\tlog	log	if	3	1039	 :=	0.009414	0 ,  err \n \t }\n \tif  err [SOURCE: :=]  ss .fs .Remove (filename );  err  !=  nil	" are  returned <|im_end|> \n <|im_start|> assistant \n \t [TARGET:\tlog] .K v Exec .Fatalf (ctx ,  "" unexpected"	"\t\tlog.KvExec.Fatalf(ctx, ""unexpected error pruning sideloaded file %s: %v"",\n\t\t\tfilename, err)"	\t\tif oserror.IsNotExist(err) {\n\t\t\treturn 0, errSideloadedFileNotFound\n\t\t}\n\t\treturn 0, err	spurious_correlation_results/human_annotation/full_code/test69/generated.go	spurious_correlation_results/human_annotation/full_code/test69/reference.go	spurious_correlation_results/human_annotation/full_code/test69/generated_completion.txt	spurious_correlation_results/human_annotation/full_code/test69/reference_completion.txt	spurious_correlation_results/human_annotation/full_code/test69/prompt.txt			
test69_t1081_s04	6	4	69	test69	1081	\tlog	log	if	4	80	/log	0.003526	cock roach /pkg /k v /k v server [SOURCE:/log] store  Below  is  the  code  repository :  github	" are  returned <|im_end|> \n <|im_start|> assistant \n \t [TARGET:\tlog] .K v Exec .Fatalf (ctx ,  "" unexpected"	"\t\tlog.KvExec.Fatalf(ctx, ""unexpected error pruning sideloaded file %s: %v"",\n\t\t\tfilename, err)"	\t\tif oserror.IsNotExist(err) {\n\t\t\treturn 0, errSideloadedFileNotFound\n\t\t}\n\t\treturn 0, err	spurious_correlation_results/human_annotation/full_code/test69/generated.go	spurious_correlation_results/human_annotation/full_code/test69/reference.go	spurious_correlation_results/human_annotation/full_code/test69/generated_completion.txt	spurious_correlation_results/human_annotation/full_code/test69/reference_completion.txt	spurious_correlation_results/human_annotation/full_code/test69/prompt.txt			
test69_t1081_s05	6	5	69	test69	1081	\tlog	log	if	5	105	context	0.003135	"/  Below  is  the  imported  package  path  "" [SOURCE:context] "";  "" fmt "";  "" os "";  """	" are  returned <|im_end|> \n <|im_start|> assistant \n \t [TARGET:\tlog] .K v Exec .Fatalf (ctx ,  "" unexpected"	"\t\tlog.KvExec.Fatalf(ctx, ""unexpected error pruning sideloaded file %s: %v"",\n\t\t\tfilename, err)"	\t\tif oserror.IsNotExist(err) {\n\t\t\treturn 0, errSideloadedFileNotFound\n\t\t}\n\t\treturn 0, err	spurious_correlation_results/human_annotation/full_code/test69/generated.go	spurious_correlation_results/human_annotation/full_code/test69/reference.go	spurious_correlation_results/human_annotation/full_code/test69/generated_completion.txt	spurious_correlation_results/human_annotation/full_code/test69/reference_completion.txt	spurious_correlation_results/human_annotation/full_code/test69/prompt.txt			
test69_t1081_s06	6	6	69	test69	1081	\tlog	log	if	6	1017	 :=	0.006876	4 ,  error )  {\n \tsize ,  err [SOURCE: :=]  ss .file Size (filename )\n \tif  err  !=	" are  returned <|im_end|> \n <|im_start|> assistant \n \t [TARGET:\tlog] .K v Exec .Fatalf (ctx ,  "" unexpected"	"\t\tlog.KvExec.Fatalf(ctx, ""unexpected error pruning sideloaded file %s: %v"",\n\t\t\tfilename, err)"	\t\tif oserror.IsNotExist(err) {\n\t\t\treturn 0, errSideloadedFileNotFound\n\t\t}\n\t\treturn 0, err	spurious_correlation_results/human_annotation/full_code/test69/generated.go	spurious_correlation_results/human_annotation/full_code/test69/reference.go	spurious_correlation_results/human_annotation/full_code/test69/generated_completion.txt	spurious_correlation_results/human_annotation/full_code/test69/reference_completion.txt	spurious_correlation_results/human_annotation/full_code/test69/prompt.txt			
test69_t1081_s07	6	7	69	test69	1081	\tlog	log	if	7	118	strconv	0.003551	" "" os "";  "" path /filepath "";  "" [SOURCE:strconv] "";  "" strings "";  "" github .com /"	" are  returned <|im_end|> \n <|im_start|> assistant \n \t [TARGET:\tlog] .K v Exec .Fatalf (ctx ,  "" unexpected"	"\t\tlog.KvExec.Fatalf(ctx, ""unexpected error pruning sideloaded file %s: %v"",\n\t\t\tfilename, err)"	\t\tif oserror.IsNotExist(err) {\n\t\t\treturn 0, errSideloadedFileNotFound\n\t\t}\n\t\treturn 0, err	spurious_correlation_results/human_annotation/full_code/test69/generated.go	spurious_correlation_results/human_annotation/full_code/test69/reference.go	spurious_correlation_results/human_annotation/full_code/test69/generated_completion.txt	spurious_correlation_results/human_annotation/full_code/test69/reference_completion.txt	spurious_correlation_results/human_annotation/full_code/test69/prompt.txt			
test69_t1081_s08	6	8	69	test69	1081	\tlog	log	if	8	973	ctx	0.001116	S idel oad Storage )  purge File (( [SOURCE:ctx]  context .Context ,  filename  string ))  (( int	" are  returned <|im_end|> \n <|im_start|> assistant \n \t [TARGET:\tlog] .K v Exec .Fatalf (ctx ,  "" unexpected"	"\t\tlog.KvExec.Fatalf(ctx, ""unexpected error pruning sideloaded file %s: %v"",\n\t\t\tfilename, err)"	\t\tif oserror.IsNotExist(err) {\n\t\t\treturn 0, errSideloadedFileNotFound\n\t\t}\n\t\treturn 0, err	spurious_correlation_results/human_annotation/full_code/test69/generated.go	spurious_correlation_results/human_annotation/full_code/test69/reference.go	spurious_correlation_results/human_annotation/full_code/test69/generated_completion.txt	spurious_correlation_results/human_annotation/full_code/test69/reference_completion.txt	spurious_correlation_results/human_annotation/full_code/test69/prompt.txt			
test69_t1081_s09	6	9	69	test69	1081	\tlog	log	if	9	987	func	0.010244	))  (( int 6 4 ,  error ))\n [SOURCE:func]  ( ss  * Disk S idel oad Storage	" are  returned <|im_end|> \n <|im_start|> assistant \n \t [TARGET:\tlog] .K v Exec .Fatalf (ctx ,  "" unexpected"	"\t\tlog.KvExec.Fatalf(ctx, ""unexpected error pruning sideloaded file %s: %v"",\n\t\t\tfilename, err)"	\t\tif oserror.IsNotExist(err) {\n\t\t\treturn 0, errSideloadedFileNotFound\n\t\t}\n\t\treturn 0, err	spurious_correlation_results/human_annotation/full_code/test69/generated.go	spurious_correlation_results/human_annotation/full_code/test69/reference.go	spurious_correlation_results/human_annotation/full_code/test69/generated_completion.txt	spurious_correlation_results/human_annotation/full_code/test69/reference_completion.txt	spurious_correlation_results/human_annotation/full_code/test69/prompt.txt			
test69_t1081_s10	6	10	69	test69	1081	\tlog	log	if	10	270	 Disk	0.003507	 receiver  struct  definitions  of  the  function  is  type [SOURCE: Disk] S idel oad Storage  struct  {\n \tst      	" are  returned <|im_end|> \n <|im_start|> assistant \n \t [TARGET:\tlog] .K v Exec .Fatalf (ctx ,  "" unexpected"	"\t\tlog.KvExec.Fatalf(ctx, ""unexpected error pruning sideloaded file %s: %v"",\n\t\t\tfilename, err)"	\t\tif oserror.IsNotExist(err) {\n\t\t\treturn 0, errSideloadedFileNotFound\n\t\t}\n\t\treturn 0, err	spurious_correlation_results/human_annotation/full_code/test69/generated.go	spurious_correlation_results/human_annotation/full_code/test69/reference.go	spurious_correlation_results/human_annotation/full_code/test69/generated_completion.txt	spurious_correlation_results/human_annotation/full_code/test69/reference_completion.txt	spurious_correlation_results/human_annotation/full_code/test69/prompt.txt			
test34_t439_s01	7	1	34	test34	439	\treturn	return	go	1	6	wen	0.005302	<|im_start|> system \n You  are  Q [SOURCE:wen] ,  created  by  Alibaba  Cloud .  You  are	 returned <|im_end|> \n <|im_start|> assistant \n \t }\n [TARGET:\treturn]  t <|im_end|>	\t}\n\treturn t	\t}\n\tgo t.run()\n\treturn t	spurious_correlation_results/human_annotation/full_code/test34/generated.go	spurious_correlation_results/human_annotation/full_code/test34/reference.go	spurious_correlation_results/human_annotation/full_code/test34/generated_completion.txt	spurious_correlation_results/human_annotation/full_code/test34/reference_completion.txt	spurious_correlation_results/human_annotation/full_code/test34/prompt.txt			
test34_t439_s02	7	2	34	test34	439	\treturn	return	go	2	377	func	0.018875	(d  time .Duration )  * Broadcast Ticker \n [SOURCE:func]  New Broadcast Ticker (d  time .Duration )  *	 returned <|im_end|> \n <|im_start|> assistant \n \t }\n [TARGET:\treturn]  t <|im_end|>	\t}\n\treturn t	\t}\n\tgo t.run()\n\treturn t	spurious_correlation_results/human_annotation/full_code/test34/generated.go	spurious_correlation_results/human_annotation/full_code/test34/reference.go	spurious_correlation_results/human_annotation/full_code/test34/generated_completion.txt	spurious_correlation_results/human_annotation/full_code/test34/reference_completion.txt	spurious_correlation_results/human_annotation/full_code/test34/prompt.txt			
test34_t439_s03	7	3	34	test34	439	\treturn	return	go	3	390	 :=	0.011896	 time .Duration )  * Broadcast Ticker  {\n \tt [SOURCE: :=]  & Broadcast Ticker {\n \t \tt icker :	 returned <|im_end|> \n <|im_start|> assistant \n \t }\n [TARGET:\treturn]  t <|im_end|>	\t}\n\treturn t	\t}\n\tgo t.run()\n\treturn t	spurious_correlation_results/human_annotation/full_code/test34/generated.go	spurious_correlation_results/human_annotation/full_code/test34/reference.go	spurious_correlation_results/human_annotation/full_code/test34/generated_completion.txt	spurious_correlation_results/human_annotation/full_code/test34/reference_completion.txt	spurious_correlation_results/human_annotation/full_code/test34/prompt.txt			
test34_t439_s04	7	4	34	test34	439	\treturn	return	go	4	221	()\n	0.004033	 func  ( t  * Broadcast Ticker )  run [SOURCE:()\n] -  func  ( t  * Broadcast Ticker )	 returned <|im_end|> \n <|im_start|> assistant \n \t }\n [TARGET:\treturn]  t <|im_end|>	\t}\n\treturn t	\t}\n\tgo t.run()\n\treturn t	spurious_correlation_results/human_annotation/full_code/test34/generated.go	spurious_correlation_results/human_annotation/full_code/test34/reference.go	spurious_correlation_results/human_annotation/full_code/test34/generated_completion.txt	spurious_correlation_results/human_annotation/full_code/test34/reference_completion.txt	spurious_correlation_results/human_annotation/full_code/test34/prompt.txt			
test34_t439_s05	7	5	34	test34	439	\treturn	return	go	5	163	//	0.006282	 of  the  function  is  * Broadcast Ticker \n\n [SOURCE://]  Type  Broadcast Ticker  definition :\n type  Broadcast Ticker	 returned <|im_end|> \n <|im_start|> assistant \n \t }\n [TARGET:\treturn]  t <|im_end|>	\t}\n\treturn t	\t}\n\tgo t.run()\n\treturn t	spurious_correlation_results/human_annotation/full_code/test34/generated.go	spurious_correlation_results/human_annotation/full_code/test34/reference.go	spurious_correlation_results/human_annotation/full_code/test34/generated_completion.txt	spurious_correlation_results/human_annotation/full_code/test34/reference_completion.txt	spurious_correlation_results/human_annotation/full_code/test34/prompt.txt			
test34_t439_s06	7	6	34	test34	439	\treturn	return	go	6	213	 func	0.013538	\n \t }\n }\n //  Methods :\n - [SOURCE: func]  ( t  * Broadcast Ticker )  run ()\n	 returned <|im_end|> \n <|im_start|> assistant \n \t }\n [TARGET:\treturn]  t <|im_end|>	\t}\n\treturn t	\t}\n\tgo t.run()\n\treturn t	spurious_correlation_results/human_annotation/full_code/test34/generated.go	spurious_correlation_results/human_annotation/full_code/test34/reference.go	spurious_correlation_results/human_annotation/full_code/test34/generated_completion.txt	spurious_correlation_results/human_annotation/full_code/test34/reference_completion.txt	spurious_correlation_results/human_annotation/full_code/test34/prompt.txt			
test34_t439_s07	7	7	34	test34	439	\treturn	return	go	7	120	ync	0.008877	"roach db / cock roach /pkg /util /s [SOURCE:ync] util ""  The  receiver  struct  definitions  of  the"	 returned <|im_end|> \n <|im_start|> assistant \n \t }\n [TARGET:\treturn]  t <|im_end|>	\t}\n\treturn t	\t}\n\tgo t.run()\n\treturn t	spurious_correlation_results/human_annotation/full_code/test34/generated.go	spurious_correlation_results/human_annotation/full_code/test34/reference.go	spurious_correlation_results/human_annotation/full_code/test34/generated_completion.txt	spurious_correlation_results/human_annotation/full_code/test34/reference_completion.txt	spurious_correlation_results/human_annotation/full_code/test34/prompt.txt			
test34_t439_s08	7	8	34	test34	439	\treturn	return	go	8	181	\tstop	0.006037	 {\n \tt icker  * time .T icker \n [SOURCE:\tstop] C    chan  struct {}\n \tm u     	 returned <|im_end|> \n <|im_start|> assistant \n \t }\n [TARGET:\treturn]  t <|im_end|>	\t}\n\treturn t	\t}\n\tgo t.run()\n\treturn t	spurious_correlation_results/human_annotation/full_code/test34/generated.go	spurious_correlation_results/human_annotation/full_code/test34/reference.go	spurious_correlation_results/human_annotation/full_code/test34/generated_completion.txt	spurious_correlation_results/human_annotation/full_code/test34/reference_completion.txt	spurious_correlation_results/human_annotation/full_code/test34/prompt.txt			
test34_t439_s09	7	9	34	test34	439	\treturn	return	go	9	220	 run	0.005678	-  func  ( t  * Broadcast Ticker ) [SOURCE: run] ()\n -  func  ( t  * Broadcast Ticker	 returned <|im_end|> \n <|im_start|> assistant \n \t }\n [TARGET:\treturn]  t <|im_end|>	\t}\n\treturn t	\t}\n\tgo t.run()\n\treturn t	spurious_correlation_results/human_annotation/full_code/test34/generated.go	spurious_correlation_results/human_annotation/full_code/test34/reference.go	spurious_correlation_results/human_annotation/full_code/test34/generated_completion.txt	spurious_correlation_results/human_annotation/full_code/test34/reference_completion.txt	spurious_correlation_results/human_annotation/full_code/test34/prompt.txt			
test34_t439_s10	7	10	34	test34	439	\treturn	return	go	10	3	You	0.00569	<|im_start|> system \n [SOURCE:You]  are  Q wen ,  created  by  Alibaba  Cloud	 returned <|im_end|> \n <|im_start|> assistant \n \t }\n [TARGET:\treturn]  t <|im_end|>	\t}\n\treturn t	\t}\n\tgo t.run()\n\treturn t	spurious_correlation_results/human_annotation/full_code/test34/generated.go	spurious_correlation_results/human_annotation/full_code/test34/reference.go	spurious_correlation_results/human_annotation/full_code/test34/generated_completion.txt	spurious_correlation_results/human_annotation/full_code/test34/reference_completion.txt	spurious_correlation_results/human_annotation/full_code/test34/prompt.txt			
test70_t1288_s01	8	1	70	test70	1288	SELECT	SELECT	`SELECT EXISTS (SELECT * FROM [SHOW REGIONS FROM DATABASE])`	1	1206	 database	0.006664	 complete  func  ( og  * operation Generator ) [SOURCE: database] Is Multi Region (( ctx  context .Context ,	assistant \n \t \ttx ,\n \t \t ` [TARGET:SELECT] \n \t EX ISTS (\n \t  SELECT  	\t\ttx,\n\t\t`SELECT\n\tEXISTS(\n\t SELECT 1\n\t FROM\n\t\t system.locality_configurations\n\t WHERE\n\t\t id	\t\ttx,\n\t\t`SELECT EXISTS (SELECT * FROM [SHOW REGIONS FROM DATABASE])`,\n\t)	spurious_correlation_results/human_annotation/full_code/test70/generated.go	spurious_correlation_results/human_annotation/full_code/test70/reference.go	spurious_correlation_results/human_annotation/full_code/test70/generated_completion.txt	spurious_correlation_results/human_annotation/full_code/test70/reference_completion.txt	spurious_correlation_results/human_annotation/full_code/test70/prompt.txt			
test70_t1288_s02	8	2	70	test70	1288	SELECT	SELECT	`SELECT EXISTS (SELECT * FROM [SHOW REGIONS FROM DATABASE])`	2	371	SELECT	0.006637	1 0 0 0 0 0 )\n )\n [SOURCE:SELECT] \n \tC ASE  WHEN  EXISTS  (\n \t \tSELECT	assistant \n \t \ttx ,\n \t \t ` [TARGET:SELECT] \n \t EX ISTS (\n \t  SELECT  	\t\ttx,\n\t\t`SELECT\n\tEXISTS(\n\t SELECT 1\n\t FROM\n\t\t system.locality_configurations\n\t WHERE\n\t\t id	\t\ttx,\n\t\t`SELECT EXISTS (SELECT * FROM [SHOW REGIONS FROM DATABASE])`,\n\t)	spurious_correlation_results/human_annotation/full_code/test70/generated.go	spurious_correlation_results/human_annotation/full_code/test70/reference.go	spurious_correlation_results/human_annotation/full_code/test70/generated_completion.txt	spurious_correlation_results/human_annotation/full_code/test70/reference_completion.txt	spurious_correlation_results/human_annotation/full_code/test70/prompt.txt			
test70_t1288_s03	8	3	70	test70	1288	SELECT	SELECT	`SELECT EXISTS (SELECT * FROM [SHOW REGIONS FROM DATABASE])`	3	1134	SELECT	0.003405	1 :: REG CLASS \n \t \t )\n [SOURCE:SELECT] \n \t EX ISTS (\n \t \tSELECT \n	assistant \n \t \ttx ,\n \t \t ` [TARGET:SELECT] \n \t EX ISTS (\n \t  SELECT  	\t\ttx,\n\t\t`SELECT\n\tEXISTS(\n\t SELECT 1\n\t FROM\n\t\t system.locality_configurations\n\t WHERE\n\t\t id	\t\ttx,\n\t\t`SELECT EXISTS (SELECT * FROM [SHOW REGIONS FROM DATABASE])`,\n\t)	spurious_correlation_results/human_annotation/full_code/test70/generated.go	spurious_correlation_results/human_annotation/full_code/test70/reference.go	spurious_correlation_results/human_annotation/full_code/test70/generated_completion.txt	spurious_correlation_results/human_annotation/full_code/test70/reference_completion.txt	spurious_correlation_results/human_annotation/full_code/test70/prompt.txt			
test70_t1288_s04	8	4	70	test70	1288	SELECT	SELECT	`SELECT EXISTS (SELECT * FROM [SHOW REGIONS FROM DATABASE])`	4	1232	 database	0.003105	))\n func  ( og  * operation Generator ) [SOURCE: database] Is Multi Region (ctx  context .Context ,  tx	assistant \n \t \ttx ,\n \t \t ` [TARGET:SELECT] \n \t EX ISTS (\n \t  SELECT  	\t\ttx,\n\t\t`SELECT\n\tEXISTS(\n\t SELECT 1\n\t FROM\n\t\t system.locality_configurations\n\t WHERE\n\t\t id	\t\ttx,\n\t\t`SELECT EXISTS (SELECT * FROM [SHOW REGIONS FROM DATABASE])`,\n\t)	spurious_correlation_results/human_annotation/full_code/test70/generated.go	spurious_correlation_results/human_annotation/full_code/test70/reference.go	spurious_correlation_results/human_annotation/full_code/test70/generated_completion.txt	spurious_correlation_results/human_annotation/full_code/test70/reference_completion.txt	spurious_correlation_results/human_annotation/full_code/test70/prompt.txt			
test70_t1288_s05	8	5	70	test70	1288	SELECT	SELECT	`SELECT EXISTS (SELECT * FROM [SHOW REGIONS FROM DATABASE])`	5	437	SELECT	0.005732	\tctx ,\n \t \ttx ,\n \t \t `\n [SOURCE:SELECT] \n \tjson _array _length (\n \t \tC OA	assistant \n \t \ttx ,\n \t \t ` [TARGET:SELECT] \n \t EX ISTS (\n \t  SELECT  	\t\ttx,\n\t\t`SELECT\n\tEXISTS(\n\t SELECT 1\n\t FROM\n\t\t system.locality_configurations\n\t WHERE\n\t\t id	\t\ttx,\n\t\t`SELECT EXISTS (SELECT * FROM [SHOW REGIONS FROM DATABASE])`,\n\t)	spurious_correlation_results/human_annotation/full_code/test70/generated.go	spurious_correlation_results/human_annotation/full_code/test70/reference.go	spurious_correlation_results/human_annotation/full_code/test70/generated_completion.txt	spurious_correlation_results/human_annotation/full_code/test70/reference_completion.txt	spurious_correlation_results/human_annotation/full_code/test70/prompt.txt			
test70_t1288_s06	8	6	70	test70	1288	SELECT	SELECT	`SELECT EXISTS (SELECT * FROM [SHOW REGIONS FROM DATABASE])`	6	287	\tSELECT	0.007614	 tx ,  `\n WITH  enum _members  AS  (\n [SOURCE:\tSELECT] \n \t\t\t \tjson _array _elements (\n \t\t\t\t\t \tcr	assistant \n \t \ttx ,\n \t \t ` [TARGET:SELECT] \n \t EX ISTS (\n \t  SELECT  	\t\ttx,\n\t\t`SELECT\n\tEXISTS(\n\t SELECT 1\n\t FROM\n\t\t system.locality_configurations\n\t WHERE\n\t\t id	\t\ttx,\n\t\t`SELECT EXISTS (SELECT * FROM [SHOW REGIONS FROM DATABASE])`,\n\t)	spurious_correlation_results/human_annotation/full_code/test70/generated.go	spurious_correlation_results/human_annotation/full_code/test70/reference.go	spurious_correlation_results/human_annotation/full_code/test70/generated_completion.txt	spurious_correlation_results/human_annotation/full_code/test70/reference_completion.txt	spurious_correlation_results/human_annotation/full_code/test70/prompt.txt			
test70_t1288_s07	8	7	70	test70	1288	SELECT	SELECT	`SELECT EXISTS (SELECT * FROM [SHOW REGIONS FROM DATABASE])`	7	1208	Multi	0.004384	 ( og  * operation Generator )  database Is [SOURCE:Multi] Region (( ctx  context .Context ,  tx  pg	assistant \n \t \ttx ,\n \t \t ` [TARGET:SELECT] \n \t EX ISTS (\n \t  SELECT  	\t\ttx,\n\t\t`SELECT\n\tEXISTS(\n\t SELECT 1\n\t FROM\n\t\t system.locality_configurations\n\t WHERE\n\t\t id	\t\ttx,\n\t\t`SELECT EXISTS (SELECT * FROM [SHOW REGIONS FROM DATABASE])`,\n\t)	spurious_correlation_results/human_annotation/full_code/test70/generated.go	spurious_correlation_results/human_annotation/full_code/test70/reference.go	spurious_correlation_results/human_annotation/full_code/test70/generated_completion.txt	spurious_correlation_results/human_annotation/full_code/test70/reference_completion.txt	spurious_correlation_results/human_annotation/full_code/test70/prompt.txt			
test70_t1288_s08	8	8	70	test70	1288	SELECT	SELECT	`SELECT EXISTS (SELECT * FROM [SHOW REGIONS FROM DATABASE])`	8	895	 Scan	0.002089	\t }\n\n \t region Col ,  err  := [SOURCE: Scan] [string ]( ctx ,  og ,  tx ,	assistant \n \t \ttx ,\n \t \t ` [TARGET:SELECT] \n \t EX ISTS (\n \t  SELECT  	\t\ttx,\n\t\t`SELECT\n\tEXISTS(\n\t SELECT 1\n\t FROM\n\t\t system.locality_configurations\n\t WHERE\n\t\t id	\t\ttx,\n\t\t`SELECT EXISTS (SELECT * FROM [SHOW REGIONS FROM DATABASE])`,\n\t)	spurious_correlation_results/human_annotation/full_code/test70/generated.go	spurious_correlation_results/human_annotation/full_code/test70/reference.go	spurious_correlation_results/human_annotation/full_code/test70/generated_completion.txt	spurious_correlation_results/human_annotation/full_code/test70/reference_completion.txt	spurious_correlation_results/human_annotation/full_code/test70/prompt.txt			
test70_t1288_s09	8	9	70	test70	1288	SELECT	SELECT	`SELECT EXISTS (SELECT * FROM [SHOW REGIONS FROM DATABASE])`	9	1137	EX	0.002638	CLASS \n \t \t )\n SELECT \n \t [SOURCE:EX] ISTS (\n \t \tSELECT \n \t\t \t 1	assistant \n \t \ttx ,\n \t \t ` [TARGET:SELECT] \n \t EX ISTS (\n \t  SELECT  	\t\ttx,\n\t\t`SELECT\n\tEXISTS(\n\t SELECT 1\n\t FROM\n\t\t system.locality_configurations\n\t WHERE\n\t\t id	\t\ttx,\n\t\t`SELECT EXISTS (SELECT * FROM [SHOW REGIONS FROM DATABASE])`,\n\t)	spurious_correlation_results/human_annotation/full_code/test70/generated.go	spurious_correlation_results/human_annotation/full_code/test70/reference.go	spurious_correlation_results/human_annotation/full_code/test70/generated_completion.txt	spurious_correlation_results/human_annotation/full_code/test70/reference_completion.txt	spurious_correlation_results/human_annotation/full_code/test70/prompt.txt			
test70_t1288_s10	8	10	70	test70	1288	SELECT	SELECT	`SELECT EXISTS (SELECT * FROM [SHOW REGIONS FROM DATABASE])`	10	973	SELECT	0.003303	1 :: REG CLASS \n \t \t )\n [SOURCE:SELECT] \n \tC OA LES CE  ( d ->	assistant \n \t \ttx ,\n \t \t ` [TARGET:SELECT] \n \t EX ISTS (\n \t  SELECT  	\t\ttx,\n\t\t`SELECT\n\tEXISTS(\n\t SELECT 1\n\t FROM\n\t\t system.locality_configurations\n\t WHERE\n\t\t id	\t\ttx,\n\t\t`SELECT EXISTS (SELECT * FROM [SHOW REGIONS FROM DATABASE])`,\n\t)	spurious_correlation_results/human_annotation/full_code/test70/generated.go	spurious_correlation_results/human_annotation/full_code/test70/reference.go	spurious_correlation_results/human_annotation/full_code/test70/generated_completion.txt	spurious_correlation_results/human_annotation/full_code/test70/reference_completion.txt	spurious_correlation_results/human_annotation/full_code/test70/prompt.txt			
test39_t987_s01	9	1	39	test39	987	\tif	if	p	1	139	notify	0.016684	""";  "" time "";  "" github .com /fs [SOURCE:notify] /fs notify "";  "" github .com /gr af"	 are  returned <|im_end|> \n <|im_start|> assistant \n \t\t [TARGET:\tif]  err  :=  os .M kdir All (dir ,	\t\t\tif err := os.MkdirAll(dir, 0o755); err != nil && !os.IsExist(err) {\n\t\t\t\td.logger.Error	"\t\t\tp = dir\n\t\t} else {\n\t\t\tp = ""./"""	spurious_correlation_results/human_annotation/full_code/test39/generated.go	spurious_correlation_results/human_annotation/full_code/test39/reference.go	spurious_correlation_results/human_annotation/full_code/test39/generated_completion.txt	spurious_correlation_results/human_annotation/full_code/test39/reference_completion.txt	spurious_correlation_results/human_annotation/full_code/test39/prompt.txt			
test39_t987_s02	9	2	39	test39	987	\tif	if	p	2	909	 dir	0.018007	 p  :=  range  d .paths  {\n \t \tif [SOURCE: dir] ,  _  :=  filepath .Split (p );  dir	 are  returned <|im_end|> \n <|im_start|> assistant \n \t\t [TARGET:\tif]  err  :=  os .M kdir All (dir ,	\t\t\tif err := os.MkdirAll(dir, 0o755); err != nil && !os.IsExist(err) {\n\t\t\t\td.logger.Error	"\t\t\tp = dir\n\t\t} else {\n\t\t\tp = ""./"""	spurious_correlation_results/human_annotation/full_code/test39/generated.go	spurious_correlation_results/human_annotation/full_code/test39/reference.go	spurious_correlation_results/human_annotation/full_code/test39/generated_completion.txt	spurious_correlation_results/human_annotation/full_code/test39/reference_completion.txt	spurious_correlation_results/human_annotation/full_code/test39/prompt.txt			
test39_t987_s03	9	3	39	test39	987	\tif	if	p	3	96	context	0.003474	"/  Below  is  the  imported  package  path  "" [SOURCE:context] "";  "" encoding /json "";  "" errors "";"	 are  returned <|im_end|> \n <|im_start|> assistant \n \t\t [TARGET:\tif]  err  :=  os .M kdir All (dir ,	\t\t\tif err := os.MkdirAll(dir, 0o755); err != nil && !os.IsExist(err) {\n\t\t\t\td.logger.Error	"\t\t\tp = dir\n\t\t} else {\n\t\t\tp = ""./"""	spurious_correlation_results/human_annotation/full_code/test39/generated.go	spurious_correlation_results/human_annotation/full_code/test39/reference.go	spurious_correlation_results/human_annotation/full_code/test39/generated_completion.txt	spurious_correlation_results/human_annotation/full_code/test39/reference_completion.txt	spurious_correlation_results/human_annotation/full_code/test39/prompt.txt			
test39_t987_s04	9	4	39	test39	987	\tif	if	p	4	141	notify	0.005051	"time "";  "" github .com /fs notify /fs [SOURCE:notify] "";  "" github .com /gr af ana /"	 are  returned <|im_end|> \n <|im_start|> assistant \n \t\t [TARGET:\tif]  err  :=  os .M kdir All (dir ,	\t\t\tif err := os.MkdirAll(dir, 0o755); err != nil && !os.IsExist(err) {\n\t\t\t\td.logger.Error	"\t\t\tp = dir\n\t\t} else {\n\t\t\tp = ""./"""	spurious_correlation_results/human_annotation/full_code/test39/generated.go	spurious_correlation_results/human_annotation/full_code/test39/reference.go	spurious_correlation_results/human_annotation/full_code/test39/generated_completion.txt	spurious_correlation_results/human_annotation/full_code/test39/reference_completion.txt	spurious_correlation_results/human_annotation/full_code/test39/prompt.txt			
test39_t987_s05	9	5	39	test39	987	\tif	if	p	5	916	);	0.009826	"\tif  dir ,  _  :=  filepath .Split (p [SOURCE:);]  dir  !=  """"  {  < M ID >"	 are  returned <|im_end|> \n <|im_start|> assistant \n \t\t [TARGET:\tif]  err  :=  os .M kdir All (dir ,	\t\t\tif err := os.MkdirAll(dir, 0o755); err != nil && !os.IsExist(err) {\n\t\t\t\td.logger.Error	"\t\t\tp = dir\n\t\t} else {\n\t\t\tp = ""./"""	spurious_correlation_results/human_annotation/full_code/test39/generated.go	spurious_correlation_results/human_annotation/full_code/test39/reference.go	spurious_correlation_results/human_annotation/full_code/test39/generated_completion.txt	spurious_correlation_results/human_annotation/full_code/test39/reference_completion.txt	spurious_correlation_results/human_annotation/full_code/test39/prompt.txt			
test39_t987_s06	9	6	39	test39	987	\tif	if	p	6	908	\tif	0.015078	 _,  p  :=  range  d .paths  {\n \t [SOURCE:\tif]  dir ,  _  :=  filepath .Split (p );	 are  returned <|im_end|> \n <|im_start|> assistant \n \t\t [TARGET:\tif]  err  :=  os .M kdir All (dir ,	\t\t\tif err := os.MkdirAll(dir, 0o755); err != nil && !os.IsExist(err) {\n\t\t\t\td.logger.Error	"\t\t\tp = dir\n\t\t} else {\n\t\t\tp = ""./"""	spurious_correlation_results/human_annotation/full_code/test39/generated.go	spurious_correlation_results/human_annotation/full_code/test39/reference.go	spurious_correlation_results/human_annotation/full_code/test39/generated_completion.txt	spurious_correlation_results/human_annotation/full_code/test39/reference_completion.txt	spurious_correlation_results/human_annotation/full_code/test39/prompt.txt			
test39_t987_s07	9	7	39	test39	987	\tif	if	p	7	912	 :=	0.013022	" d .paths  {\n \t \tif  dir ,  _ [SOURCE: :=]  filepath .Split (p );  dir  !=  """"  {"	 are  returned <|im_end|> \n <|im_start|> assistant \n \t\t [TARGET:\tif]  err  :=  os .M kdir All (dir ,	\t\t\tif err := os.MkdirAll(dir, 0o755); err != nil && !os.IsExist(err) {\n\t\t\t\td.logger.Error	"\t\t\tp = dir\n\t\t} else {\n\t\t\tp = ""./"""	spurious_correlation_results/human_annotation/full_code/test39/generated.go	spurious_correlation_results/human_annotation/full_code/test39/reference.go	spurious_correlation_results/human_annotation/full_code/test39/generated_completion.txt	spurious_correlation_results/human_annotation/full_code/test39/reference_completion.txt	spurious_correlation_results/human_annotation/full_code/test39/prompt.txt			
test39_t987_s08	9	8	39	test39	987	\tif	if	p	8	899	\tfor	0.010395	"\tpanic ("" no  watcher  configured "")\n \t }\n [SOURCE:\tfor]  _,  p  :=  range  d .paths  {\n \t"	 are  returned <|im_end|> \n <|im_start|> assistant \n \t\t [TARGET:\tif]  err  :=  os .M kdir All (dir ,	\t\t\tif err := os.MkdirAll(dir, 0o755); err != nil && !os.IsExist(err) {\n\t\t\t\td.logger.Error	"\t\t\tp = dir\n\t\t} else {\n\t\t\tp = ""./"""	spurious_correlation_results/human_annotation/full_code/test39/generated.go	spurious_correlation_results/human_annotation/full_code/test39/reference.go	spurious_correlation_results/human_annotation/full_code/test39/generated_completion.txt	spurious_correlation_results/human_annotation/full_code/test39/reference_completion.txt	spurious_correlation_results/human_annotation/full_code/test39/prompt.txt			
test39_t987_s09	9	9	39	test39	987	\tif	if	p	9	124	/filepath	0.007692	" "" maps "";  "" os "";  "" path [SOURCE:/filepath] "";  "" strings "";  "" sync "";  """	 are  returned <|im_end|> \n <|im_start|> assistant \n \t\t [TARGET:\tif]  err  :=  os .M kdir All (dir ,	\t\t\tif err := os.MkdirAll(dir, 0o755); err != nil && !os.IsExist(err) {\n\t\t\t\td.logger.Error	"\t\t\tp = dir\n\t\t} else {\n\t\t\tp = ""./"""	spurious_correlation_results/human_annotation/full_code/test39/generated.go	spurious_correlation_results/human_annotation/full_code/test39/reference.go	spurious_correlation_results/human_annotation/full_code/test39/generated_completion.txt	spurious_correlation_results/human_annotation/full_code/test39/reference_completion.txt	spurious_correlation_results/human_annotation/full_code/test39/prompt.txt			
test39_t987_s10	9	10	39	test39	987	\tif	if	p	10	112	log	0.005332	""";  "" fmt "";  "" io "";  "" [SOURCE:log] /s log "";  "" maps "";  "" os"	 are  returned <|im_end|> \n <|im_start|> assistant \n \t\t [TARGET:\tif]  err  :=  os .M kdir All (dir ,	\t\t\tif err := os.MkdirAll(dir, 0o755); err != nil && !os.IsExist(err) {\n\t\t\t\td.logger.Error	"\t\t\tp = dir\n\t\t} else {\n\t\t\tp = ""./"""	spurious_correlation_results/human_annotation/full_code/test39/generated.go	spurious_correlation_results/human_annotation/full_code/test39/reference.go	spurious_correlation_results/human_annotation/full_code/test39/generated_completion.txt	spurious_correlation_results/human_annotation/full_code/test39/reference_completion.txt	spurious_correlation_results/human_annotation/full_code/test39/prompt.txt			
test21_t406_s01	10	1	21	test21	406	"("""	"""uint available for flag name %[1]q (cmd=%[2]q)"""	"""uint available for flag name %[1]q with value=%[2]v (cmd=%[3]q)"""	1	405	f	0.023372	" returned <|im_end|> \n <|im_start|> assistant \n \t \ttrace [SOURCE:f] ("" uint  available  for  flag  name  %[ 1"	"<|im_end|> \n <|im_start|> assistant \n \t \ttrace f [TARGET:(""] uint  available  for  flag  name  %[ 1 ]"	"\t\ttracef(""uint available for flag name %[1]q (cmd=%[2]q)"", name, cmd.Name)\n\t\treturn v"	"\t\ttracef(""uint available for flag name %[1]q with value=%[2]v (cmd=%[3]q)"", name, v, cmd.Name)\n\n\t\treturn v"	spurious_correlation_results/human_annotation/full_code/test21/generated.go	spurious_correlation_results/human_annotation/full_code/test21/reference.go	spurious_correlation_results/human_annotation/full_code/test21/generated_completion.txt	spurious_correlation_results/human_annotation/full_code/test21/reference_completion.txt	spurious_correlation_results/human_annotation/full_code/test21/prompt.txt			
test21_t406_s02	10	2	21	test21	406	"("""	"""uint available for flag name %[1]q (cmd=%[2]q)"""	"""uint available for flag name %[1]q with value=%[2]v (cmd=%[3]q)"""	2	404	\ttrace	0.049206	" are  returned <|im_end|> \n <|im_start|> assistant \n \t [SOURCE:\ttrace] f ("" uint  available  for  flag  name  %["	"<|im_end|> \n <|im_start|> assistant \n \t \ttrace f [TARGET:(""] uint  available  for  flag  name  %[ 1 ]"	"\t\ttracef(""uint available for flag name %[1]q (cmd=%[2]q)"", name, cmd.Name)\n\t\treturn v"	"\t\ttracef(""uint available for flag name %[1]q with value=%[2]v (cmd=%[3]q)"", name, v, cmd.Name)\n\n\t\treturn v"	spurious_correlation_results/human_annotation/full_code/test21/generated.go	spurious_correlation_results/human_annotation/full_code/test21/reference.go	spurious_correlation_results/human_annotation/full_code/test21/generated_completion.txt	spurious_correlation_results/human_annotation/full_code/test21/reference_completion.txt	spurious_correlation_results/human_annotation/full_code/test21/prompt.txt			
test21_t406_s03	10	3	21	test21	406	"("""	"""uint available for flag name %[1]q (cmd=%[2]q)"""	"""uint available for flag name %[1]q with value=%[2]v (cmd=%[3]q)"""	3	355	f	0.025262	" < M ID >   \t }\n\n \ttrace [SOURCE:f] ("" uint  NOT  available  for  flag  name  %["	"<|im_end|> \n <|im_start|> assistant \n \t \ttrace f [TARGET:(""] uint  available  for  flag  name  %[ 1 ]"	"\t\ttracef(""uint available for flag name %[1]q (cmd=%[2]q)"", name, cmd.Name)\n\t\treturn v"	"\t\ttracef(""uint available for flag name %[1]q with value=%[2]v (cmd=%[3]q)"", name, v, cmd.Name)\n\n\t\treturn v"	spurious_correlation_results/human_annotation/full_code/test21/generated.go	spurious_correlation_results/human_annotation/full_code/test21/reference.go	spurious_correlation_results/human_annotation/full_code/test21/generated_completion.txt	spurious_correlation_results/human_annotation/full_code/test21/reference_completion.txt	spurious_correlation_results/human_annotation/full_code/test21/prompt.txt			
test21_t406_s04	10	4	21	test21	406	"("""	"""uint available for flag name %[1]q (cmd=%[2]q)"""	"""uint available for flag name %[1]q with value=%[2]v (cmd=%[3]q)"""	4	337	 ok	0.006243	 name  string )  T  {\n \tif  v , [SOURCE: ok]  :=  cmd .Value (name ).( T );  ok	"<|im_end|> \n <|im_start|> assistant \n \t \ttrace f [TARGET:(""] uint  available  for  flag  name  %[ 1 ]"	"\t\ttracef(""uint available for flag name %[1]q (cmd=%[2]q)"", name, cmd.Name)\n\t\treturn v"	"\t\ttracef(""uint available for flag name %[1]q with value=%[2]v (cmd=%[3]q)"", name, v, cmd.Name)\n\n\t\treturn v"	spurious_correlation_results/human_annotation/full_code/test21/generated.go	spurious_correlation_results/human_annotation/full_code/test21/reference.go	spurious_correlation_results/human_annotation/full_code/test21/generated_completion.txt	spurious_correlation_results/human_annotation/full_code/test21/reference_completion.txt	spurious_correlation_results/human_annotation/full_code/test21/prompt.txt			
test21_t406_s05	10	5	21	test21	406	"("""	"""uint available for flag name %[1]q (cmd=%[2]q)"""	"""uint available for flag name %[1]q with value=%[2]v (cmd=%[3]q)"""	5	94	unsafe	0.011933	" the  imported  package  path  "" strconv "";  "" [SOURCE:unsafe] ""  The  receiver  struct  definitions  of  the  function"	"<|im_end|> \n <|im_start|> assistant \n \t \ttrace f [TARGET:(""] uint  available  for  flag  name  %[ 1 ]"	"\t\ttracef(""uint available for flag name %[1]q (cmd=%[2]q)"", name, cmd.Name)\n\t\treturn v"	"\t\ttracef(""uint available for flag name %[1]q with value=%[2]v (cmd=%[3]q)"", name, v, cmd.Name)\n\n\t\treturn v"	spurious_correlation_results/human_annotation/full_code/test21/generated.go	spurious_correlation_results/human_annotation/full_code/test21/reference.go	spurious_correlation_results/human_annotation/full_code/test21/generated_completion.txt	spurious_correlation_results/human_annotation/full_code/test21/reference_completion.txt	spurious_correlation_results/human_annotation/full_code/test21/prompt.txt			
test21_t406_s06	10	6	21	test21	406	"("""	"""uint available for flag name %[1]q (cmd=%[2]q)"""	"""uint available for flag name %[1]q with value=%[2]v (cmd=%[3]q)"""	6	359	 available	0.007279	"  \t }\n\n \ttrace f ("" uint  NOT [SOURCE: available]  for  flag  name  %[ 1 ] q  ("	"<|im_end|> \n <|im_start|> assistant \n \t \ttrace f [TARGET:(""] uint  available  for  flag  name  %[ 1 ]"	"\t\ttracef(""uint available for flag name %[1]q (cmd=%[2]q)"", name, cmd.Name)\n\t\treturn v"	"\t\ttracef(""uint available for flag name %[1]q with value=%[2]v (cmd=%[3]q)"", name, v, cmd.Name)\n\n\t\treturn v"	spurious_correlation_results/human_annotation/full_code/test21/generated.go	spurious_correlation_results/human_annotation/full_code/test21/reference.go	spurious_correlation_results/human_annotation/full_code/test21/generated_completion.txt	spurious_correlation_results/human_annotation/full_code/test21/reference_completion.txt	spurious_correlation_results/human_annotation/full_code/test21/prompt.txt			
test21_t406_s07	10	7	21	test21	406	"("""	"""uint available for flag name %[1]q (cmd=%[2]q)"""	"""uint available for flag name %[1]q with value=%[2]v (cmd=%[3]q)"""	7	361	 flag	0.004159	"}\n\n \ttrace f ("" uint  NOT  available  for [SOURCE: flag]  name  %[ 1 ] q  ( cmd =%"	"<|im_end|> \n <|im_start|> assistant \n \t \ttrace f [TARGET:(""] uint  available  for  flag  name  %[ 1 ]"	"\t\ttracef(""uint available for flag name %[1]q (cmd=%[2]q)"", name, cmd.Name)\n\t\treturn v"	"\t\ttracef(""uint available for flag name %[1]q with value=%[2]v (cmd=%[3]q)"", name, v, cmd.Name)\n\n\t\treturn v"	spurious_correlation_results/human_annotation/full_code/test21/generated.go	spurious_correlation_results/human_annotation/full_code/test21/reference.go	spurious_correlation_results/human_annotation/full_code/test21/generated_completion.txt	spurious_correlation_results/human_annotation/full_code/test21/reference_completion.txt	spurious_correlation_results/human_annotation/full_code/test21/prompt.txt			
test21_t406_s08	10	8	21	test21	406	"("""	"""uint available for flag name %[1]q (cmd=%[2]q)"""	"""uint available for flag name %[1]q with value=%[2]v (cmd=%[3]q)"""	8	70	/cli	0.017007	 package  path : github .com / urf ave [SOURCE:/cli]  Below  is  the  code  repository :  github .com	"<|im_end|> \n <|im_start|> assistant \n \t \ttrace f [TARGET:(""] uint  available  for  flag  name  %[ 1 ]"	"\t\ttracef(""uint available for flag name %[1]q (cmd=%[2]q)"", name, cmd.Name)\n\t\treturn v"	"\t\ttracef(""uint available for flag name %[1]q with value=%[2]v (cmd=%[3]q)"", name, v, cmd.Name)\n\n\t\treturn v"	spurious_correlation_results/human_annotation/full_code/test21/generated.go	spurious_correlation_results/human_annotation/full_code/test21/reference.go	spurious_correlation_results/human_annotation/full_code/test21/generated_completion.txt	spurious_correlation_results/human_annotation/full_code/test21/reference_completion.txt	spurious_correlation_results/human_annotation/full_code/test21/prompt.txt			
test21_t406_s09	10	9	21	test21	406	"("""	"""uint available for flag name %[1]q (cmd=%[2]q)"""	"""uint available for flag name %[1]q with value=%[2]v (cmd=%[3]q)"""	9	151	 Uint	0.012717	 function  is  func  ( cmd  * Command ) [SOURCE: Uint] (name  string )  uint  {\n \treturn  get Uint	"<|im_end|> \n <|im_start|> assistant \n \t \ttrace f [TARGET:(""] uint  available  for  flag  name  %[ 1 ]"	"\t\ttracef(""uint available for flag name %[1]q (cmd=%[2]q)"", name, cmd.Name)\n\t\treturn v"	"\t\ttracef(""uint available for flag name %[1]q with value=%[2]v (cmd=%[3]q)"", name, v, cmd.Name)\n\n\t\treturn v"	spurious_correlation_results/human_annotation/full_code/test21/generated.go	spurious_correlation_results/human_annotation/full_code/test21/reference.go	spurious_correlation_results/human_annotation/full_code/test21/generated_completion.txt	spurious_correlation_results/human_annotation/full_code/test21/reference_completion.txt	spurious_correlation_results/human_annotation/full_code/test21/prompt.txt			
test21_t406_s10	10	10	21	test21	406	"("""	"""uint available for flag name %[1]q (cmd=%[2]q)"""	"""uint available for flag name %[1]q with value=%[2]v (cmd=%[3]q)"""	10	363	 %[	0.028805	"f ("" uint  NOT  available  for  flag  name [SOURCE: %[] 1 ] q  ( cmd =% [ 2"	"<|im_end|> \n <|im_start|> assistant \n \t \ttrace f [TARGET:(""] uint  available  for  flag  name  %[ 1 ]"	"\t\ttracef(""uint available for flag name %[1]q (cmd=%[2]q)"", name, cmd.Name)\n\t\treturn v"	"\t\ttracef(""uint available for flag name %[1]q with value=%[2]v (cmd=%[3]q)"", name, v, cmd.Name)\n\n\t\treturn v"	spurious_correlation_results/human_annotation/full_code/test21/generated.go	spurious_correlation_results/human_annotation/full_code/test21/reference.go	spurious_correlation_results/human_annotation/full_code/test21/generated_completion.txt	spurious_correlation_results/human_annotation/full_code/test21/reference_completion.txt	spurious_correlation_results/human_annotation/full_code/test21/prompt.txt			
test91_t302_s01	11	1	91	test91	302	 m	m	len	1	230	m	0.004797	)  Size ()  n  int \n func  ( [SOURCE:m]  * Pre conditions )  Size ()  ( n	<|im_end|> \n <|im_start|> assistant \n \t \tl  = [TARGET: m] .U ID .Size ()\n \t \tn  +=  	\t\tl = m.UID.Size()\n\t\tn += 1 + l + sovGenerated(uint64(l))	\t\tl = len(*m.UID)\n\t\tn += 1 + l + sovGenerated(uint64(l))	spurious_correlation_results/human_annotation/full_code/test91/generated.go	spurious_correlation_results/human_annotation/full_code/test91/reference.go	spurious_correlation_results/human_annotation/full_code/test91/generated_completion.txt	spurious_correlation_results/human_annotation/full_code/test91/reference_completion.txt	spurious_correlation_results/human_annotation/full_code/test91/prompt.txt			
test91_t302_s02	11	2	91	test91	302	 m	m	len	2	243	 m	0.003478	 Size ()  ( n  int )  {\n \tif [SOURCE: m]  ==  nil  {\n \t \treturn   0 \n	<|im_end|> \n <|im_start|> assistant \n \t \tl  = [TARGET: m] .U ID .Size ()\n \t \tn  +=  	\t\tl = m.UID.Size()\n\t\tn += 1 + l + sovGenerated(uint64(l))	\t\tl = len(*m.UID)\n\t\tn += 1 + l + sovGenerated(uint64(l))	spurious_correlation_results/human_annotation/full_code/test91/generated.go	spurious_correlation_results/human_annotation/full_code/test91/reference.go	spurious_correlation_results/human_annotation/full_code/test91/generated_completion.txt	spurious_correlation_results/human_annotation/full_code/test91/reference_completion.txt	spurious_correlation_results/human_annotation/full_code/test91/prompt.txt			
test91_t302_s03	11	3	91	test91	302	 m	m	len	3	218	m	0.005101	 function  you  are  asked  to  complete  func  ( [SOURCE:m]  * Pre conditions )  Size ()  n  int	<|im_end|> \n <|im_start|> assistant \n \t \tl  = [TARGET: m] .U ID .Size ()\n \t \tn  +=  	\t\tl = m.UID.Size()\n\t\tn += 1 + l + sovGenerated(uint64(l))	\t\tl = len(*m.UID)\n\t\tn += 1 + l + sovGenerated(uint64(l))	spurious_correlation_results/human_annotation/full_code/test91/generated.go	spurious_correlation_results/human_annotation/full_code/test91/reference.go	spurious_correlation_results/human_annotation/full_code/test91/generated_completion.txt	spurious_correlation_results/human_annotation/full_code/test91/reference_completion.txt	spurious_correlation_results/human_annotation/full_code/test91/prompt.txt			
test91_t302_s04	11	4	91	test91	302	 m	m	len	4	264	 m	0.004221	 int \n \t _  =  l \n \tif [SOURCE: m] .U ID  !=  nil  {  < M ID	<|im_end|> \n <|im_start|> assistant \n \t \tl  = [TARGET: m] .U ID .Size ()\n \t \tn  +=  	\t\tl = m.UID.Size()\n\t\tn += 1 + l + sovGenerated(uint64(l))	\t\tl = len(*m.UID)\n\t\tn += 1 + l + sovGenerated(uint64(l))	spurious_correlation_results/human_annotation/full_code/test91/generated.go	spurious_correlation_results/human_annotation/full_code/test91/reference.go	spurious_correlation_results/human_annotation/full_code/test91/generated_completion.txt	spurious_correlation_results/human_annotation/full_code/test91/reference_completion.txt	spurious_correlation_results/human_annotation/full_code/test91/prompt.txt			
test91_t302_s05	11	5	91	test91	302	 m	m	len	5	255	 l	0.021742	\t \treturn   0 \n \t }\n \tvar [SOURCE: l]  int \n \t _  =  l \n \tif	<|im_end|> \n <|im_start|> assistant \n \t \tl  = [TARGET: m] .U ID .Size ()\n \t \tn  +=  	\t\tl = m.UID.Size()\n\t\tn += 1 + l + sovGenerated(uint64(l))	\t\tl = len(*m.UID)\n\t\tn += 1 + l + sovGenerated(uint64(l))	spurious_correlation_results/human_annotation/full_code/test91/generated.go	spurious_correlation_results/human_annotation/full_code/test91/reference.go	spurious_correlation_results/human_annotation/full_code/test91/generated_completion.txt	spurious_correlation_results/human_annotation/full_code/test91/reference_completion.txt	spurious_correlation_results/human_annotation/full_code/test91/prompt.txt			
test91_t302_s06	11	6	91	test91	302	 m	m	len	6	268	 nil	0.012859	 =  l \n \tif  m .U ID  != [SOURCE: nil]  {  < M ID >   \t }\n	<|im_end|> \n <|im_start|> assistant \n \t \tl  = [TARGET: m] .U ID .Size ()\n \t \tn  +=  	\t\tl = m.UID.Size()\n\t\tn += 1 + l + sovGenerated(uint64(l))	\t\tl = len(*m.UID)\n\t\tn += 1 + l + sovGenerated(uint64(l))	spurious_correlation_results/human_annotation/full_code/test91/generated.go	spurious_correlation_results/human_annotation/full_code/test91/reference.go	spurious_correlation_results/human_annotation/full_code/test91/generated_completion.txt	spurious_correlation_results/human_annotation/full_code/test91/reference_completion.txt	spurious_correlation_results/human_annotation/full_code/test91/prompt.txt			
test91_t302_s07	11	7	91	test91	302	 m	m	len	7	265	.U	0.0216	\n \t _  =  l \n \tif  m [SOURCE:.U] ID  !=  nil  {  < M ID >	<|im_end|> \n <|im_start|> assistant \n \t \tl  = [TARGET: m] .U ID .Size ()\n \t \tn  +=  	\t\tl = m.UID.Size()\n\t\tn += 1 + l + sovGenerated(uint64(l))	\t\tl = len(*m.UID)\n\t\tn += 1 + l + sovGenerated(uint64(l))	spurious_correlation_results/human_annotation/full_code/test91/generated.go	spurious_correlation_results/human_annotation/full_code/test91/reference.go	spurious_correlation_results/human_annotation/full_code/test91/generated_completion.txt	spurious_correlation_results/human_annotation/full_code/test91/reference_completion.txt	spurious_correlation_results/human_annotation/full_code/test91/prompt.txt			
test91_t302_s08	11	8	91	test91	302	 m	m	len	8	106	sort	0.004037	" path  "" fmt "";  "" io "";  "" [SOURCE:sort] "";  "" k 8 s .io /apimachinery /pkg"	<|im_end|> \n <|im_start|> assistant \n \t \tl  = [TARGET: m] .U ID .Size ()\n \t \tn  +=  	\t\tl = m.UID.Size()\n\t\tn += 1 + l + sovGenerated(uint64(l))	\t\tl = len(*m.UID)\n\t\tn += 1 + l + sovGenerated(uint64(l))	spurious_correlation_results/human_annotation/full_code/test91/generated.go	spurious_correlation_results/human_annotation/full_code/test91/reference.go	spurious_correlation_results/human_annotation/full_code/test91/generated_completion.txt	spurious_correlation_results/human_annotation/full_code/test91/reference_completion.txt	spurious_correlation_results/human_annotation/full_code/test91/prompt.txt			
test91_t302_s09	11	9	91	test91	302	 m	m	len	9	238	n	0.010561	m  * Pre conditions )  Size ()  ( [SOURCE:n]  int )  {\n \tif  m  ==  nil  {\n	<|im_end|> \n <|im_start|> assistant \n \t \tl  = [TARGET: m] .U ID .Size ()\n \t \tn  +=  	\t\tl = m.UID.Size()\n\t\tn += 1 + l + sovGenerated(uint64(l))	\t\tl = len(*m.UID)\n\t\tn += 1 + l + sovGenerated(uint64(l))	spurious_correlation_results/human_annotation/full_code/test91/generated.go	spurious_correlation_results/human_annotation/full_code/test91/reference.go	spurious_correlation_results/human_annotation/full_code/test91/generated_completion.txt	spurious_correlation_results/human_annotation/full_code/test91/reference_completion.txt	spurious_correlation_results/human_annotation/full_code/test91/prompt.txt			
test91_t302_s10	11	10	91	test91	302	 m	m	len	10	248	\treturn	0.0047	)  {\n \tif  m  ==  nil  {\n \t [SOURCE:\treturn]   0 \n \t }\n \tvar  l  int	<|im_end|> \n <|im_start|> assistant \n \t \tl  = [TARGET: m] .U ID .Size ()\n \t \tn  +=  	\t\tl = m.UID.Size()\n\t\tn += 1 + l + sovGenerated(uint64(l))	\t\tl = len(*m.UID)\n\t\tn += 1 + l + sovGenerated(uint64(l))	spurious_correlation_results/human_annotation/full_code/test91/generated.go	spurious_correlation_results/human_annotation/full_code/test91/reference.go	spurious_correlation_results/human_annotation/full_code/test91/generated_completion.txt	spurious_correlation_results/human_annotation/full_code/test91/reference_completion.txt	spurious_correlation_results/human_annotation/full_code/test91/prompt.txt			
test47_t3305_s01	12	1	47	test47	3305	.Health	HealthFilterExcludeNonPassing	HealthFilterIncludeOnlyPassing	1	3304	 structs	0.01401	\n <|im_start|> assistant \n \t \tfilter Type  = [SOURCE: structs] .Health Filter Exclude Non Pass ing \n \t	<|im_start|> assistant \n \t \tfilter Type  =  structs [TARGET:.Health] Filter Exclude Non Pass ing \n \t }	\t\tfilterType = structs.HealthFilterExcludeNonPassing\n\t} else if query.Service.OnlyCritical {\n\t\tfilterType = structs.HealthFilterExcludePassing	\t\tfilterType = structs.HealthFilterIncludeOnlyPassing\n	spurious_correlation_results/human_annotation/full_code/test47/generated.go	spurious_correlation_results/human_annotation/full_code/test47/reference.go	spurious_correlation_results/human_annotation/full_code/test47/generated_completion.txt	spurious_correlation_results/human_annotation/full_code/test47/reference_completion.txt	spurious_correlation_results/human_annotation/full_code/test47/prompt.txt			
test47_t3305_s02	12	2	47	test47	3305	.Health	HealthFilterExcludeNonPassing	HealthFilterIncludeOnlyPassing	2	3015	.Health	0.044784	 any  unhealthy  nodes .\n \tfilter Type  :=  structs [SOURCE:.Health] Filter Exclude Critical \n \tif  query .Service .	<|im_start|> assistant \n \t \tfilter Type  =  structs [TARGET:.Health] Filter Exclude Non Pass ing \n \t }	\t\tfilterType = structs.HealthFilterExcludeNonPassing\n\t} else if query.Service.OnlyCritical {\n\t\tfilterType = structs.HealthFilterExcludePassing	\t\tfilterType = structs.HealthFilterIncludeOnlyPassing\n	spurious_correlation_results/human_annotation/full_code/test47/generated.go	spurious_correlation_results/human_annotation/full_code/test47/reference.go	spurious_correlation_results/human_annotation/full_code/test47/generated_completion.txt	spurious_correlation_results/human_annotation/full_code/test47/reference_completion.txt	spurious_correlation_results/human_annotation/full_code/test47/prompt.txt			
test47_t3305_s03	12	3	47	test47	3305	.Health	HealthFilterExcludeNonPassing	HealthFilterIncludeOnlyPassing	3	2945	Service	0.003327	 the  Connect  function .\n \tf  :=  state .Check [SOURCE:Service] Nodes \n \tif  query .Service .Connect  ||  force	<|im_start|> assistant \n \t \tfilter Type  =  structs [TARGET:.Health] Filter Exclude Non Pass ing \n \t }	\t\tfilterType = structs.HealthFilterExcludeNonPassing\n\t} else if query.Service.OnlyCritical {\n\t\tfilterType = structs.HealthFilterExcludePassing	\t\tfilterType = structs.HealthFilterIncludeOnlyPassing\n	spurious_correlation_results/human_annotation/full_code/test47/generated.go	spurious_correlation_results/human_annotation/full_code/test47/reference.go	spurious_correlation_results/human_annotation/full_code/test47/generated_completion.txt	spurious_correlation_results/human_annotation/full_code/test47/reference_completion.txt	spurious_correlation_results/human_annotation/full_code/test47/prompt.txt			
test47_t3305_s04	12	4	47	test47	3305	.Health	HealthFilterExcludeNonPassing	HealthFilterIncludeOnlyPassing	4	3301	\tfilter	0.010826	 are  returned <|im_end|> \n <|im_start|> assistant \n \t [SOURCE:\tfilter] Type  =  structs .Health Filter Exclude Non Pass	<|im_start|> assistant \n \t \tfilter Type  =  structs [TARGET:.Health] Filter Exclude Non Pass ing \n \t }	\t\tfilterType = structs.HealthFilterExcludeNonPassing\n\t} else if query.Service.OnlyCritical {\n\t\tfilterType = structs.HealthFilterExcludePassing	\t\tfilterType = structs.HealthFilterIncludeOnlyPassing\n	spurious_correlation_results/human_annotation/full_code/test47/generated.go	spurious_correlation_results/human_annotation/full_code/test47/reference.go	spurious_correlation_results/human_annotation/full_code/test47/generated_completion.txt	spurious_correlation_results/human_annotation/full_code/test47/reference_completion.txt	spurious_correlation_results/human_annotation/full_code/test47/prompt.txt			
test47_t3305_s05	12	5	47	test47	3305	.Health	HealthFilterExcludeNonPassing	HealthFilterIncludeOnlyPassing	5	3009	 nodes	0.004003	\t }\n\n \t //  Filter  out  any  unhealthy [SOURCE: nodes] .\n \tfilter Type  :=  structs .Health Filter Exclude	<|im_start|> assistant \n \t \tfilter Type  =  structs [TARGET:.Health] Filter Exclude Non Pass ing \n \t }	\t\tfilterType = structs.HealthFilterExcludeNonPassing\n\t} else if query.Service.OnlyCritical {\n\t\tfilterType = structs.HealthFilterExcludePassing	\t\tfilterType = structs.HealthFilterIncludeOnlyPassing\n	spurious_correlation_results/human_annotation/full_code/test47/generated.go	spurious_correlation_results/human_annotation/full_code/test47/reference.go	spurious_correlation_results/human_annotation/full_code/test47/generated_completion.txt	spurious_correlation_results/human_annotation/full_code/test47/reference_completion.txt	spurious_correlation_results/human_annotation/full_code/test47/prompt.txt			
test47_t3305_s06	12	6	47	test47	3305	.Health	HealthFilterExcludeNonPassing	HealthFilterIncludeOnlyPassing	6	3022	.Service	0.001414	 structs .Health Filter Exclude Critical \n \tif  query [SOURCE:.Service] . Only Pass ing  {  < M ID	<|im_start|> assistant \n \t \tfilter Type  =  structs [TARGET:.Health] Filter Exclude Non Pass ing \n \t }	\t\tfilterType = structs.HealthFilterExcludeNonPassing\n\t} else if query.Service.OnlyCritical {\n\t\tfilterType = structs.HealthFilterExcludePassing	\t\tfilterType = structs.HealthFilterIncludeOnlyPassing\n	spurious_correlation_results/human_annotation/full_code/test47/generated.go	spurious_correlation_results/human_annotation/full_code/test47/reference.go	spurious_correlation_results/human_annotation/full_code/test47/generated_completion.txt	spurious_correlation_results/human_annotation/full_code/test47/reference_completion.txt	spurious_correlation_results/human_annotation/full_code/test47/prompt.txt			
test47_t3305_s07	12	7	47	test47	3305	.Health	HealthFilterExcludeNonPassing	HealthFilterIncludeOnlyPassing	7	3302	Type	0.007278	 returned <|im_end|> \n <|im_start|> assistant \n \t \tfilter [SOURCE:Type]  =  structs .Health Filter Exclude Non Pass ing	<|im_start|> assistant \n \t \tfilter Type  =  structs [TARGET:.Health] Filter Exclude Non Pass ing \n \t }	\t\tfilterType = structs.HealthFilterExcludeNonPassing\n\t} else if query.Service.OnlyCritical {\n\t\tfilterType = structs.HealthFilterExcludePassing	\t\tfilterType = structs.HealthFilterIncludeOnlyPassing\n	spurious_correlation_results/human_annotation/full_code/test47/generated.go	spurious_correlation_results/human_annotation/full_code/test47/reference.go	spurious_correlation_results/human_annotation/full_code/test47/generated_completion.txt	spurious_correlation_results/human_annotation/full_code/test47/reference_completion.txt	spurious_correlation_results/human_annotation/full_code/test47/prompt.txt			
test47_t3305_s08	12	8	47	test47	3305	.Health	HealthFilterExcludeNonPassing	HealthFilterIncludeOnlyPassing	8	3018	Critical	0.005209	.\n \tfilter Type  :=  structs .Health Filter Exclude [SOURCE:Critical] \n \tif  query .Service . Only Pass ing	<|im_start|> assistant \n \t \tfilter Type  =  structs [TARGET:.Health] Filter Exclude Non Pass ing \n \t }	\t\tfilterType = structs.HealthFilterExcludeNonPassing\n\t} else if query.Service.OnlyCritical {\n\t\tfilterType = structs.HealthFilterExcludePassing	\t\tfilterType = structs.HealthFilterIncludeOnlyPassing\n	spurious_correlation_results/human_annotation/full_code/test47/generated.go	spurious_correlation_results/human_annotation/full_code/test47/reference.go	spurious_correlation_results/human_annotation/full_code/test47/generated_completion.txt	spurious_correlation_results/human_annotation/full_code/test47/reference_completion.txt	spurious_correlation_results/human_annotation/full_code/test47/prompt.txt			
test47_t3305_s09	12	9	47	test47	3305	.Health	HealthFilterExcludeNonPassing	HealthFilterIncludeOnlyPassing	9	3069	 node	0.000394	.Ignore Check IDs })\n\n \t //  Apply  the [SOURCE: node]  metadata  filters ,  if  any .\n \tif  len	<|im_start|> assistant \n \t \tfilter Type  =  structs [TARGET:.Health] Filter Exclude Non Pass ing \n \t }	\t\tfilterType = structs.HealthFilterExcludeNonPassing\n\t} else if query.Service.OnlyCritical {\n\t\tfilterType = structs.HealthFilterExcludePassing	\t\tfilterType = structs.HealthFilterIncludeOnlyPassing\n	spurious_correlation_results/human_annotation/full_code/test47/generated.go	spurious_correlation_results/human_annotation/full_code/test47/reference.go	spurious_correlation_results/human_annotation/full_code/test47/generated_completion.txt	spurious_correlation_results/human_annotation/full_code/test47/reference_completion.txt	spurious_correlation_results/human_annotation/full_code/test47/prompt.txt			
test47_t3305_s10	12	10	47	test47	3305	.Health	HealthFilterExcludeNonPassing	HealthFilterIncludeOnlyPassing	10	3041	.Check	0.001925	\t }\n\n \tnodes  =  nodes .Filter (struct s [SOURCE:.Check] Service Node Filter Options { Filter Type :	<|im_start|> assistant \n \t \tfilter Type  =  structs [TARGET:.Health] Filter Exclude Non Pass ing \n \t }	\t\tfilterType = structs.HealthFilterExcludeNonPassing\n\t} else if query.Service.OnlyCritical {\n\t\tfilterType = structs.HealthFilterExcludePassing	\t\tfilterType = structs.HealthFilterIncludeOnlyPassing\n	spurious_correlation_results/human_annotation/full_code/test47/generated.go	spurious_correlation_results/human_annotation/full_code/test47/reference.go	spurious_correlation_results/human_annotation/full_code/test47/generated_completion.txt	spurious_correlation_results/human_annotation/full_code/test47/reference_completion.txt	spurious_correlation_results/human_annotation/full_code/test47/prompt.txt			
test61_t2379_s01	13	1	61	test61	2379	(`	"`The regular expression used in the file filter ""%s"" is invalid: %s`"	"`The provided file filter: ""%s"" included an invalid regular expression.  regexp.Compile error: %s`"	1	2378	.Sprintf	0.060894	\n <|im_start|> assistant \n \t \tMessage :  fmt [SOURCE:.Sprintf] (` The  regular  expression  used  in  the  file	<|im_start|> assistant \n \t \tMessage :  fmt .Sprintf [TARGET:(`] The  regular  expression  used  in  the  file  filter	"\t\tMessage: fmt.Sprintf(`The regular expression used in the file filter ""%s"" is invalid: %s`, filter, err.Error()),\n\t\tDocLink"	"\t\tMessage: fmt.Sprintf(`The provided file filter: ""%s"" included an invalid regular expression.  regexp.Compile error: %s`, filter, err),\n\t\tDocLink: ""filtering-specs"","	spurious_correlation_results/human_annotation/full_code/test61/generated.go	spurious_correlation_results/human_annotation/full_code/test61/reference.go	spurious_correlation_results/human_annotation/full_code/test61/generated_completion.txt	spurious_correlation_results/human_annotation/full_code/test61/reference_completion.txt	spurious_correlation_results/human_annotation/full_code/test61/prompt.txt			
test61_t2379_s02	13	2	61	test61	2379	(`	"`The regular expression used in the file filter ""%s"" is invalid: %s`"	"`The provided file filter: ""%s"" included an invalid regular expression.  regexp.Compile error: %s`"	2	2377	 fmt	0.025384	<|im_end|> \n <|im_start|> assistant \n \t \tMessage : [SOURCE: fmt] .Sprintf (` The  regular  expression  used  in  the	<|im_start|> assistant \n \t \tMessage :  fmt .Sprintf [TARGET:(`] The  regular  expression  used  in  the  file  filter	"\t\tMessage: fmt.Sprintf(`The regular expression used in the file filter ""%s"" is invalid: %s`, filter, err.Error()),\n\t\tDocLink"	"\t\tMessage: fmt.Sprintf(`The provided file filter: ""%s"" included an invalid regular expression.  regexp.Compile error: %s`, filter, err),\n\t\tDocLink: ""filtering-specs"","	spurious_correlation_results/human_annotation/full_code/test61/generated.go	spurious_correlation_results/human_annotation/full_code/test61/reference.go	spurious_correlation_results/human_annotation/full_code/test61/generated_completion.txt	spurious_correlation_results/human_annotation/full_code/test61/reference_completion.txt	spurious_correlation_results/human_annotation/full_code/test61/prompt.txt			
test61_t2379_s03	13	3	61	test61	2379	(`	"`The regular expression used in the file filter ""%s"" is invalid: %s`"	"`The provided file filter: ""%s"" included an invalid regular expression.  regexp.Compile error: %s`"	3	2166	 fmt	0.007332	" "" Invalid  File  Filter "",\n \t \tMessage : [SOURCE: fmt] .Sprintf (` The  provided  file  filter :  ""%"	<|im_start|> assistant \n \t \tMessage :  fmt .Sprintf [TARGET:(`] The  regular  expression  used  in  the  file  filter	"\t\tMessage: fmt.Sprintf(`The regular expression used in the file filter ""%s"" is invalid: %s`, filter, err.Error()),\n\t\tDocLink"	"\t\tMessage: fmt.Sprintf(`The provided file filter: ""%s"" included an invalid regular expression.  regexp.Compile error: %s`, filter, err),\n\t\tDocLink: ""filtering-specs"","	spurious_correlation_results/human_annotation/full_code/test61/generated.go	spurious_correlation_results/human_annotation/full_code/test61/reference.go	spurious_correlation_results/human_annotation/full_code/test61/generated_completion.txt	spurious_correlation_results/human_annotation/full_code/test61/reference_completion.txt	spurious_correlation_results/human_annotation/full_code/test61/prompt.txt			
test61_t2379_s04	13	4	61	test61	2379	(`	"`The regular expression used in the file filter ""%s"" is invalid: %s`"	"`The provided file filter: ""%s"" included an invalid regular expression.  regexp.Compile error: %s`"	4	2306	 err	0.006445	 Invalid File Filter RegularExpression (( filter  string , [SOURCE: err]  error ))  error \n func  ( g  g	<|im_start|> assistant \n \t \tMessage :  fmt .Sprintf [TARGET:(`] The  regular  expression  used  in  the  file  filter	"\t\tMessage: fmt.Sprintf(`The regular expression used in the file filter ""%s"" is invalid: %s`, filter, err.Error()),\n\t\tDocLink"	"\t\tMessage: fmt.Sprintf(`The provided file filter: ""%s"" included an invalid regular expression.  regexp.Compile error: %s`, filter, err),\n\t\tDocLink: ""filtering-specs"","	spurious_correlation_results/human_annotation/full_code/test61/generated.go	spurious_correlation_results/human_annotation/full_code/test61/reference.go	spurious_correlation_results/human_annotation/full_code/test61/generated_completion.txt	spurious_correlation_results/human_annotation/full_code/test61/reference_completion.txt	spurious_correlation_results/human_annotation/full_code/test61/prompt.txt			
test61_t2379_s05	13	5	61	test61	2379	(`	"`The regular expression used in the file filter ""%s"" is invalid: %s`"	"`The provided file filter: ""%s"" included an invalid regular expression.  regexp.Compile error: %s`"	5	2301	RegularExpression	0.007906	 g ink go Errors )  Invalid File Filter [SOURCE:RegularExpression] (( filter  string ,  err  error ))  error	<|im_start|> assistant \n \t \tMessage :  fmt .Sprintf [TARGET:(`] The  regular  expression  used  in  the  file  filter	"\t\tMessage: fmt.Sprintf(`The regular expression used in the file filter ""%s"" is invalid: %s`, filter, err.Error()),\n\t\tDocLink"	"\t\tMessage: fmt.Sprintf(`The provided file filter: ""%s"" included an invalid regular expression.  regexp.Compile error: %s`, filter, err),\n\t\tDocLink: ""filtering-specs"","	spurious_correlation_results/human_annotation/full_code/test61/generated.go	spurious_correlation_results/human_annotation/full_code/test61/reference.go	spurious_correlation_results/human_annotation/full_code/test61/generated_completion.txt	spurious_correlation_results/human_annotation/full_code/test61/reference_completion.txt	spurious_correlation_results/human_annotation/full_code/test61/prompt.txt			
test61_t2379_s06	13	6	61	test61	2379	(`	"`The regular expression used in the file filter ""%s"" is invalid: %s`"	"`The provided file filter: ""%s"" included an invalid regular expression.  regexp.Compile error: %s`"	6	2375	\tMessage	0.00882	 are  returned <|im_end|> \n <|im_start|> assistant \n \t [SOURCE:\tMessage] :  fmt .Sprintf (` The  regular  expression  used	<|im_start|> assistant \n \t \tMessage :  fmt .Sprintf [TARGET:(`] The  regular  expression  used  in  the  file  filter	"\t\tMessage: fmt.Sprintf(`The regular expression used in the file filter ""%s"" is invalid: %s`, filter, err.Error()),\n\t\tDocLink"	"\t\tMessage: fmt.Sprintf(`The provided file filter: ""%s"" included an invalid regular expression.  regexp.Compile error: %s`, filter, err),\n\t\tDocLink: ""filtering-specs"","	spurious_correlation_results/human_annotation/full_code/test61/generated.go	spurious_correlation_results/human_annotation/full_code/test61/reference.go	spurious_correlation_results/human_annotation/full_code/test61/generated_completion.txt	spurious_correlation_results/human_annotation/full_code/test61/reference_completion.txt	spurious_correlation_results/human_annotation/full_code/test61/prompt.txt			
test61_t2379_s07	13	7	61	test61	2379	(`	"`The regular expression used in the file filter ""%s"" is invalid: %s`"	"`The provided file filter: ""%s"" included an invalid regular expression.  regexp.Compile error: %s`"	7	1812	 formatter	0.004108	" Report Entry  Values "",\n \t \tMessage :       [SOURCE: formatter] .F (` {{ bold }} Add G ink"	<|im_start|> assistant \n \t \tMessage :  fmt .Sprintf [TARGET:(`] The  regular  expression  used  in  the  file  filter	"\t\tMessage: fmt.Sprintf(`The regular expression used in the file filter ""%s"" is invalid: %s`, filter, err.Error()),\n\t\tDocLink"	"\t\tMessage: fmt.Sprintf(`The provided file filter: ""%s"" included an invalid regular expression.  regexp.Compile error: %s`, filter, err),\n\t\tDocLink: ""filtering-specs"","	spurious_correlation_results/human_annotation/full_code/test61/generated.go	spurious_correlation_results/human_annotation/full_code/test61/reference.go	spurious_correlation_results/human_annotation/full_code/test61/generated_completion.txt	spurious_correlation_results/human_annotation/full_code/test61/reference_completion.txt	spurious_correlation_results/human_annotation/full_code/test61/prompt.txt			
test61_t2379_s08	13	8	61	test61	2379	(`	"`The regular expression used in the file filter ""%s"" is invalid: %s`"	"`The provided file filter: ""%s"" included an invalid regular expression.  regexp.Compile error: %s`"	8	2326	 err	0.003074	)  Invalid File Filter RegularExpression (filter  string , [SOURCE: err]  error )  error  {\n \treturn  G ink go	<|im_start|> assistant \n \t \tMessage :  fmt .Sprintf [TARGET:(`] The  regular  expression  used  in  the  file  filter	"\t\tMessage: fmt.Sprintf(`The regular expression used in the file filter ""%s"" is invalid: %s`, filter, err.Error()),\n\t\tDocLink"	"\t\tMessage: fmt.Sprintf(`The provided file filter: ""%s"" included an invalid regular expression.  regexp.Compile error: %s`, filter, err),\n\t\tDocLink: ""filtering-specs"","	spurious_correlation_results/human_annotation/full_code/test61/generated.go	spurious_correlation_results/human_annotation/full_code/test61/reference.go	spurious_correlation_results/human_annotation/full_code/test61/generated_completion.txt	spurious_correlation_results/human_annotation/full_code/test61/reference_completion.txt	spurious_correlation_results/human_annotation/full_code/test61/prompt.txt			
test61_t2379_s09	13	9	61	test61	2379	(`	"`The regular expression used in the file filter ""%s"" is invalid: %s`"	"`The provided file filter: ""%s"" included an invalid regular expression.  regexp.Compile error: %s`"	9	2168	(`	0.011655	" File  Filter "",\n \t \tMessage :  fmt .Sprintf [SOURCE:(`] The  provided  file  filter :  ""% s """	<|im_start|> assistant \n \t \tMessage :  fmt .Sprintf [TARGET:(`] The  regular  expression  used  in  the  file  filter	"\t\tMessage: fmt.Sprintf(`The regular expression used in the file filter ""%s"" is invalid: %s`, filter, err.Error()),\n\t\tDocLink"	"\t\tMessage: fmt.Sprintf(`The provided file filter: ""%s"" included an invalid regular expression.  regexp.Compile error: %s`, filter, err),\n\t\tDocLink: ""filtering-specs"","	spurious_correlation_results/human_annotation/full_code/test61/generated.go	spurious_correlation_results/human_annotation/full_code/test61/reference.go	spurious_correlation_results/human_annotation/full_code/test61/generated_completion.txt	spurious_correlation_results/human_annotation/full_code/test61/reference_completion.txt	spurious_correlation_results/human_annotation/full_code/test61/prompt.txt			
test61_t2379_s10	13	10	61	test61	2379	(`	"`The regular expression used in the file filter ""%s"" is invalid: %s`"	"`The provided file filter: ""%s"" included an invalid regular expression.  regexp.Compile error: %s`"	10	2167	.Sprintf	0.016081	"Invalid  File  Filter "",\n \t \tMessage :  fmt [SOURCE:.Sprintf] (` The  provided  file  filter :  ""% s"	<|im_start|> assistant \n \t \tMessage :  fmt .Sprintf [TARGET:(`] The  regular  expression  used  in  the  file  filter	"\t\tMessage: fmt.Sprintf(`The regular expression used in the file filter ""%s"" is invalid: %s`, filter, err.Error()),\n\t\tDocLink"	"\t\tMessage: fmt.Sprintf(`The provided file filter: ""%s"" included an invalid regular expression.  regexp.Compile error: %s`, filter, err),\n\t\tDocLink: ""filtering-specs"","	spurious_correlation_results/human_annotation/full_code/test61/generated.go	spurious_correlation_results/human_annotation/full_code/test61/reference.go	spurious_correlation_results/human_annotation/full_code/test61/generated_completion.txt	spurious_correlation_results/human_annotation/full_code/test61/reference_completion.txt	spurious_correlation_results/human_annotation/full_code/test61/prompt.txt			
test56_t2109_s01	14	1	56	test56	2109	segment	segment_id_limit	connect	1	2029	 Segment	0.00719	" "" 1 5 s ""\n\n \t \t # [SOURCE: Segment] Name Limit  is  the  maximum  segment  name  length"	 returned <|im_end|> \n <|im_start|> assistant \n \t \t [TARGET:segment] _id _limit  =   2 5 6 \n	\t\tsegment_id_limit = 256\n\t\tports = {\n\t\t\tgrpc = 8502\n\t\t}\n\t\texperiments	"\t\tconnect = {\n\t\t\t# 0s causes the value to be ignored and operate without capping\n\t\t\t# the max time before leaf certs can be generated after a roots change.\n\t\t\ttest_ca_leaf_root_change_spread = ""0s""\n\t\t}"	spurious_correlation_results/human_annotation/full_code/test56/generated.go	spurious_correlation_results/human_annotation/full_code/test56/reference.go	spurious_correlation_results/human_annotation/full_code/test56/generated_completion.txt	spurious_correlation_results/human_annotation/full_code/test56/reference_completion.txt	spurious_correlation_results/human_annotation/full_code/test56/prompt.txt			
test56_t2109_s02	14	2	56	test56	2109	segment	segment_id_limit	connect	2	530	 segment	0.005456	" "" 3 0 s ""\n\n \t \t # [SOURCE: segment] _limit  is  the  maximum  number  of  network  segments"	 returned <|im_end|> \n <|im_start|> assistant \n \t \t [TARGET:segment] _id _limit  =   2 5 6 \n	\t\tsegment_id_limit = 256\n\t\tports = {\n\t\t\tgrpc = 8502\n\t\t}\n\t\texperiments	"\t\tconnect = {\n\t\t\t# 0s causes the value to be ignored and operate without capping\n\t\t\t# the max time before leaf certs can be generated after a roots change.\n\t\t\ttest_ca_leaf_root_change_spread = ""0s""\n\t\t}"	spurious_correlation_results/human_annotation/full_code/test56/generated.go	spurious_correlation_results/human_annotation/full_code/test56/reference.go	spurious_correlation_results/human_annotation/full_code/test56/generated_completion.txt	spurious_correlation_results/human_annotation/full_code/test56/reference_completion.txt	spurious_correlation_results/human_annotation/full_code/test56/prompt.txt			
test56_t2109_s03	14	3	56	test56	2109	segment	segment_id_limit	connect	3	554	segment	0.001552	6 4  is  highly  encouraged \n \t \t [SOURCE:segment] _limit  =   6 4 \n\n \t \tserver	 returned <|im_end|> \n <|im_start|> assistant \n \t \t [TARGET:segment] _id _limit  =   2 5 6 \n	\t\tsegment_id_limit = 256\n\t\tports = {\n\t\t\tgrpc = 8502\n\t\t}\n\t\texperiments	"\t\tconnect = {\n\t\t\t# 0s causes the value to be ignored and operate without capping\n\t\t\t# the max time before leaf certs can be generated after a roots change.\n\t\t\ttest_ca_leaf_root_change_spread = ""0s""\n\t\t}"	spurious_correlation_results/human_annotation/full_code/test56/generated.go	spurious_correlation_results/human_annotation/full_code/test56/reference.go	spurious_correlation_results/human_annotation/full_code/test56/generated_completion.txt	spurious_correlation_results/human_annotation/full_code/test56/reference_completion.txt	spurious_correlation_results/human_annotation/full_code/test56/prompt.txt			
test56_t2109_s04	14	4	56	test56	2109	segment	segment_id_limit	connect	4	1273	ports	0.005203	 =  true \n \t \t }\n \t \t [SOURCE:ports]  =  {\n \t\t \td ns  =   8	 returned <|im_end|> \n <|im_start|> assistant \n \t \t [TARGET:segment] _id _limit  =   2 5 6 \n	\t\tsegment_id_limit = 256\n\t\tports = {\n\t\t\tgrpc = 8502\n\t\t}\n\t\texperiments	"\t\tconnect = {\n\t\t\t# 0s causes the value to be ignored and operate without capping\n\t\t\t# the max time before leaf certs can be generated after a roots change.\n\t\t\ttest_ca_leaf_root_change_spread = ""0s""\n\t\t}"	spurious_correlation_results/human_annotation/full_code/test56/generated.go	spurious_correlation_results/human_annotation/full_code/test56/reference.go	spurious_correlation_results/human_annotation/full_code/test56/generated_completion.txt	spurious_correlation_results/human_annotation/full_code/test56/reference_completion.txt	spurious_correlation_results/human_annotation/full_code/test56/prompt.txt			
test56_t2109_s05	14	5	56	test56	2109	segment	segment_id_limit	connect	5	2041	segment	0.001043	 the  maximum  segment  name  length .\n \t \t [SOURCE:segment] _name _limit  =   6 4 \n  <	 returned <|im_end|> \n <|im_start|> assistant \n \t \t [TARGET:segment] _id _limit  =   2 5 6 \n	\t\tsegment_id_limit = 256\n\t\tports = {\n\t\t\tgrpc = 8502\n\t\t}\n\t\texperiments	"\t\tconnect = {\n\t\t\t# 0s causes the value to be ignored and operate without capping\n\t\t\t# the max time before leaf certs can be generated after a roots change.\n\t\t\ttest_ca_leaf_root_change_spread = ""0s""\n\t\t}"	spurious_correlation_results/human_annotation/full_code/test56/generated.go	spurious_correlation_results/human_annotation/full_code/test56/reference.go	spurious_correlation_results/human_annotation/full_code/test56/generated_completion.txt	spurious_correlation_results/human_annotation/full_code/test56/reference_completion.txt	spurious_correlation_results/human_annotation/full_code/test56/prompt.txt			
test56_t2109_s06	14	6	56	test56	2109	segment	segment_id_limit	connect	6	1020	limits	0.005794	"2 s ""\n \t \t }\n \t \t [SOURCE:limits]  =  {\n \t\t \thttp _max _con ns _per"	 returned <|im_end|> \n <|im_start|> assistant \n \t \t [TARGET:segment] _id _limit  =   2 5 6 \n	\t\tsegment_id_limit = 256\n\t\tports = {\n\t\t\tgrpc = 8502\n\t\t}\n\t\texperiments	"\t\tconnect = {\n\t\t\t# 0s causes the value to be ignored and operate without capping\n\t\t\t# the max time before leaf certs can be generated after a roots change.\n\t\t\ttest_ca_leaf_root_change_spread = ""0s""\n\t\t}"	spurious_correlation_results/human_annotation/full_code/test56/generated.go	spurious_correlation_results/human_annotation/full_code/test56/reference.go	spurious_correlation_results/human_annotation/full_code/test56/generated_completion.txt	spurious_correlation_results/human_annotation/full_code/test56/reference_completion.txt	spurious_correlation_results/human_annotation/full_code/test56/prompt.txt			
test56_t2109_s07	14	7	56	test56	2109	segment	segment_id_limit	connect	7	657	autop	0.005773	/ cons ul /config .go .\n \t \t [SOURCE:autop] ilot  =  {\n \t\t \tc leanup _dead _servers	 returned <|im_end|> \n <|im_start|> assistant \n \t \t [TARGET:segment] _id _limit  =   2 5 6 \n	\t\tsegment_id_limit = 256\n\t\tports = {\n\t\t\tgrpc = 8502\n\t\t}\n\t\texperiments	"\t\tconnect = {\n\t\t\t# 0s causes the value to be ignored and operate without capping\n\t\t\t# the max time before leaf certs can be generated after a roots change.\n\t\t\ttest_ca_leaf_root_change_spread = ""0s""\n\t\t}"	spurious_correlation_results/human_annotation/full_code/test56/generated.go	spurious_correlation_results/human_annotation/full_code/test56/reference.go	spurious_correlation_results/human_annotation/full_code/test56/generated_completion.txt	spurious_correlation_results/human_annotation/full_code/test56/reference_completion.txt	spurious_correlation_results/human_annotation/full_code/test56/prompt.txt			
test56_t2109_s08	14	8	56	test56	2109	segment	segment_id_limit	connect	8	74	agent	0.004783	.com /hash ic orp / cons ul / [SOURCE:agent] /config  Below  is  the  code  repository :  github	 returned <|im_end|> \n <|im_start|> assistant \n \t \t [TARGET:segment] _id _limit  =   2 5 6 \n	\t\tsegment_id_limit = 256\n\t\tports = {\n\t\t\tgrpc = 8502\n\t\t}\n\t\texperiments	"\t\tconnect = {\n\t\t\t# 0s causes the value to be ignored and operate without capping\n\t\t\t# the max time before leaf certs can be generated after a roots change.\n\t\t\ttest_ca_leaf_root_change_spread = ""0s""\n\t\t}"	spurious_correlation_results/human_annotation/full_code/test56/generated.go	spurious_correlation_results/human_annotation/full_code/test56/reference.go	spurious_correlation_results/human_annotation/full_code/test56/generated_completion.txt	spurious_correlation_results/human_annotation/full_code/test56/reference_completion.txt	spurious_correlation_results/human_annotation/full_code/test56/prompt.txt			
test56_t2109_s09	14	9	56	test56	2109	segment	segment_id_limit	connect	9	1723	\tui	0.003107	\t \t enable _debug  =  true \n \t [SOURCE:\tui] _config  {\n \t\t \t enabled  =  true \n	 returned <|im_end|> \n <|im_start|> assistant \n \t \t [TARGET:segment] _id _limit  =   2 5 6 \n	\t\tsegment_id_limit = 256\n\t\tports = {\n\t\t\tgrpc = 8502\n\t\t}\n\t\texperiments	"\t\tconnect = {\n\t\t\t# 0s causes the value to be ignored and operate without capping\n\t\t\t# the max time before leaf certs can be generated after a roots change.\n\t\t\ttest_ca_leaf_root_change_spread = ""0s""\n\t\t}"	spurious_correlation_results/human_annotation/full_code/test56/generated.go	spurious_correlation_results/human_annotation/full_code/test56/reference.go	spurious_correlation_results/human_annotation/full_code/test56/generated_completion.txt	spurious_correlation_results/human_annotation/full_code/test56/reference_completion.txt	spurious_correlation_results/human_annotation/full_code/test56/prompt.txt			
test56_t2109_s10	14	10	56	test56	2109	segment	segment_id_limit	connect	10	2005	ync	0.001629	"_interval  =  "" 1 m ""\n \t \ts [SOURCE:ync] _coordinate _rate _target  =   6 4 \n"	 returned <|im_end|> \n <|im_start|> assistant \n \t \t [TARGET:segment] _id _limit  =   2 5 6 \n	\t\tsegment_id_limit = 256\n\t\tports = {\n\t\t\tgrpc = 8502\n\t\t}\n\t\texperiments	"\t\tconnect = {\n\t\t\t# 0s causes the value to be ignored and operate without capping\n\t\t\t# the max time before leaf certs can be generated after a roots change.\n\t\t\ttest_ca_leaf_root_change_spread = ""0s""\n\t\t}"	spurious_correlation_results/human_annotation/full_code/test56/generated.go	spurious_correlation_results/human_annotation/full_code/test56/reference.go	spurious_correlation_results/human_annotation/full_code/test56/generated_completion.txt	spurious_correlation_results/human_annotation/full_code/test56/reference_completion.txt	spurious_correlation_results/human_annotation/full_code/test56/prompt.txt			
test58_t703_s01	15	1	58	test58	703	 metric	metric	MakeMetrics	1	249	etric	0.022036	"roach db / cock roach /pkg /util /m [SOURCE:etric] "";  "" github .com / cock roach db"	"<|im_start|> assistant \n \t \tm etrics :   [TARGET: metric] .New Struct (st ,  "" cloud _ extern"	"\t\tmetrics:  metric.NewStruct(st, ""cloud_externals""),\n\t}"	\t\tmetrics:  MakeMetrics(lookup),\n\t}	spurious_correlation_results/human_annotation/full_code/test58/generated.go	spurious_correlation_results/human_annotation/full_code/test58/reference.go	spurious_correlation_results/human_annotation/full_code/test58/generated_completion.txt	spurious_correlation_results/human_annotation/full_code/test58/reference_completion.txt	spurious_correlation_results/human_annotation/full_code/test58/prompt.txt			
test58_t703_s02	15	2	58	test58	703	 metric	metric	MakeMetrics	2	359	 metric	0.015418	\tl imiters  Limit ers \n \tm etrics   [SOURCE: metric] .Struct \n }\n //  Methods :\n -  func	"<|im_start|> assistant \n \t \tm etrics :   [TARGET: metric] .New Struct (st ,  "" cloud _ extern"	"\t\tmetrics:  metric.NewStruct(st, ""cloud_externals""),\n\t}"	\t\tmetrics:  MakeMetrics(lookup),\n\t}	spurious_correlation_results/human_annotation/full_code/test58/generated.go	spurious_correlation_results/human_annotation/full_code/test58/reference.go	spurious_correlation_results/human_annotation/full_code/test58/generated_completion.txt	spurious_correlation_results/human_annotation/full_code/test58/reference_completion.txt	spurious_correlation_results/human_annotation/full_code/test58/prompt.txt			
test58_t703_s03	15	3	58	test58	703	 metric	metric	MakeMetrics	3	250	""";"	0.002934	"db / cock roach /pkg /util /m etric [SOURCE:"";]  "" github .com / cock roach db /errors"	"<|im_start|> assistant \n \t \tm etrics :   [TARGET: metric] .New Struct (st ,  "" cloud _ extern"	"\t\tmetrics:  metric.NewStruct(st, ""cloud_externals""),\n\t}"	\t\tmetrics:  MakeMetrics(lookup),\n\t}	spurious_correlation_results/human_annotation/full_code/test58/generated.go	spurious_correlation_results/human_annotation/full_code/test58/reference.go	spurious_correlation_results/human_annotation/full_code/test58/generated_completion.txt	spurious_correlation_results/human_annotation/full_code/test58/reference_completion.txt	spurious_correlation_results/human_annotation/full_code/test58/prompt.txt			
test58_t703_s04	15	4	58	test58	703	 metric	metric	MakeMetrics	4	357	etrics	0.014791	.Settings \n \tl imiters  Limit ers \n \tm [SOURCE:etrics]    metric .Struct \n }\n //  Methods :\n	"<|im_start|> assistant \n \t \tm etrics :   [TARGET: metric] .New Struct (st ,  "" cloud _ extern"	"\t\tmetrics:  metric.NewStruct(st, ""cloud_externals""),\n\t}"	\t\tmetrics:  MakeMetrics(lookup),\n\t}	spurious_correlation_results/human_annotation/full_code/test58/generated.go	spurious_correlation_results/human_annotation/full_code/test58/reference.go	spurious_correlation_results/human_annotation/full_code/test58/generated_completion.txt	spurious_correlation_results/human_annotation/full_code/test58/reference_completion.txt	spurious_correlation_results/human_annotation/full_code/test58/prompt.txt			
test58_t703_s05	15	5	58	test58	703	 metric	metric	MakeMetrics	5	379	 metric	0.002671	Early Boot External Storage Accessor )  Metrics () [SOURCE: metric] .Struct \n -  func  ( a  * Early	"<|im_start|> assistant \n \t \tm etrics :   [TARGET: metric] .New Struct (st ,  "" cloud _ extern"	"\t\tmetrics:  metric.NewStruct(st, ""cloud_externals""),\n\t}"	\t\tmetrics:  MakeMetrics(lookup),\n\t}	spurious_correlation_results/human_annotation/full_code/test58/generated.go	spurious_correlation_results/human_annotation/full_code/test58/reference.go	spurious_correlation_results/human_annotation/full_code/test58/generated_completion.txt	spurious_correlation_results/human_annotation/full_code/test58/reference_completion.txt	spurious_correlation_results/human_annotation/full_code/test58/prompt.txt			
test58_t703_s06	15	6	58	test58	703	 metric	metric	MakeMetrics	6	360	.Struct	0.010215	imiters  Limit ers \n \tm etrics    metric [SOURCE:.Struct] \n }\n //  Methods :\n -  func  (	"<|im_start|> assistant \n \t \tm etrics :   [TARGET: metric] .New Struct (st ,  "" cloud _ extern"	"\t\tmetrics:  metric.NewStruct(st, ""cloud_externals""),\n\t}"	\t\tmetrics:  MakeMetrics(lookup),\n\t}	spurious_correlation_results/human_annotation/full_code/test58/generated.go	spurious_correlation_results/human_annotation/full_code/test58/reference.go	spurious_correlation_results/human_annotation/full_code/test58/generated_completion.txt	spurious_correlation_results/human_annotation/full_code/test58/reference_completion.txt	spurious_correlation_results/human_annotation/full_code/test58/prompt.txt			
test58_t703_s07	15	7	58	test58	703	 metric	metric	MakeMetrics	7	353	 Limit	0.008863	\n \tsettings  * cluster .Settings \n \tl imiters [SOURCE: Limit] ers \n \tm etrics    metric .Struct \n	"<|im_start|> assistant \n \t \tm etrics :   [TARGET: metric] .New Struct (st ,  "" cloud _ extern"	"\t\tmetrics:  metric.NewStruct(st, ""cloud_externals""),\n\t}"	\t\tmetrics:  MakeMetrics(lookup),\n\t}	spurious_correlation_results/human_annotation/full_code/test58/generated.go	spurious_correlation_results/human_annotation/full_code/test58/reference.go	spurious_correlation_results/human_annotation/full_code/test58/generated_completion.txt	spurious_correlation_results/human_annotation/full_code/test58/reference_completion.txt	spurious_correlation_results/human_annotation/full_code/test58/prompt.txt			
test58_t703_s08	15	8	58	test58	703	 metric	metric	MakeMetrics	8	335	 struct	0.010968	 definition :\n type  Early Boot External Storage Accessor [SOURCE: struct]  {\n \tconf       base .Ex ternal IOD ir	"<|im_start|> assistant \n \t \tm etrics :   [TARGET: metric] .New Struct (st ,  "" cloud _ extern"	"\t\tmetrics:  metric.NewStruct(st, ""cloud_externals""),\n\t}"	\t\tmetrics:  MakeMetrics(lookup),\n\t}	spurious_correlation_results/human_annotation/full_code/test58/generated.go	spurious_correlation_results/human_annotation/full_code/test58/reference.go	spurious_correlation_results/human_annotation/full_code/test58/generated_completion.txt	spurious_correlation_results/human_annotation/full_code/test58/reference_completion.txt	spurious_correlation_results/human_annotation/full_code/test58/prompt.txt			
test58_t703_s09	15	9	58	test58	703	 metric	metric	MakeMetrics	9	667	 Make	0.005608	\tsettings :  st ,\n \t \tl imiters : [SOURCE: Make] Limit ers (& st .S V ),  <	"<|im_start|> assistant \n \t \tm etrics :   [TARGET: metric] .New Struct (st ,  "" cloud _ extern"	"\t\tmetrics:  metric.NewStruct(st, ""cloud_externals""),\n\t}"	\t\tmetrics:  MakeMetrics(lookup),\n\t}	spurious_correlation_results/human_annotation/full_code/test58/generated.go	spurious_correlation_results/human_annotation/full_code/test58/reference.go	spurious_correlation_results/human_annotation/full_code/test58/generated_completion.txt	spurious_correlation_results/human_annotation/full_code/test58/reference_completion.txt	spurious_correlation_results/human_annotation/full_code/test58/prompt.txt			
test58_t703_s10	15	10	58	test58	703	 metric	metric	MakeMetrics	10	103	/sql	0.003047	" imported  package  path  "" context "";  "" database [SOURCE:/sql] /d river "";  "" io "";  "" net"	"<|im_start|> assistant \n \t \tm etrics :   [TARGET: metric] .New Struct (st ,  "" cloud _ extern"	"\t\tmetrics:  metric.NewStruct(st, ""cloud_externals""),\n\t}"	\t\tmetrics:  MakeMetrics(lookup),\n\t}	spurious_correlation_results/human_annotation/full_code/test58/generated.go	spurious_correlation_results/human_annotation/full_code/test58/reference.go	spurious_correlation_results/human_annotation/full_code/test58/generated_completion.txt	spurious_correlation_results/human_annotation/full_code/test58/reference_completion.txt	spurious_correlation_results/human_annotation/full_code/test58/prompt.txt			
test84_t347_s01	16	1	84	test84	347	Initial	InitialAnnotationString	FmtAnnotations	1	152	Annotations	0.018383	 is  ( root AST  Statement ,  ann  * [SOURCE:Annotations] ,  fs  F mt Flags )  The  return	 returned <|im_end|> \n <|im_start|> assistant \n \t \t [TARGET:Initial] Annotation String :  ann .String (),\n \t ).	\t\tInitialAnnotationString: ann.String(),\n\t).SetContentType(ContentTypeSQL)	\t\tFmtAnnotations(ann),\n\t)\n\tf.FormatNode(rootAST)\n\tformattedRedactableStatementString := f.CloseAndGetString()	spurious_correlation_results/human_annotation/full_code/test84/generated.go	spurious_correlation_results/human_annotation/full_code/test84/reference.go	spurious_correlation_results/human_annotation/full_code/test84/generated_completion.txt	spurious_correlation_results/human_annotation/full_code/test84/reference_completion.txt	spurious_correlation_results/human_annotation/full_code/test84/prompt.txt			
test84_t347_s02	16	2	84	test84	347	Initial	InitialAnnotationString	FmtAnnotations	2	150	 ann	0.021669	 the  function  is  ( root AST  Statement , [SOURCE: ann]  * Annotations ,  fs  F mt Flags )	 returned <|im_end|> \n <|im_start|> assistant \n \t \t [TARGET:Initial] Annotation String :  ann .String (),\n \t ).	\t\tInitialAnnotationString: ann.String(),\n\t).SetContentType(ContentTypeSQL)	\t\tFmtAnnotations(ann),\n\t)\n\tf.FormatNode(rootAST)\n\tformattedRedactableStatementString := f.CloseAndGetString()	spurious_correlation_results/human_annotation/full_code/test84/generated.go	spurious_correlation_results/human_annotation/full_code/test84/reference.go	spurious_correlation_results/human_annotation/full_code/test84/generated_completion.txt	spurious_correlation_results/human_annotation/full_code/test84/reference_completion.txt	spurious_correlation_results/human_annotation/full_code/test84/prompt.txt			
test84_t347_s03	16	3	84	test84	347	Initial	InitialAnnotationString	FmtAnnotations	3	303	Ctx	0.030177	.Red actable String  {\n \tf  :=  New Fmt [SOURCE:Ctx] (\n \t \tfs ,  < M ID >	 returned <|im_end|> \n <|im_start|> assistant \n \t \t [TARGET:Initial] Annotation String :  ann .String (),\n \t ).	\t\tInitialAnnotationString: ann.String(),\n\t).SetContentType(ContentTypeSQL)	\t\tFmtAnnotations(ann),\n\t)\n\tf.FormatNode(rootAST)\n\tformattedRedactableStatementString := f.CloseAndGetString()	spurious_correlation_results/human_annotation/full_code/test84/generated.go	spurious_correlation_results/human_annotation/full_code/test84/reference.go	spurious_correlation_results/human_annotation/full_code/test84/generated_completion.txt	spurious_correlation_results/human_annotation/full_code/test84/reference_completion.txt	spurious_correlation_results/human_annotation/full_code/test84/prompt.txt			
test84_t347_s04	16	4	84	test84	347	Initial	InitialAnnotationString	FmtAnnotations	4	122	act	0.006342	" "" github .com / cock roach db /red [SOURCE:act] ""  The  receiver  struct  definitions  of  the  function"	 returned <|im_end|> \n <|im_start|> assistant \n \t \t [TARGET:Initial] Annotation String :  ann .String (),\n \t ).	\t\tInitialAnnotationString: ann.String(),\n\t).SetContentType(ContentTypeSQL)	\t\tFmtAnnotations(ann),\n\t)\n\tf.FormatNode(rootAST)\n\tformattedRedactableStatementString := f.CloseAndGetString()	spurious_correlation_results/human_annotation/full_code/test84/generated.go	spurious_correlation_results/human_annotation/full_code/test84/reference.go	spurious_correlation_results/human_annotation/full_code/test84/generated_completion.txt	spurious_correlation_results/human_annotation/full_code/test84/reference_completion.txt	spurious_correlation_results/human_annotation/full_code/test84/prompt.txt			
test84_t347_s05	16	5	84	test84	347	Initial	InitialAnnotationString	FmtAnnotations	5	279	Annotations	0.00368	String (( root AST  Statement ,  ann  * [SOURCE:Annotations] ,  fs  F mt Flags ))  red act	 returned <|im_end|> \n <|im_start|> assistant \n \t \t [TARGET:Initial] Annotation String :  ann .String (),\n \t ).	\t\tInitialAnnotationString: ann.String(),\n\t).SetContentType(ContentTypeSQL)	\t\tFmtAnnotations(ann),\n\t)\n\tf.FormatNode(rootAST)\n\tformattedRedactableStatementString := f.CloseAndGetString()	spurious_correlation_results/human_annotation/full_code/test84/generated.go	spurious_correlation_results/human_annotation/full_code/test84/reference.go	spurious_correlation_results/human_annotation/full_code/test84/generated_completion.txt	spurious_correlation_results/human_annotation/full_code/test84/reference_completion.txt	spurious_correlation_results/human_annotation/full_code/test84/prompt.txt			
test84_t347_s06	16	6	84	test84	347	Initial	InitialAnnotationString	FmtAnnotations	6	306	\tfs	0.0078	 {\n \tf  :=  New Fmt Ctx (\n \t [SOURCE:\tfs] ,  < M ID >   \treturn  red	 returned <|im_end|> \n <|im_start|> assistant \n \t \t [TARGET:Initial] Annotation String :  ann .String (),\n \t ).	\t\tInitialAnnotationString: ann.String(),\n\t).SetContentType(ContentTypeSQL)	\t\tFmtAnnotations(ann),\n\t)\n\tf.FormatNode(rootAST)\n\tformattedRedactableStatementString := f.CloseAndGetString()	spurious_correlation_results/human_annotation/full_code/test84/generated.go	spurious_correlation_results/human_annotation/full_code/test84/reference.go	spurious_correlation_results/human_annotation/full_code/test84/generated_completion.txt	spurious_correlation_results/human_annotation/full_code/test84/reference_completion.txt	spurious_correlation_results/human_annotation/full_code/test84/prompt.txt			
test84_t347_s07	16	7	84	test84	347	Initial	InitialAnnotationString	FmtAnnotations	7	121	/red	0.009141	""";  "" github .com / cock roach db [SOURCE:/red] act ""  The  receiver  struct  definitions  of  the"	 returned <|im_end|> \n <|im_start|> assistant \n \t \t [TARGET:Initial] Annotation String :  ann .String (),\n \t ).	\t\tInitialAnnotationString: ann.String(),\n\t).SetContentType(ContentTypeSQL)	\t\tFmtAnnotations(ann),\n\t)\n\tf.FormatNode(rootAST)\n\tformattedRedactableStatementString := f.CloseAndGetString()	spurious_correlation_results/human_annotation/full_code/test84/generated.go	spurious_correlation_results/human_annotation/full_code/test84/reference.go	spurious_correlation_results/human_annotation/full_code/test84/generated_completion.txt	spurious_correlation_results/human_annotation/full_code/test84/reference_completion.txt	spurious_correlation_results/human_annotation/full_code/test84/prompt.txt			
test84_t347_s08	16	8	84	test84	347	Initial	InitialAnnotationString	FmtAnnotations	8	221	(sv	0.004014	red act Names In SQL Statement Log .Get [SOURCE:(sv] )  {\n \t \tfs  =  fs  |  F	 returned <|im_end|> \n <|im_start|> assistant \n \t \t [TARGET:Initial] Annotation String :  ann .String (),\n \t ).	\t\tInitialAnnotationString: ann.String(),\n\t).SetContentType(ContentTypeSQL)	\t\tFmtAnnotations(ann),\n\t)\n\tf.FormatNode(rootAST)\n\tformattedRedactableStatementString := f.CloseAndGetString()	spurious_correlation_results/human_annotation/full_code/test84/generated.go	spurious_correlation_results/human_annotation/full_code/test84/reference.go	spurious_correlation_results/human_annotation/full_code/test84/generated_completion.txt	spurious_correlation_results/human_annotation/full_code/test84/reference_completion.txt	spurious_correlation_results/human_annotation/full_code/test84/prompt.txt			
test84_t347_s09	16	9	84	test84	347	Initial	InitialAnnotationString	FmtAnnotations	9	78	/tree	0.010664	db / cock roach /pkg /sql / sem [SOURCE:/tree]  Below  is  the  code  repository :  github .com	 returned <|im_end|> \n <|im_start|> assistant \n \t \t [TARGET:Initial] Annotation String :  ann .String (),\n \t ).	\t\tInitialAnnotationString: ann.String(),\n\t).SetContentType(ContentTypeSQL)	\t\tFmtAnnotations(ann),\n\t)\n\tf.FormatNode(rootAST)\n\tformattedRedactableStatementString := f.CloseAndGetString()	spurious_correlation_results/human_annotation/full_code/test84/generated.go	spurious_correlation_results/human_annotation/full_code/test84/reference.go	spurious_correlation_results/human_annotation/full_code/test84/generated_completion.txt	spurious_correlation_results/human_annotation/full_code/test84/reference_completion.txt	spurious_correlation_results/human_annotation/full_code/test84/prompt.txt			
test84_t347_s10	16	10	84	test84	347	Initial	InitialAnnotationString	FmtAnnotations	10	148	 Statement	0.012404	 exist  of  the  function  is  ( root AST [SOURCE: Statement] ,  ann  * Annotations ,  fs  F mt	 returned <|im_end|> \n <|im_start|> assistant \n \t \t [TARGET:Initial] Annotation String :  ann .String (),\n \t ).	\t\tInitialAnnotationString: ann.String(),\n\t).SetContentType(ContentTypeSQL)	\t\tFmtAnnotations(ann),\n\t)\n\tf.FormatNode(rootAST)\n\tformattedRedactableStatementString := f.CloseAndGetString()	spurious_correlation_results/human_annotation/full_code/test84/generated.go	spurious_correlation_results/human_annotation/full_code/test84/reference.go	spurious_correlation_results/human_annotation/full_code/test84/generated_completion.txt	spurious_correlation_results/human_annotation/full_code/test84/reference_completion.txt	spurious_correlation_results/human_annotation/full_code/test84/prompt.txt			
test8_t1930_s01	17	1	8	test8	1930	\tresult	result	return	1	1895	func	0.016415	 env  * ast .Map Type ))  string \n [SOURCE:func]  expand (s  string ,  env  map [string ]string	">  are  returned <|im_end|> \n <|im_start|> assistant \n [TARGET:\tresult] ,  _  :=  tmpl .New (""""). Apply (s"	"\tresult, _ := tmpl.New("""").Apply(s, env)\n\treturn result"	\treturn os.Expand(s, func(key string) string {\n\t\treturn env[key]\n\t})	spurious_correlation_results/human_annotation/full_code/test8/generated.go	spurious_correlation_results/human_annotation/full_code/test8/reference.go	spurious_correlation_results/human_annotation/full_code/test8/generated_completion.txt	spurious_correlation_results/human_annotation/full_code/test8/reference_completion.txt	spurious_correlation_results/human_annotation/full_code/test8/prompt.txt			
test8_t1930_s02	17	2	8	test8	1930	\tresult	result	return	2	1347	 keyValue	0.0051	.With Artifact (a )\n \t }\n\n \tfor  _, [SOURCE: keyValue]  :=  range  cfg .Env  {\n \t \trender ed	">  are  returned <|im_end|> \n <|im_start|> assistant \n [TARGET:\tresult] ,  _  :=  tmpl .New (""""). Apply (s"	"\tresult, _ := tmpl.New("""").Apply(s, env)\n\treturn result"	\treturn os.Expand(s, func(key string) string {\n\t\treturn env[key]\n\t})	spurious_correlation_results/human_annotation/full_code/test8/generated.go	spurious_correlation_results/human_annotation/full_code/test8/reference.go	spurious_correlation_results/human_annotation/full_code/test8/generated_completion.txt	spurious_correlation_results/human_annotation/full_code/test8/reference_completion.txt	spurious_correlation_results/human_annotation/full_code/test8/prompt.txt			
test8_t1930_s03	17	3	8	test8	1930	\tresult	result	return	3	1882	 expand	0.021001	 the  function  you  are  asked  to  complete  func [SOURCE: expand] (( s  string ,  env  * ast .Map	">  are  returned <|im_end|> \n <|im_start|> assistant \n [TARGET:\tresult] ,  _  :=  tmpl .New (""""). Apply (s"	"\tresult, _ := tmpl.New("""").Apply(s, env)\n\treturn result"	\treturn os.Expand(s, func(key string) string {\n\t\treturn env[key]\n\t})	spurious_correlation_results/human_annotation/full_code/test8/generated.go	spurious_correlation_results/human_annotation/full_code/test8/reference.go	spurious_correlation_results/human_annotation/full_code/test8/generated_completion.txt	spurious_correlation_results/human_annotation/full_code/test8/reference_completion.txt	spurious_correlation_results/human_annotation/full_code/test8/prompt.txt			
test8_t1930_s04	17	4	8	test8	1930	\tresult	result	return	4	276	mpl	0.004046	"/g ore le aser /v 2 /internal /t [SOURCE:mpl] "";  "" github .com /g ore le aser"	">  are  returned <|im_end|> \n <|im_start|> assistant \n [TARGET:\tresult] ,  _  :=  tmpl .New (""""). Apply (s"	"\tresult, _ := tmpl.New("""").Apply(s, env)\n\treturn result"	\treturn os.Expand(s, func(key string) string {\n\t\treturn env[key]\n\t})	spurious_correlation_results/human_annotation/full_code/test8/generated.go	spurious_correlation_results/human_annotation/full_code/test8/reference.go	spurious_correlation_results/human_annotation/full_code/test8/generated_completion.txt	spurious_correlation_results/human_annotation/full_code/test8/reference_completion.txt	spurious_correlation_results/human_annotation/full_code/test8/prompt.txt			
test8_t1930_s05	17	5	8	test8	1930	\tresult	result	return	5	1363	(exp	0.011259	ed KeyValue ,  err  :=  templ ater .Apply [SOURCE:(exp] and (key Value ,  env ))\n \t \tif	">  are  returned <|im_end|> \n <|im_start|> assistant \n [TARGET:\tresult] ,  _  :=  tmpl .New (""""). Apply (s"	"\tresult, _ := tmpl.New("""").Apply(s, env)\n\treturn result"	\treturn os.Expand(s, func(key string) string {\n\t\treturn env[key]\n\t})	spurious_correlation_results/human_annotation/full_code/test8/generated.go	spurious_correlation_results/human_annotation/full_code/test8/reference.go	spurious_correlation_results/human_annotation/full_code/test8/generated_completion.txt	spurious_correlation_results/human_annotation/full_code/test8/reference_completion.txt	spurious_correlation_results/human_annotation/full_code/test8/prompt.txt			
test8_t1930_s06	17	6	8	test8	1930	\tresult	result	return	6	1896	 expand	0.016276	 * ast .Map Type ))  string \n func [SOURCE: expand] (s  string ,  env  map [string ]string )	">  are  returned <|im_end|> \n <|im_start|> assistant \n [TARGET:\tresult] ,  _  :=  tmpl .New (""""). Apply (s"	"\tresult, _ := tmpl.New("""").Apply(s, env)\n\treturn result"	\treturn os.Expand(s, func(key string) string {\n\t\treturn env[key]\n\t})	spurious_correlation_results/human_annotation/full_code/test8/generated.go	spurious_correlation_results/human_annotation/full_code/test8/reference.go	spurious_correlation_results/human_annotation/full_code/test8/generated_completion.txt	spurious_correlation_results/human_annotation/full_code/test8/reference_completion.txt	spurious_correlation_results/human_annotation/full_code/test8/prompt.txt			
test8_t1930_s07	17	7	8	test8	1930	\tresult	result	return	7	1461	 expand	0.005555	 :=  range  cfg .Documents  {\n \t \tinput  := [SOURCE: expand] (sb om ,  env )\n \t \tif  !	">  are  returned <|im_end|> \n <|im_start|> assistant \n [TARGET:\tresult] ,  _  :=  tmpl .New (""""). Apply (s"	"\tresult, _ := tmpl.New("""").Apply(s, env)\n\treturn result"	\treturn os.Expand(s, func(key string) string {\n\t\treturn env[key]\n\t})	spurious_correlation_results/human_annotation/full_code/test8/generated.go	spurious_correlation_results/human_annotation/full_code/test8/reference.go	spurious_correlation_results/human_annotation/full_code/test8/generated_completion.txt	spurious_correlation_results/human_annotation/full_code/test8/reference_completion.txt	spurious_correlation_results/human_annotation/full_code/test8/prompt.txt			
test8_t1930_s08	17	8	8	test8	1930	\tresult	result	return	8	1364	and	0.00847	KeyValue ,  err  :=  templ ater .Apply (exp [SOURCE:and] (key Value ,  env ))\n \t \tif  err	">  are  returned <|im_end|> \n <|im_start|> assistant \n [TARGET:\tresult] ,  _  :=  tmpl .New (""""). Apply (s"	"\tresult, _ := tmpl.New("""").Apply(s, env)\n\treturn result"	\treturn os.Expand(s, func(key string) string {\n\t\treturn env[key]\n\t})	spurious_correlation_results/human_annotation/full_code/test8/generated.go	spurious_correlation_results/human_annotation/full_code/test8/reference.go	spurious_correlation_results/human_annotation/full_code/test8/generated_completion.txt	spurious_correlation_results/human_annotation/full_code/test8/reference_completion.txt	spurious_correlation_results/human_annotation/full_code/test8/prompt.txt			
test8_t1930_s09	17	9	8	test8	1930	\tresult	result	return	9	1897	(s	0.004632	ast .Map Type ))  string \n func  expand [SOURCE:(s]  string ,  env  map [string ]string )  string	">  are  returned <|im_end|> \n <|im_start|> assistant \n [TARGET:\tresult] ,  _  :=  tmpl .New (""""). Apply (s"	"\tresult, _ := tmpl.New("""").Apply(s, env)\n\treturn result"	\treturn os.Expand(s, func(key string) string {\n\t\treturn env[key]\n\t})	spurious_correlation_results/human_annotation/full_code/test8/generated.go	spurious_correlation_results/human_annotation/full_code/test8/reference.go	spurious_correlation_results/human_annotation/full_code/test8/generated_completion.txt	spurious_correlation_results/human_annotation/full_code/test8/reference_completion.txt	spurious_correlation_results/human_annotation/full_code/test8/prompt.txt			
test8_t1930_s10	17	10	8	test8	1930	\tresult	result	return	10	308	/context	0.001295	"aser /g ore le aser /v 2 /pkg [SOURCE:/context] ""  The  receiver  struct  definitions  of  the  function"	">  are  returned <|im_end|> \n <|im_start|> assistant \n [TARGET:\tresult] ,  _  :=  tmpl .New (""""). Apply (s"	"\tresult, _ := tmpl.New("""").Apply(s, env)\n\treturn result"	\treturn os.Expand(s, func(key string) string {\n\t\treturn env[key]\n\t})	spurious_correlation_results/human_annotation/full_code/test8/generated.go	spurious_correlation_results/human_annotation/full_code/test8/reference.go	spurious_correlation_results/human_annotation/full_code/test8/generated_completion.txt	spurious_correlation_results/human_annotation/full_code/test8/reference_completion.txt	spurious_correlation_results/human_annotation/full_code/test8/prompt.txt			
test55_t477_s01	18	1	55	test55	477	If	If	A	1	238	n	0.007176	 you  are  asked  to  complete  func  New Tx [SOURCE:n] Command ()  * cobra .Command \n func  New	>  are  returned <|im_end|> \n <|im_start|> assistant \n [TARGET:If]  -- interactive  option  is  used ,  the  user	"If --interactive option is used, the user can compare keys using the greater than operator "">'.  The format for such a comparison is\n\n    mod(""key"	A transaction consists of three components:\n1) a list of conditions,\n2) a list of requests to apply if all the conditions are true,\n3) a list of requests to apply if any condition is false.	spurious_correlation_results/human_annotation/full_code/test55/generated.go	spurious_correlation_results/human_annotation/full_code/test55/reference.go	spurious_correlation_results/human_annotation/full_code/test55/generated_completion.txt	spurious_correlation_results/human_annotation/full_code/test55/reference_completion.txt	spurious_correlation_results/human_annotation/full_code/test55/prompt.txt			
test55_t477_s02	18	2	55	test55	477	If	If	A	2	291	 reads	0.006675	" transaction "",\n \t \tLong :  ` Tx n [SOURCE: reads]  multiple  et cd  requests  from  standard  input  and"	>  are  returned <|im_end|> \n <|im_start|> assistant \n [TARGET:If]  -- interactive  option  is  used ,  the  user	"If --interactive option is used, the user can compare keys using the greater than operator "">'.  The format for such a comparison is\n\n    mod(""key"	A transaction consists of three components:\n1) a list of conditions,\n2) a list of requests to apply if all the conditions are true,\n3) a list of requests to apply if any condition is false.	spurious_correlation_results/human_annotation/full_code/test55/generated.go	spurious_correlation_results/human_annotation/full_code/test55/reference.go	spurious_correlation_results/human_annotation/full_code/test55/generated_completion.txt	spurious_correlation_results/human_annotation/full_code/test55/reference_completion.txt	spurious_correlation_results/human_annotation/full_code/test55/prompt.txt			
test55_t477_s03	18	3	55	test55	477	If	If	A	3	276	n	0.004094	"options ]"",\n \t \t Short :  "" Tx [SOURCE:n]  processes  all  the  requests  in  one  transaction "",\n"	>  are  returned <|im_end|> \n <|im_start|> assistant \n [TARGET:If]  -- interactive  option  is  used ,  the  user	"If --interactive option is used, the user can compare keys using the greater than operator "">'.  The format for such a comparison is\n\n    mod(""key"	A transaction consists of three components:\n1) a list of conditions,\n2) a list of requests to apply if all the conditions are true,\n3) a list of requests to apply if any condition is false.	spurious_correlation_results/human_annotation/full_code/test55/generated.go	spurious_correlation_results/human_annotation/full_code/test55/reference.go	spurious_correlation_results/human_annotation/full_code/test55/generated_completion.txt	spurious_correlation_results/human_annotation/full_code/test55/reference_completion.txt	spurious_correlation_results/human_annotation/full_code/test55/prompt.txt			
test55_t477_s04	18	4	55	test55	477	If	If	A	4	237	Tx	0.013132	 function  you  are  asked  to  complete  func  New [SOURCE:Tx] n Command ()  * cobra .Command \n func	>  are  returned <|im_end|> \n <|im_start|> assistant \n [TARGET:If]  -- interactive  option  is  used ,  the  user	"If --interactive option is used, the user can compare keys using the greater than operator "">'.  The format for such a comparison is\n\n    mod(""key"	A transaction consists of three components:\n1) a list of conditions,\n2) a list of requests to apply if all the conditions are true,\n3) a list of requests to apply if any condition is false.	spurious_correlation_results/human_annotation/full_code/test55/generated.go	spurious_correlation_results/human_annotation/full_code/test55/reference.go	spurious_correlation_results/human_annotation/full_code/test55/generated_completion.txt	spurious_correlation_results/human_annotation/full_code/test55/reference_completion.txt	spurious_correlation_results/human_annotation/full_code/test55/prompt.txt			
test55_t477_s05	18	5	55	test55	477	If	If	A	5	275	Tx	0.007071	" [ options ]"",\n \t \t Short :  "" [SOURCE:Tx] n  processes  all  the  requests  in  one  transaction"	>  are  returned <|im_end|> \n <|im_start|> assistant \n [TARGET:If]  -- interactive  option  is  used ,  the  user	"If --interactive option is used, the user can compare keys using the greater than operator "">'.  The format for such a comparison is\n\n    mod(""key"	A transaction consists of three components:\n1) a list of conditions,\n2) a list of requests to apply if all the conditions are true,\n3) a list of requests to apply if any condition is false.	spurious_correlation_results/human_annotation/full_code/test55/generated.go	spurious_correlation_results/human_annotation/full_code/test55/reference.go	spurious_correlation_results/human_annotation/full_code/test55/generated_completion.txt	spurious_correlation_results/human_annotation/full_code/test55/reference_completion.txt	spurious_correlation_results/human_annotation/full_code/test55/prompt.txt			
test55_t477_s06	18	6	55	test55	477	If	If	A	6	266	txn	0.014602	"cobra .Command {\n \t \tUse :     "" [SOURCE:txn]  [ options ]"",\n \t \t Short :  """	>  are  returned <|im_end|> \n <|im_start|> assistant \n [TARGET:If]  -- interactive  option  is  used ,  the  user	"If --interactive option is used, the user can compare keys using the greater than operator "">'.  The format for such a comparison is\n\n    mod(""key"	A transaction consists of three components:\n1) a list of conditions,\n2) a list of requests to apply if all the conditions are true,\n3) a list of requests to apply if any condition is false.	spurious_correlation_results/human_annotation/full_code/test55/generated.go	spurious_correlation_results/human_annotation/full_code/test55/reference.go	spurious_correlation_results/human_annotation/full_code/test55/generated_completion.txt	spurious_correlation_results/human_annotation/full_code/test55/reference_completion.txt	spurious_correlation_results/human_annotation/full_code/test55/prompt.txt			
test55_t477_s07	18	7	55	test55	477	If	If	A	7	289	Tx	0.004851	" in  one  transaction "",\n \t \tLong :  ` [SOURCE:Tx] n  reads  multiple  et cd  requests  from  standard"	>  are  returned <|im_end|> \n <|im_start|> assistant \n [TARGET:If]  -- interactive  option  is  used ,  the  user	"If --interactive option is used, the user can compare keys using the greater than operator "">'.  The format for such a comparison is\n\n    mod(""key"	A transaction consists of three components:\n1) a list of conditions,\n2) a list of requests to apply if all the conditions are true,\n3) a list of requests to apply if any condition is false.	spurious_correlation_results/human_annotation/full_code/test55/generated.go	spurious_correlation_results/human_annotation/full_code/test55/reference.go	spurious_correlation_results/human_annotation/full_code/test55/generated_completion.txt	spurious_correlation_results/human_annotation/full_code/test55/reference_completion.txt	spurious_correlation_results/human_annotation/full_code/test55/prompt.txt			
test55_t477_s08	18	8	55	test55	477	If	If	A	8	309	M	0.01135	 them  as  a  single  atomic  transaction .\n  < [SOURCE:M] ID >  \n Example  interactive  stdin  usage :\n\n	>  are  returned <|im_end|> \n <|im_start|> assistant \n [TARGET:If]  -- interactive  option  is  used ,  the  user	"If --interactive option is used, the user can compare keys using the greater than operator "">'.  The format for such a comparison is\n\n    mod(""key"	A transaction consists of three components:\n1) a list of conditions,\n2) a list of requests to apply if all the conditions are true,\n3) a list of requests to apply if any condition is false.	spurious_correlation_results/human_annotation/full_code/test55/generated.go	spurious_correlation_results/human_annotation/full_code/test55/reference.go	spurious_correlation_results/human_annotation/full_code/test55/generated_completion.txt	spurious_correlation_results/human_annotation/full_code/test55/reference_completion.txt	spurious_correlation_results/human_annotation/full_code/test55/prompt.txt			
test55_t477_s09	18	9	55	test55	477	If	If	A	9	329	mod	0.002502	"ctl  txn  - i \n #  compares :\n [SOURCE:mod] ("" key 1 "")  >  "" 0 ""\n\n"	>  are  returned <|im_end|> \n <|im_start|> assistant \n [TARGET:If]  -- interactive  option  is  used ,  the  user	"If --interactive option is used, the user can compare keys using the greater than operator "">'.  The format for such a comparison is\n\n    mod(""key"	A transaction consists of three components:\n1) a list of conditions,\n2) a list of requests to apply if all the conditions are true,\n3) a list of requests to apply if any condition is false.	spurious_correlation_results/human_annotation/full_code/test55/generated.go	spurious_correlation_results/human_annotation/full_code/test55/reference.go	spurious_correlation_results/human_annotation/full_code/test55/generated_completion.txt	spurious_correlation_results/human_annotation/full_code/test55/reference_completion.txt	spurious_correlation_results/human_annotation/full_code/test55/prompt.txt			
test55_t477_s10	18	10	55	test55	477	If	If	A	10	297	 standard	0.006301	Tx n  reads  multiple  et cd  requests  from [SOURCE: standard]  input  and  applies  them  as  a  single  atomic	>  are  returned <|im_end|> \n <|im_start|> assistant \n [TARGET:If]  -- interactive  option  is  used ,  the  user	"If --interactive option is used, the user can compare keys using the greater than operator "">'.  The format for such a comparison is\n\n    mod(""key"	A transaction consists of three components:\n1) a list of conditions,\n2) a list of requests to apply if all the conditions are true,\n3) a list of requests to apply if any condition is false.	spurious_correlation_results/human_annotation/full_code/test55/generated.go	spurious_correlation_results/human_annotation/full_code/test55/reference.go	spurious_correlation_results/human_annotation/full_code/test55/generated_completion.txt	spurious_correlation_results/human_annotation/full_code/test55/reference_completion.txt	spurious_correlation_results/human_annotation/full_code/test55/prompt.txt			
test18_t1992_s01	19	1	18	test18	1992	\tif	if	o	1	1831	(ctx	0.001799	,  success ,  err  :=  o .Condition Fn [SOURCE:(ctx] ,  info ,  o )\n \t \tif  success	 are  returned <|im_end|> \n <|im_start|> assistant \n \t\t [TARGET:\tif]  o .Print er  !=  nil  {\n \t\t\t \to	\t\t\tif o.Printer != nil {\n\t\t\t\to.Printer.PrintObj(finalObject, o.Out)\n\t\t\t}\n\t\t\treturn nil	\t\t\to.Printer.PrintObj(finalObject, o.Out)\n\t\t\treturn nil	spurious_correlation_results/human_annotation/full_code/test18/generated.go	spurious_correlation_results/human_annotation/full_code/test18/reference.go	spurious_correlation_results/human_annotation/full_code/test18/generated_completion.txt	spurious_correlation_results/human_annotation/full_code/test18/reference_completion.txt	spurious_correlation_results/human_annotation/full_code/test18/prompt.txt			
test18_t1992_s02	19	2	18	test18	1992	\tif	if	o	2	1827	 :=	0.005982	++\n \t \tfinal Object ,  success ,  err [SOURCE: :=]  o .Condition Fn (ctx ,  info ,  o	 are  returned <|im_end|> \n <|im_start|> assistant \n \t\t [TARGET:\tif]  o .Print er  !=  nil  {\n \t\t\t \to	\t\t\tif o.Printer != nil {\n\t\t\t\to.Printer.PrintObj(finalObject, o.Out)\n\t\t\t}\n\t\t\treturn nil	\t\t\to.Printer.PrintObj(finalObject, o.Out)\n\t\t\treturn nil	spurious_correlation_results/human_annotation/full_code/test18/generated.go	spurious_correlation_results/human_annotation/full_code/test18/reference.go	spurious_correlation_results/human_annotation/full_code/test18/generated_completion.txt	spurious_correlation_results/human_annotation/full_code/test18/reference_completion.txt	spurious_correlation_results/human_annotation/full_code/test18/prompt.txt			
test18_t1992_s03	19	3	18	test18	1992	\tif	if	o	3	1885	()\n	0.000631	}\n \t visitor  :=  o .Resource Finder .Do [SOURCE:()\n] \tis For Delete  :=  strings .ToLower (o .For	 are  returned <|im_end|> \n <|im_start|> assistant \n \t\t [TARGET:\tif]  o .Print er  !=  nil  {\n \t\t\t \to	\t\t\tif o.Printer != nil {\n\t\t\t\to.Printer.PrintObj(finalObject, o.Out)\n\t\t\t}\n\t\t\treturn nil	\t\t\to.Printer.PrintObj(finalObject, o.Out)\n\t\t\treturn nil	spurious_correlation_results/human_annotation/full_code/test18/generated.go	spurious_correlation_results/human_annotation/full_code/test18/reference.go	spurious_correlation_results/human_annotation/full_code/test18/generated_completion.txt	spurious_correlation_results/human_annotation/full_code/test18/reference_completion.txt	spurious_correlation_results/human_annotation/full_code/test18/prompt.txt			
test18_t1992_s04	19	4	18	test18	1992	\tif	if	o	4	1879	visitor	0.003342	}\n \t \treturn  err \n \t }\n \t [SOURCE:visitor]  :=  o .Resource Finder .Do ()\n \tis For	 are  returned <|im_end|> \n <|im_start|> assistant \n \t\t [TARGET:\tif]  o .Print er  !=  nil  {\n \t\t\t \to	\t\t\tif o.Printer != nil {\n\t\t\t\to.Printer.PrintObj(finalObject, o.Out)\n\t\t\t}\n\t\t\treturn nil	\t\t\to.Printer.PrintObj(finalObject, o.Out)\n\t\t\treturn nil	spurious_correlation_results/human_annotation/full_code/test18/generated.go	spurious_correlation_results/human_annotation/full_code/test18/reference.go	spurious_correlation_results/human_annotation/full_code/test18/generated_completion.txt	spurious_correlation_results/human_annotation/full_code/test18/reference_completion.txt	spurious_correlation_results/human_annotation/full_code/test18/prompt.txt			
test18_t1992_s05	19	5	18	test18	1992	\tif	if	o	5	1866	 final	0.002438	"(""% v  uns atisfied  for  unknown  reason "", [SOURCE: final] Object )\n \t \t }\n \t \treturn  err"	 are  returned <|im_end|> \n <|im_start|> assistant \n \t\t [TARGET:\tif]  o .Print er  !=  nil  {\n \t\t\t \to	\t\t\tif o.Printer != nil {\n\t\t\t\to.Printer.PrintObj(finalObject, o.Out)\n\t\t\t}\n\t\t\treturn nil	\t\t\to.Printer.PrintObj(finalObject, o.Out)\n\t\t\treturn nil	spurious_correlation_results/human_annotation/full_code/test18/generated.go	spurious_correlation_results/human_annotation/full_code/test18/reference.go	spurious_correlation_results/human_annotation/full_code/test18/generated_completion.txt	spurious_correlation_results/human_annotation/full_code/test18/reference_completion.txt	spurious_correlation_results/human_annotation/full_code/test18/prompt.txt			
test18_t1992_s06	19	6	18	test18	1992	\tif	if	o	6	1458	o	0.002613	 function  you  are  asked  to  complete  func  ( [SOURCE:o]  * Wait Options )  Run Wait ()  error	 are  returned <|im_end|> \n <|im_start|> assistant \n \t\t [TARGET:\tif]  o .Print er  !=  nil  {\n \t\t\t \to	\t\t\tif o.Printer != nil {\n\t\t\t\to.Printer.PrintObj(finalObject, o.Out)\n\t\t\t}\n\t\t\treturn nil	\t\t\to.Printer.PrintObj(finalObject, o.Out)\n\t\t\treturn nil	spurious_correlation_results/human_annotation/full_code/test18/generated.go	spurious_correlation_results/human_annotation/full_code/test18/reference.go	spurious_correlation_results/human_annotation/full_code/test18/generated_completion.txt	spurious_correlation_results/human_annotation/full_code/test18/reference_completion.txt	spurious_correlation_results/human_annotation/full_code/test18/prompt.txt			
test18_t1992_s07	19	7	18	test18	1992	\tif	if	o	7	1821	\tfinal	0.00952	\t }\n\n \t \t visit Count ++\n \t [SOURCE:\tfinal] Object ,  success ,  err  :=  o .Condition	 are  returned <|im_end|> \n <|im_start|> assistant \n \t\t [TARGET:\tif]  o .Print er  !=  nil  {\n \t\t\t \to	\t\t\tif o.Printer != nil {\n\t\t\t\to.Printer.PrintObj(finalObject, o.Out)\n\t\t\t}\n\t\t\treturn nil	\t\t\to.Printer.PrintObj(finalObject, o.Out)\n\t\t\treturn nil	spurious_correlation_results/human_annotation/full_code/test18/generated.go	spurious_correlation_results/human_annotation/full_code/test18/reference.go	spurious_correlation_results/human_annotation/full_code/test18/generated_completion.txt	spurious_correlation_results/human_annotation/full_code/test18/reference_completion.txt	spurious_correlation_results/human_annotation/full_code/test18/prompt.txt			
test18_t1992_s08	19	8	18	test18	1992	\tif	if	o	8	1842	M	0.00449	,  o )\n \t \tif  success  {  < [SOURCE:M] ID >  \t \t }\n \t \tif  err	 are  returned <|im_end|> \n <|im_start|> assistant \n \t\t [TARGET:\tif]  o .Print er  !=  nil  {\n \t\t\t \to	\t\t\tif o.Printer != nil {\n\t\t\t\to.Printer.PrintObj(finalObject, o.Out)\n\t\t\t}\n\t\t\treturn nil	\t\t\to.Printer.PrintObj(finalObject, o.Out)\n\t\t\treturn nil	spurious_correlation_results/human_annotation/full_code/test18/generated.go	spurious_correlation_results/human_annotation/full_code/test18/reference.go	spurious_correlation_results/human_annotation/full_code/test18/generated_completion.txt	spurious_correlation_results/human_annotation/full_code/test18/reference_completion.txt	spurious_correlation_results/human_annotation/full_code/test18/prompt.txt			
test18_t1992_s09	19	9	18	test18	1992	\tif	if	o	9	126	obra	0.003115	" "" github .com /sp f 1 3 /c [SOURCE:obra] "";  "" k 8 s .io /apimachinery /pkg"	 are  returned <|im_end|> \n <|im_start|> assistant \n \t\t [TARGET:\tif]  o .Print er  !=  nil  {\n \t\t\t \to	\t\t\tif o.Printer != nil {\n\t\t\t\to.Printer.PrintObj(finalObject, o.Out)\n\t\t\t}\n\t\t\treturn nil	\t\t\to.Printer.PrintObj(finalObject, o.Out)\n\t\t\treturn nil	spurious_correlation_results/human_annotation/full_code/test18/generated.go	spurious_correlation_results/human_annotation/full_code/test18/reference.go	spurious_correlation_results/human_annotation/full_code/test18/generated_completion.txt	spurious_correlation_results/human_annotation/full_code/test18/reference_completion.txt	spurious_correlation_results/human_annotation/full_code/test18/prompt.txt			
test18_t1992_s10	19	10	18	test18	1992	\tif	if	o	10	1781	visit	0.00384	 err \n \t \t }\n \t }\n\n \t [SOURCE:visit] Count  :=   0 \n \t visit Func	 are  returned <|im_end|> \n <|im_start|> assistant \n \t\t [TARGET:\tif]  o .Print er  !=  nil  {\n \t\t\t \to	\t\t\tif o.Printer != nil {\n\t\t\t\to.Printer.PrintObj(finalObject, o.Out)\n\t\t\t}\n\t\t\treturn nil	\t\t\to.Printer.PrintObj(finalObject, o.Out)\n\t\t\treturn nil	spurious_correlation_results/human_annotation/full_code/test18/generated.go	spurious_correlation_results/human_annotation/full_code/test18/reference.go	spurious_correlation_results/human_annotation/full_code/test18/generated_completion.txt	spurious_correlation_results/human_annotation/full_code/test18/reference_completion.txt	spurious_correlation_results/human_annotation/full_code/test18/prompt.txt			
test51_t1144_s01	20	1	51	test51	1144	\tb	b	invertedExpr	1	924	(b	0.00453	json True )  Encode In verted Index Keys [SOURCE:(b]  [] byte )  ( [][] byte ,  error	>  are  returned <|im_end|> \n <|im_start|> assistant \n [TARGET:\tb]  =  encoding .Add JSON Path Ter min ator	\tb = encoding.AddJSONPathTerminator(b)\n\treturn [][]byte{encoding.EncodeFalseDescending(b)}, nil	\tinvertedExpr, err := encodeContainedInvertedIndexSpansFromLeaf(j, b, isRoot)\n\treturn invertedExpr, err	spurious_correlation_results/human_annotation/full_code/test51/generated.go	spurious_correlation_results/human_annotation/full_code/test51/reference.go	spurious_correlation_results/human_annotation/full_code/test51/generated_completion.txt	spurious_correlation_results/human_annotation/full_code/test51/reference_completion.txt	spurious_correlation_results/human_annotation/full_code/test51/prompt.txt			
test51_t1144_s02	20	2	51	test51	1144	\tb	b	invertedExpr	2	935	\tb	0.005514	)  ( [][] byte ,  error )  {\n [SOURCE:\tb]  =  encoding .Add JSON Path Ter min ator	>  are  returned <|im_end|> \n <|im_start|> assistant \n [TARGET:\tb]  =  encoding .Add JSON Path Ter min ator	\tb = encoding.AddJSONPathTerminator(b)\n\treturn [][]byte{encoding.EncodeFalseDescending(b)}, nil	\tinvertedExpr, err := encodeContainedInvertedIndexSpansFromLeaf(j, b, isRoot)\n\treturn invertedExpr, err	spurious_correlation_results/human_annotation/full_code/test51/generated.go	spurious_correlation_results/human_annotation/full_code/test51/reference.go	spurious_correlation_results/human_annotation/full_code/test51/generated_completion.txt	spurious_correlation_results/human_annotation/full_code/test51/reference_completion.txt	spurious_correlation_results/human_annotation/full_code/test51/prompt.txt			
test51_t1144_s03	20	3	51	test51	1144	\tb	b	invertedExpr	3	1011	\tb	0.001283	)  ( [][] byte ,  error )  {\n [SOURCE:\tb]  =  encoding .Add JSON Path Ter min ator	>  are  returned <|im_end|> \n <|im_start|> assistant \n [TARGET:\tb]  =  encoding .Add JSON Path Ter min ator	\tb = encoding.AddJSONPathTerminator(b)\n\treturn [][]byte{encoding.EncodeFalseDescending(b)}, nil	\tinvertedExpr, err := encodeContainedInvertedIndexSpansFromLeaf(j, b, isRoot)\n\treturn invertedExpr, err	spurious_correlation_results/human_annotation/full_code/test51/generated.go	spurious_correlation_results/human_annotation/full_code/test51/reference.go	spurious_correlation_results/human_annotation/full_code/test51/generated_completion.txt	spurious_correlation_results/human_annotation/full_code/test51/reference_completion.txt	spurious_correlation_results/human_annotation/full_code/test51/prompt.txt			
test51_t1144_s04	20	4	51	test51	1144	\tb	b	invertedExpr	4	452	(b	0.003361	json False )  Encode In verted Index Keys [SOURCE:(b]  * ast .Array Type )  ((* ast .Array	>  are  returned <|im_end|> \n <|im_start|> assistant \n [TARGET:\tb]  =  encoding .Add JSON Path Ter min ator	\tb = encoding.AddJSONPathTerminator(b)\n\treturn [][]byte{encoding.EncodeFalseDescending(b)}, nil	\tinvertedExpr, err := encodeContainedInvertedIndexSpansFromLeaf(j, b, isRoot)\n\treturn invertedExpr, err	spurious_correlation_results/human_annotation/full_code/test51/generated.go	spurious_correlation_results/human_annotation/full_code/test51/reference.go	spurious_correlation_results/human_annotation/full_code/test51/generated_completion.txt	spurious_correlation_results/human_annotation/full_code/test51/reference_completion.txt	spurious_correlation_results/human_annotation/full_code/test51/prompt.txt			
test51_t1144_s05	20	5	51	test51	1144	\tb	b	invertedExpr	5	498	.Expression	0.006058	 is Object Value  bool ))  (( in verted [SOURCE:.Expression] ,  error ))\n -  func  ( j  json	>  are  returned <|im_end|> \n <|im_start|> assistant \n [TARGET:\tb]  =  encoding .Add JSON Path Ter min ator	\tb = encoding.AddJSONPathTerminator(b)\n\treturn [][]byte{encoding.EncodeFalseDescending(b)}, nil	\tinvertedExpr, err := encodeContainedInvertedIndexSpansFromLeaf(j, b, isRoot)\n\treturn invertedExpr, err	spurious_correlation_results/human_annotation/full_code/test51/generated.go	spurious_correlation_results/human_annotation/full_code/test51/reference.go	spurious_correlation_results/human_annotation/full_code/test51/generated_completion.txt	spurious_correlation_results/human_annotation/full_code/test51/reference_completion.txt	spurious_correlation_results/human_annotation/full_code/test51/prompt.txt			
test51_t1144_s06	20	6	51	test51	1144	\tb	b	invertedExpr	6	6	wen	0.006324	<|im_start|> system \n You  are  Q [SOURCE:wen] ,  created  by  Alibaba  Cloud .  You  are	>  are  returned <|im_end|> \n <|im_start|> assistant \n [TARGET:\tb]  =  encoding .Add JSON Path Ter min ator	\tb = encoding.AddJSONPathTerminator(b)\n\treturn [][]byte{encoding.EncodeFalseDescending(b)}, nil	\tinvertedExpr, err := encodeContainedInvertedIndexSpansFromLeaf(j, b, isRoot)\n\treturn invertedExpr, err	spurious_correlation_results/human_annotation/full_code/test51/generated.go	spurious_correlation_results/human_annotation/full_code/test51/reference.go	spurious_correlation_results/human_annotation/full_code/test51/generated_completion.txt	spurious_correlation_results/human_annotation/full_code/test51/reference_completion.txt	spurious_correlation_results/human_annotation/full_code/test51/prompt.txt			
test51_t1144_s07	20	7	51	test51	1144	\tb	b	invertedExpr	7	1090	b	0.000747	 encode Contained In verted Index Sp ans (( [SOURCE:b]  * ast .Array Type ,  is Root  bool	>  are  returned <|im_end|> \n <|im_start|> assistant \n [TARGET:\tb]  =  encoding .Add JSON Path Ter min ator	\tb = encoding.AddJSONPathTerminator(b)\n\treturn [][]byte{encoding.EncodeFalseDescending(b)}, nil	\tinvertedExpr, err := encodeContainedInvertedIndexSpansFromLeaf(j, b, isRoot)\n\treturn invertedExpr, err	spurious_correlation_results/human_annotation/full_code/test51/generated.go	spurious_correlation_results/human_annotation/full_code/test51/reference.go	spurious_correlation_results/human_annotation/full_code/test51/generated_completion.txt	spurious_correlation_results/human_annotation/full_code/test51/reference_completion.txt	spurious_correlation_results/human_annotation/full_code/test51/prompt.txt			
test51_t1144_s08	20	8	51	test51	1144	\tb	b	invertedExpr	8	980	 b	0.000603	verted Index Sp ans From Leaf (j , [SOURCE: b] ,  is Root ,  is Object Value )\n	>  are  returned <|im_end|> \n <|im_start|> assistant \n [TARGET:\tb]  =  encoding .Add JSON Path Ter min ator	\tb = encoding.AddJSONPathTerminator(b)\n\treturn [][]byte{encoding.EncodeFalseDescending(b)}, nil	\tinvertedExpr, err := encodeContainedInvertedIndexSpansFromLeaf(j, b, isRoot)\n\treturn invertedExpr, err	spurious_correlation_results/human_annotation/full_code/test51/generated.go	spurious_correlation_results/human_annotation/full_code/test51/reference.go	spurious_correlation_results/human_annotation/full_code/test51/generated_completion.txt	spurious_correlation_results/human_annotation/full_code/test51/reference_completion.txt	spurious_correlation_results/human_annotation/full_code/test51/prompt.txt			
test51_t1144_s09	20	9	51	test51	1144	\tb	b	invertedExpr	9	480	b	0.001185	 encode Containing In verted Index Sp ans (( [SOURCE:b]  * ast .Array Type ,  is Root  bool	>  are  returned <|im_end|> \n <|im_start|> assistant \n [TARGET:\tb]  =  encoding .Add JSON Path Ter min ator	\tb = encoding.AddJSONPathTerminator(b)\n\treturn [][]byte{encoding.EncodeFalseDescending(b)}, nil	\tinvertedExpr, err := encodeContainedInvertedIndexSpansFromLeaf(j, b, isRoot)\n\treturn invertedExpr, err	spurious_correlation_results/human_annotation/full_code/test51/generated.go	spurious_correlation_results/human_annotation/full_code/test51/reference.go	spurious_correlation_results/human_annotation/full_code/test51/generated_completion.txt	spurious_correlation_results/human_annotation/full_code/test51/reference_completion.txt	spurious_correlation_results/human_annotation/full_code/test51/prompt.txt			
test51_t1144_s10	20	10	51	test51	1144	\tb	b	invertedExpr	10	944	(b	0.002046	 =  encoding .Add JSON Path Ter min ator [SOURCE:(b] )\n \treturn  [][] byte { encoding .Encode True	>  are  returned <|im_end|> \n <|im_start|> assistant \n [TARGET:\tb]  =  encoding .Add JSON Path Ter min ator	\tb = encoding.AddJSONPathTerminator(b)\n\treturn [][]byte{encoding.EncodeFalseDescending(b)}, nil	\tinvertedExpr, err := encodeContainedInvertedIndexSpansFromLeaf(j, b, isRoot)\n\treturn invertedExpr, err	spurious_correlation_results/human_annotation/full_code/test51/generated.go	spurious_correlation_results/human_annotation/full_code/test51/reference.go	spurious_correlation_results/human_annotation/full_code/test51/generated_completion.txt	spurious_correlation_results/human_annotation/full_code/test51/reference_completion.txt	spurious_correlation_results/human_annotation/full_code/test51/prompt.txt			
test66_t1915_s01	21	1	66	test66	1915	\tbreak	break	p	1	1801	\ttyp	0.005615	 < M ID >  \t \t }\n \t [SOURCE:\ttyp] .WriteString (p .s .L iteral ())\n \t \tt	 are  returned <|im_end|> \n <|im_start|> assistant \n \t\t [TARGET:\tbreak] \n \t \t }  else  if (tok  ==	\t\t\tbreak\n\t\t} else if(tok ==whitespace) {\n\t\t\tp.unscan()\n\t\t\tbreak	"\t\t\tp.addExpectedTokenErr(""define field type"")\n\t\t\treturn nil"	spurious_correlation_results/human_annotation/full_code/test66/generated.go	spurious_correlation_results/human_annotation/full_code/test66/reference.go	spurious_correlation_results/human_annotation/full_code/test66/generated_completion.txt	spurious_correlation_results/human_annotation/full_code/test66/reference_completion.txt	spurious_correlation_results/human_annotation/full_code/test66/prompt.txt			
test66_t1915_s02	21	2	66	test66	1915	\tbreak	break	p	2	1755	.Buffer	0.030364	 the  first  white  space .\n \tvar  typ  bytes [SOURCE:.Buffer] \n \tt ok  :=  p .scan ()\n \tfor	 are  returned <|im_end|> \n <|im_start|> assistant \n \t\t [TARGET:\tbreak] \n \t \t }  else  if (tok  ==	\t\t\tbreak\n\t\t} else if(tok ==whitespace) {\n\t\t\tp.unscan()\n\t\t\tbreak	"\t\t\tp.addExpectedTokenErr(""define field type"")\n\t\t\treturn nil"	spurious_correlation_results/human_annotation/full_code/test66/generated.go	spurious_correlation_results/human_annotation/full_code/test66/reference.go	spurious_correlation_results/human_annotation/full_code/test66/generated_completion.txt	spurious_correlation_results/human_annotation/full_code/test66/reference_completion.txt	spurious_correlation_results/human_annotation/full_code/test66/prompt.txt			
test66_t1915_s03	21	3	66	test66	1915	\tbreak	break	p	3	1878	(typ	0.003086	Comments (),\n \t \tType :       String Expr [SOURCE:(typ] .String ()),\n \t }\n \tp .set Comments (field	 are  returned <|im_end|> \n <|im_start|> assistant \n \t\t [TARGET:\tbreak] \n \t \t }  else  if (tok  ==	\t\t\tbreak\n\t\t} else if(tok ==whitespace) {\n\t\t\tp.unscan()\n\t\t\tbreak	"\t\t\tp.addExpectedTokenErr(""define field type"")\n\t\t\treturn nil"	spurious_correlation_results/human_annotation/full_code/test66/generated.go	spurious_correlation_results/human_annotation/full_code/test66/reference.go	spurious_correlation_results/human_annotation/full_code/test66/generated_completion.txt	spurious_correlation_results/human_annotation/full_code/test66/reference_completion.txt	spurious_correlation_results/human_annotation/full_code/test66/prompt.txt			
test66_t1915_s04	21	4	66	test66	1915	\tbreak	break	p	4	1753	 typ	0.020903	 tokens  until  the  first  white  space .\n \tvar [SOURCE: typ]  bytes .Buffer \n \tt ok  :=  p .scan	 are  returned <|im_end|> \n <|im_start|> assistant \n \t\t [TARGET:\tbreak] \n \t \t }  else  if (tok  ==	\t\t\tbreak\n\t\t} else if(tok ==whitespace) {\n\t\t\tp.unscan()\n\t\t\tbreak	"\t\t\tp.addExpectedTokenErr(""define field type"")\n\t\t\treturn nil"	spurious_correlation_results/human_annotation/full_code/test66/generated.go	spurious_correlation_results/human_annotation/full_code/test66/reference.go	spurious_correlation_results/human_annotation/full_code/test66/generated_completion.txt	spurious_correlation_results/human_annotation/full_code/test66/reference_completion.txt	spurious_correlation_results/human_annotation/full_code/test66/prompt.txt			
test66_t1915_s05	21	5	66	test66	1915	\tbreak	break	p	5	1752	\tvar	0.016309	 Scan  tokens  until  the  first  white  space .\n [SOURCE:\tvar]  typ  bytes .Buffer \n \tt ok  :=  p	 are  returned <|im_end|> \n <|im_start|> assistant \n \t\t [TARGET:\tbreak] \n \t \t }  else  if (tok  ==	\t\t\tbreak\n\t\t} else if(tok ==whitespace) {\n\t\t\tp.unscan()\n\t\t\tbreak	"\t\t\tp.addExpectedTokenErr(""define field type"")\n\t\t\treturn nil"	spurious_correlation_results/human_annotation/full_code/test66/generated.go	spurious_correlation_results/human_annotation/full_code/test66/reference.go	spurious_correlation_results/human_annotation/full_code/test66/generated_completion.txt	spurious_correlation_results/human_annotation/full_code/test66/reference_completion.txt	spurious_correlation_results/human_annotation/full_code/test66/prompt.txt			
test66_t1915_s06	21	6	66	test66	1915	\tbreak	break	p	6	1767	 tok	0.002821	 :=  p .scan ()\n \tfor  {\n \t \tif [SOURCE: tok]  !=  IDENT  &&  tok  !=  AST ER ISK	 are  returned <|im_end|> \n <|im_start|> assistant \n \t\t [TARGET:\tbreak] \n \t \t }  else  if (tok  ==	\t\t\tbreak\n\t\t} else if(tok ==whitespace) {\n\t\t\tp.unscan()\n\t\t\tbreak	"\t\t\tp.addExpectedTokenErr(""define field type"")\n\t\t\treturn nil"	spurious_correlation_results/human_annotation/full_code/test66/generated.go	spurious_correlation_results/human_annotation/full_code/test66/reference.go	spurious_correlation_results/human_annotation/full_code/test66/generated_completion.txt	spurious_correlation_results/human_annotation/full_code/test66/reference_completion.txt	spurious_correlation_results/human_annotation/full_code/test66/prompt.txt			
test66_t1915_s07	21	7	66	test66	1915	\tbreak	break	p	7	1758	ok	0.002931	 space .\n \tvar  typ  bytes .Buffer \n \tt [SOURCE:ok]  :=  p .scan ()\n \tfor  {\n \t \tif	 are  returned <|im_end|> \n <|im_start|> assistant \n \t\t [TARGET:\tbreak] \n \t \t }  else  if (tok  ==	\t\t\tbreak\n\t\t} else if(tok ==whitespace) {\n\t\t\tp.unscan()\n\t\t\tbreak	"\t\t\tp.addExpectedTokenErr(""define field type"")\n\t\t\treturn nil"	spurious_correlation_results/human_annotation/full_code/test66/generated.go	spurious_correlation_results/human_annotation/full_code/test66/reference.go	spurious_correlation_results/human_annotation/full_code/test66/generated_completion.txt	spurious_correlation_results/human_annotation/full_code/test66/reference_completion.txt	spurious_correlation_results/human_annotation/full_code/test66/prompt.txt			
test66_t1915_s08	21	8	66	test66	1915	\tbreak	break	p	8	1834	\tbreak	0.001285	 ||  tok  ==  WH ITES PACE  {\n \t\t [SOURCE:\tbreak] \n \t \t }\n \t }\n\n \tfield  :=	 are  returned <|im_end|> \n <|im_start|> assistant \n \t\t [TARGET:\tbreak] \n \t \t }  else  if (tok  ==	\t\t\tbreak\n\t\t} else if(tok ==whitespace) {\n\t\t\tp.unscan()\n\t\t\tbreak	"\t\t\tp.addExpectedTokenErr(""define field type"")\n\t\t\treturn nil"	spurious_correlation_results/human_annotation/full_code/test66/generated.go	spurious_correlation_results/human_annotation/full_code/test66/reference.go	spurious_correlation_results/human_annotation/full_code/test66/generated_completion.txt	spurious_correlation_results/human_annotation/full_code/test66/reference_completion.txt	spurious_correlation_results/human_annotation/full_code/test66/prompt.txt			
test66_t1915_s09	21	9	66	test66	1915	\tbreak	break	p	9	1762	()\n	0.005035	 bytes .Buffer \n \tt ok  :=  p .scan [SOURCE:()\n] \tfor  {\n \t \tif  tok  !=  IDENT  &&	 are  returned <|im_end|> \n <|im_start|> assistant \n \t\t [TARGET:\tbreak] \n \t \t }  else  if (tok  ==	\t\t\tbreak\n\t\t} else if(tok ==whitespace) {\n\t\t\tp.unscan()\n\t\t\tbreak	"\t\t\tp.addExpectedTokenErr(""define field type"")\n\t\t\treturn nil"	spurious_correlation_results/human_annotation/full_code/test66/generated.go	spurious_correlation_results/human_annotation/full_code/test66/reference.go	spurious_correlation_results/human_annotation/full_code/test66/generated_completion.txt	spurious_correlation_results/human_annotation/full_code/test66/reference_completion.txt	spurious_correlation_results/human_annotation/full_code/test66/prompt.txt			
test66_t1915_s10	21	10	66	test66	1915	\tbreak	break	p	10	1841	\tfield	0.001738	\t\t \tbreak \n \t \t }\n \t }\n\n [SOURCE:\tfield]  :=  & Define Field Expr {\n \t \tS	 are  returned <|im_end|> \n <|im_start|> assistant \n \t\t [TARGET:\tbreak] \n \t \t }  else  if (tok  ==	\t\t\tbreak\n\t\t} else if(tok ==whitespace) {\n\t\t\tp.unscan()\n\t\t\tbreak	"\t\t\tp.addExpectedTokenErr(""define field type"")\n\t\t\treturn nil"	spurious_correlation_results/human_annotation/full_code/test66/generated.go	spurious_correlation_results/human_annotation/full_code/test66/reference.go	spurious_correlation_results/human_annotation/full_code/test66/generated_completion.txt	spurious_correlation_results/human_annotation/full_code/test66/reference_completion.txt	spurious_correlation_results/human_annotation/full_code/test66/prompt.txt			
test0_t451_s01	22	1	0	test0	451	adapter	adapter	config	1	415	adapter	0.003286	prefix  string ,  indent  string ))\n func  ( [SOURCE:adapter]  * Encoder )  Set Indent (prefix ,  indent	 are  returned <|im_end|> \n <|im_start|> assistant \n \t [TARGET:adapter] .stream .Set Indent (prefix ,  indent )\n \t	\tadapter.stream.SetIndent(prefix, indent)\n\tadapter.stream.Flush()	\tconfig := adapter.stream.cfg.configBeforeFrozen\n\tconfig.IndentionStep = len(indent)\n\tadapter.stream.cfg = config.frozeWithCacheReuse(adapter.stream.cfg.extraExtensions)	spurious_correlation_results/human_annotation/full_code/test0/generated.go	spurious_correlation_results/human_annotation/full_code/test0/reference.go	spurious_correlation_results/human_annotation/full_code/test0/generated_completion.txt	spurious_correlation_results/human_annotation/full_code/test0/reference_completion.txt	spurious_correlation_results/human_annotation/full_code/test0/prompt.txt			
test0_t451_s02	22	2	0	test0	451	adapter	adapter	config	2	124	adapter	0.006922	\n }\n\n //  Methods :\n -  func  ( [SOURCE:adapter]  * Encoder )  Encode (val  * ast .Interface	 are  returned <|im_end|> \n <|im_start|> assistant \n \t [TARGET:adapter] .stream .Set Indent (prefix ,  indent )\n \t	\tadapter.stream.SetIndent(prefix, indent)\n\tadapter.stream.Flush()	\tconfig := adapter.stream.cfg.configBeforeFrozen\n\tconfig.IndentionStep = len(indent)\n\tadapter.stream.cfg = config.frozeWithCacheReuse(adapter.stream.cfg.extraExtensions)	spurious_correlation_results/human_annotation/full_code/test0/generated.go	spurious_correlation_results/human_annotation/full_code/test0/reference.go	spurious_correlation_results/human_annotation/full_code/test0/generated_completion.txt	spurious_correlation_results/human_annotation/full_code/test0/reference_completion.txt	spurious_correlation_results/human_annotation/full_code/test0/prompt.txt			
test0_t451_s03	22	3	0	test0	451	adapter	adapter	config	3	250	\tcfg	0.009064	adapter  * Decoder )  Use Number ()  {\n [SOURCE:\tcfg]  :=  adapter .iter .cfg .config Before Frozen \n	 are  returned <|im_end|> \n <|im_start|> assistant \n \t [TARGET:adapter] .stream .Set Indent (prefix ,  indent )\n \t	\tadapter.stream.SetIndent(prefix, indent)\n\tadapter.stream.Flush()	\tconfig := adapter.stream.cfg.configBeforeFrozen\n\tconfig.IndentionStep = len(indent)\n\tadapter.stream.cfg = config.frozeWithCacheReuse(adapter.stream.cfg.extraExtensions)	spurious_correlation_results/human_annotation/full_code/test0/generated.go	spurious_correlation_results/human_annotation/full_code/test0/reference.go	spurious_correlation_results/human_annotation/full_code/test0/generated_completion.txt	spurious_correlation_results/human_annotation/full_code/test0/reference_completion.txt	spurious_correlation_results/human_annotation/full_code/test0/prompt.txt			
test0_t451_s04	22	4	0	test0	451	adapter	adapter	config	4	400	adapter	0.002132	 function  you  are  asked  to  complete  func  ( [SOURCE:adapter]  * Encoder )  Set Indent (( prefix  string	 are  returned <|im_end|> \n <|im_start|> assistant \n \t [TARGET:adapter] .stream .Set Indent (prefix ,  indent )\n \t	\tadapter.stream.SetIndent(prefix, indent)\n\tadapter.stream.Flush()	\tconfig := adapter.stream.cfg.configBeforeFrozen\n\tconfig.IndentionStep = len(indent)\n\tadapter.stream.cfg = config.frozeWithCacheReuse(adapter.stream.cfg.extraExtensions)	spurious_correlation_results/human_annotation/full_code/test0/generated.go	spurious_correlation_results/human_annotation/full_code/test0/reference.go	spurious_correlation_results/human_annotation/full_code/test0/generated_completion.txt	spurious_correlation_results/human_annotation/full_code/test0/reference_completion.txt	spurious_correlation_results/human_annotation/full_code/test0/prompt.txt			
test0_t451_s05	22	5	0	test0	451	adapter	adapter	config	5	363	adapter	0.002931	)  Encode (val  interface {})  error  {\n \t [SOURCE:adapter] .stream .Write Val (val )\n \t adapter .stream	 are  returned <|im_end|> \n <|im_start|> assistant \n \t [TARGET:adapter] .stream .Set Indent (prefix ,  indent )\n \t	\tadapter.stream.SetIndent(prefix, indent)\n\tadapter.stream.Flush()	\tconfig := adapter.stream.cfg.configBeforeFrozen\n\tconfig.IndentionStep = len(indent)\n\tadapter.stream.cfg = config.frozeWithCacheReuse(adapter.stream.cfg.extraExtensions)	spurious_correlation_results/human_annotation/full_code/test0/generated.go	spurious_correlation_results/human_annotation/full_code/test0/reference.go	spurious_correlation_results/human_annotation/full_code/test0/generated_completion.txt	spurious_correlation_results/human_annotation/full_code/test0/reference_completion.txt	spurious_correlation_results/human_annotation/full_code/test0/prompt.txt			
test0_t451_s06	22	6	0	test0	451	adapter	adapter	config	6	352	adapter	0.002346	Default .New Encoder (writer )\n }\n\n func  ( [SOURCE:adapter]  * Encoder )  Encode (val  interface {})  error	 are  returned <|im_end|> \n <|im_start|> assistant \n \t [TARGET:adapter] .stream .Set Indent (prefix ,  indent )\n \t	\tadapter.stream.SetIndent(prefix, indent)\n\tadapter.stream.Flush()	\tconfig := adapter.stream.cfg.configBeforeFrozen\n\tconfig.IndentionStep = len(indent)\n\tadapter.stream.cfg = config.frozeWithCacheReuse(adapter.stream.cfg.extraExtensions)	spurious_correlation_results/human_annotation/full_code/test0/generated.go	spurious_correlation_results/human_annotation/full_code/test0/reference.go	spurious_correlation_results/human_annotation/full_code/test0/generated_completion.txt	spurious_correlation_results/human_annotation/full_code/test0/reference_completion.txt	spurious_correlation_results/human_annotation/full_code/test0/prompt.txt			
test0_t451_s07	22	7	0	test0	451	adapter	adapter	config	7	75	iterator	0.031978	/kubernetes /K ubernetes /vendor /github .com /json - [SOURCE:iterator] /go  Below  is  the  code  repository :  github	 are  returned <|im_end|> \n <|im_start|> assistant \n \t [TARGET:adapter] .stream .Set Indent (prefix ,  indent )\n \t	\tadapter.stream.SetIndent(prefix, indent)\n\tadapter.stream.Flush()	\tconfig := adapter.stream.cfg.configBeforeFrozen\n\tconfig.IndentionStep = len(indent)\n\tadapter.stream.cfg = config.frozeWithCacheReuse(adapter.stream.cfg.extraExtensions)	spurious_correlation_results/human_annotation/full_code/test0/generated.go	spurious_correlation_results/human_annotation/full_code/test0/reference.go	spurious_correlation_results/human_annotation/full_code/test0/generated_completion.txt	spurious_correlation_results/human_annotation/full_code/test0/reference_completion.txt	spurious_correlation_results/human_annotation/full_code/test0/prompt.txt			
test0_t451_s08	22	8	0	test0	451	adapter	adapter	config	8	140	adapter	0.002771	.Interface Type )  error \n -  func  ( [SOURCE:adapter]  * Encoder )  Set Indent (( prefix  string	 are  returned <|im_end|> \n <|im_start|> assistant \n \t [TARGET:adapter] .stream .Set Indent (prefix ,  indent )\n \t	\tadapter.stream.SetIndent(prefix, indent)\n\tadapter.stream.Flush()	\tconfig := adapter.stream.cfg.configBeforeFrozen\n\tconfig.IndentionStep = len(indent)\n\tadapter.stream.cfg = config.frozeWithCacheReuse(adapter.stream.cfg.extraExtensions)	spurious_correlation_results/human_annotation/full_code/test0/generated.go	spurious_correlation_results/human_annotation/full_code/test0/reference.go	spurious_correlation_results/human_annotation/full_code/test0/generated_completion.txt	spurious_correlation_results/human_annotation/full_code/test0/reference_completion.txt	spurious_correlation_results/human_annotation/full_code/test0/prompt.txt			
test0_t451_s09	22	9	0	test0	451	adapter	adapter	config	9	221	 adapter	0.001724	 Buffered ()  io .Reader  {\n \t remaining  := [SOURCE: adapter] .iter .buf [ adapter .iter .head : adapter	 are  returned <|im_end|> \n <|im_start|> assistant \n \t [TARGET:adapter] .stream .Set Indent (prefix ,  indent )\n \t	\tadapter.stream.SetIndent(prefix, indent)\n\tadapter.stream.Flush()	\tconfig := adapter.stream.cfg.configBeforeFrozen\n\tconfig.IndentionStep = len(indent)\n\tadapter.stream.cfg = config.frozeWithCacheReuse(adapter.stream.cfg.extraExtensions)	spurious_correlation_results/human_annotation/full_code/test0/generated.go	spurious_correlation_results/human_annotation/full_code/test0/reference.go	spurious_correlation_results/human_annotation/full_code/test0/generated_completion.txt	spurious_correlation_results/human_annotation/full_code/test0/reference_completion.txt	spurious_correlation_results/human_annotation/full_code/test0/prompt.txt			
test0_t451_s10	22	10	0	test0	451	adapter	adapter	config	10	242	adapter	0.001625	 bytes .NewReader ( remaining )\n }\n\n func  ( [SOURCE:adapter]  * Decoder )  Use Number ()  {\n \tcfg	 are  returned <|im_end|> \n <|im_start|> assistant \n \t [TARGET:adapter] .stream .Set Indent (prefix ,  indent )\n \t	\tadapter.stream.SetIndent(prefix, indent)\n\tadapter.stream.Flush()	\tconfig := adapter.stream.cfg.configBeforeFrozen\n\tconfig.IndentionStep = len(indent)\n\tadapter.stream.cfg = config.frozeWithCacheReuse(adapter.stream.cfg.extraExtensions)	spurious_correlation_results/human_annotation/full_code/test0/generated.go	spurious_correlation_results/human_annotation/full_code/test0/reference.go	spurious_correlation_results/human_annotation/full_code/test0/generated_completion.txt	spurious_correlation_results/human_annotation/full_code/test0/reference_completion.txt	spurious_correlation_results/human_annotation/full_code/test0/prompt.txt			
test86_t584_s01	23	1	86	test86	584	.With	With	Lock	1	583	.h	0.012313	 are  returned <|im_end|> \n <|im_start|> assistant \n \th [SOURCE:.h] .With (h .l vs ). Ob serve (value	 returned <|im_end|> \n <|im_start|> assistant \n \th .h [TARGET:.With] (h .l vs ). Ob serve (value )\n	\th.h.With(h.lvs).Observe(value)\n\tatomic.AddInt64(&h.h.count, 1)	\th.h.Lock()\n\tdefer h.h.Unlock()\n\th.h.Add(value)	spurious_correlation_results/human_annotation/full_code/test86/generated.go	spurious_correlation_results/human_annotation/full_code/test86/reference.go	spurious_correlation_results/human_annotation/full_code/test86/generated_completion.txt	spurious_correlation_results/human_annotation/full_code/test86/reference_completion.txt	spurious_correlation_results/human_annotation/full_code/test86/prompt.txt			
test86_t584_s02	23	2	86	test86	584	.With	With	Lock	2	204	 Ob	0.008738	\n -  func  ( h  * Histogram ) [SOURCE: Ob] serve (value  float 6 4 )\n -  func	 returned <|im_end|> \n <|im_start|> assistant \n \th .h [TARGET:.With] (h .l vs ). Ob serve (value )\n	\th.h.With(h.lvs).Observe(value)\n\tatomic.AddInt64(&h.h.count, 1)	\th.h.Lock()\n\tdefer h.h.Unlock()\n\th.h.Add(value)	spurious_correlation_results/human_annotation/full_code/test86/generated.go	spurious_correlation_results/human_annotation/full_code/test86/reference.go	spurious_correlation_results/human_annotation/full_code/test86/generated_completion.txt	spurious_correlation_results/human_annotation/full_code/test86/reference_completion.txt	spurious_correlation_results/human_annotation/full_code/test86/prompt.txt			
test86_t584_s03	23	3	86	test86	584	.With	With	Lock	3	205	serve	0.005818	-  func  ( h  * Histogram )  Ob [SOURCE:serve] (value  float 6 4 )\n -  func  (	 returned <|im_end|> \n <|im_start|> assistant \n \th .h [TARGET:.With] (h .l vs ). Ob serve (value )\n	\th.h.With(h.lvs).Observe(value)\n\tatomic.AddInt64(&h.h.count, 1)	\th.h.Lock()\n\tdefer h.h.Unlock()\n\th.h.Add(value)	spurious_correlation_results/human_annotation/full_code/test86/generated.go	spurious_correlation_results/human_annotation/full_code/test86/reference.go	spurious_correlation_results/human_annotation/full_code/test86/generated_completion.txt	spurious_correlation_results/human_annotation/full_code/test86/reference_completion.txt	spurious_correlation_results/human_annotation/full_code/test86/prompt.txt			
test86_t584_s04	23	4	86	test86	584	.With	With	Lock	4	539	serve	0.004828	 complete  func  ( h  * Histogram )  Ob [SOURCE:serve] (value  float 6 4 )\n func  ( h	 returned <|im_end|> \n <|im_start|> assistant \n \th .h [TARGET:.With] (h .l vs ). Ob serve (value )\n	\th.h.With(h.lvs).Observe(value)\n\tatomic.AddInt64(&h.h.count, 1)	\th.h.Lock()\n\tdefer h.h.Unlock()\n\th.h.Add(value)	spurious_correlation_results/human_annotation/full_code/test86/generated.go	spurious_correlation_results/human_annotation/full_code/test86/reference.go	spurious_correlation_results/human_annotation/full_code/test86/generated_completion.txt	spurious_correlation_results/human_annotation/full_code/test86/reference_completion.txt	spurious_correlation_results/human_annotation/full_code/test86/prompt.txt			
test86_t584_s05	23	5	86	test86	584	.With	With	Lock	5	170	safe	0.019142	   lv .Label Values \n \th      * [SOURCE:safe] Histogram \n }\n\n //  Methods :\n -  func	 returned <|im_end|> \n <|im_start|> assistant \n \th .h [TARGET:.With] (h .l vs ). Ob serve (value )\n	\th.h.With(h.lvs).Observe(value)\n\tatomic.AddInt64(&h.h.count, 1)	\th.h.Lock()\n\tdefer h.h.Unlock()\n\th.h.Add(value)	spurious_correlation_results/human_annotation/full_code/test86/generated.go	spurious_correlation_results/human_annotation/full_code/test86/reference.go	spurious_correlation_results/human_annotation/full_code/test86/generated_completion.txt	spurious_correlation_results/human_annotation/full_code/test86/reference_completion.txt	spurious_correlation_results/human_annotation/full_code/test86/prompt.txt			
test86_t584_s06	23	6	86	test86	584	.With	With	Lock	6	538	 Ob	0.006489	 to  complete  func  ( h  * Histogram ) [SOURCE: Ob] serve (value  float 6 4 )\n func  (	 returned <|im_end|> \n <|im_start|> assistant \n \th .h [TARGET:.With] (h .l vs ). Ob serve (value )\n	\th.h.With(h.lvs).Observe(value)\n\tatomic.AddInt64(&h.h.count, 1)	\th.h.Lock()\n\tdefer h.h.Unlock()\n\th.h.Add(value)	spurious_correlation_results/human_annotation/full_code/test86/generated.go	spurious_correlation_results/human_annotation/full_code/test86/reference.go	spurious_correlation_results/human_annotation/full_code/test86/generated_completion.txt	spurious_correlation_results/human_annotation/full_code/test86/reference_completion.txt	spurious_correlation_results/human_annotation/full_code/test86/prompt.txt			
test86_t584_s07	23	7	86	test86	584	.With	With	Lock	7	552	serve	0.002798	)\n func  ( h  * Histogram )  Ob [SOURCE:serve] (value  float 6 4 )  {  < M	 returned <|im_end|> \n <|im_start|> assistant \n \th .h [TARGET:.With] (h .l vs ). Ob serve (value )\n	\th.h.With(h.lvs).Observe(value)\n\tatomic.AddInt64(&h.h.count, 1)	\th.h.Lock()\n\tdefer h.h.Unlock()\n\th.h.Add(value)	spurious_correlation_results/human_annotation/full_code/test86/generated.go	spurious_correlation_results/human_annotation/full_code/test86/reference.go	spurious_correlation_results/human_annotation/full_code/test86/generated_completion.txt	spurious_correlation_results/human_annotation/full_code/test86/reference_completion.txt	spurious_correlation_results/human_annotation/full_code/test86/prompt.txt			
test86_t584_s08	23	8	86	test86	584	.With	With	Lock	8	582	\th	0.00657	>  are  returned <|im_end|> \n <|im_start|> assistant \n [SOURCE:\th] .h .With (h .l vs ). Ob serve	 returned <|im_end|> \n <|im_start|> assistant \n \th .h [TARGET:.With] (h .l vs ). Ob serve (value )\n	\th.h.With(h.lvs).Observe(value)\n\tatomic.AddInt64(&h.h.count, 1)	\th.h.Lock()\n\tdefer h.h.Unlock()\n\th.h.Add(value)	spurious_correlation_results/human_annotation/full_code/test86/generated.go	spurious_correlation_results/human_annotation/full_code/test86/reference.go	spurious_correlation_results/human_annotation/full_code/test86/generated_completion.txt	spurious_correlation_results/human_annotation/full_code/test86/reference_completion.txt	spurious_correlation_results/human_annotation/full_code/test86/prompt.txt			
test86_t584_s09	23	9	86	test86	584	.With	With	Lock	9	551	 Ob	0.004114	4 )\n func  ( h  * Histogram ) [SOURCE: Ob] serve (value  float 6 4 )  {  <	 returned <|im_end|> \n <|im_start|> assistant \n \th .h [TARGET:.With] (h .l vs ). Ob serve (value )\n	\th.h.With(h.lvs).Observe(value)\n\tatomic.AddInt64(&h.h.count, 1)	\th.h.Lock()\n\tdefer h.h.Unlock()\n\th.h.Add(value)	spurious_correlation_results/human_annotation/full_code/test86/generated.go	spurious_correlation_results/human_annotation/full_code/test86/reference.go	spurious_correlation_results/human_annotation/full_code/test86/generated_completion.txt	spurious_correlation_results/human_annotation/full_code/test86/reference_completion.txt	spurious_correlation_results/human_annotation/full_code/test86/prompt.txt			
test86_t584_s10	23	10	86	test86	584	.With	With	Lock	10	164	.Label	0.005358	 {\n \tName  string \n \tl vs    lv [SOURCE:.Label] Values \n \th      * safe Histogram \n	 returned <|im_end|> \n <|im_start|> assistant \n \th .h [TARGET:.With] (h .l vs ). Ob serve (value )\n	\th.h.With(h.lvs).Observe(value)\n\tatomic.AddInt64(&h.h.count, 1)	\th.h.Lock()\n\tdefer h.h.Unlock()\n\th.h.Add(value)	spurious_correlation_results/human_annotation/full_code/test86/generated.go	spurious_correlation_results/human_annotation/full_code/test86/reference.go	spurious_correlation_results/human_annotation/full_code/test86/generated_completion.txt	spurious_correlation_results/human_annotation/full_code/test86/reference_completion.txt	spurious_correlation_results/human_annotation/full_code/test86/prompt.txt			
test38_t334_s01	24	1	38	test38	334	 res	res	strings	1	292	(res	0.008929	  1 \n \t \tif  strings .Has Suffix [SOURCE:(res] [last ],  `\ `)  {  < M ID	<|im_start|> assistant \n \t\t \tres [last ]  = [TARGET: res] [last ]  +  ps [i ]\n \t \t	\t\t\tres[last] = res[last] + ps[i]\n\t\t} else {\n\t\t\tres = append(res, ps[i])	\t\t\tres[last] = strings.TrimSuffix(res[last], `\`) + delimiter + ps[i]\n\t\t} else {\n\t\t\tres = append(res, ps[i])	spurious_correlation_results/human_annotation/full_code/test38/generated.go	spurious_correlation_results/human_annotation/full_code/test38/reference.go	spurious_correlation_results/human_annotation/full_code/test38/generated_completion.txt	spurious_correlation_results/human_annotation/full_code/test38/reference_completion.txt	spurious_correlation_results/human_annotation/full_code/test38/prompt.txt			
test38_t334_s02	24	2	38	test38	334	 res	res	strings	2	281	(res	0.00738	);  i ++  {\n \t \tlast  :=  len [SOURCE:(res] )  -   1 \n \t \tif  strings	<|im_start|> assistant \n \t\t \tres [last ]  = [TARGET: res] [last ]  +  ps [i ]\n \t \t	\t\t\tres[last] = res[last] + ps[i]\n\t\t} else {\n\t\t\tres = append(res, ps[i])	\t\t\tres[last] = strings.TrimSuffix(res[last], `\`) + delimiter + ps[i]\n\t\t} else {\n\t\t\tres = append(res, ps[i])	spurious_correlation_results/human_annotation/full_code/test38/generated.go	spurious_correlation_results/human_annotation/full_code/test38/reference.go	spurious_correlation_results/human_annotation/full_code/test38/generated_completion.txt	spurious_correlation_results/human_annotation/full_code/test38/reference_completion.txt	spurious_correlation_results/human_annotation/full_code/test38/prompt.txt			
test38_t334_s03	24	3	38	test38	334	 res	res	strings	3	291	Suffix	0.03011	 -   1 \n \t \tif  strings .Has [SOURCE:Suffix] (res [last ],  `\ `)  {  < M	<|im_start|> assistant \n \t\t \tres [last ]  = [TARGET: res] [last ]  +  ps [i ]\n \t \t	\t\t\tres[last] = res[last] + ps[i]\n\t\t} else {\n\t\t\tres = append(res, ps[i])	\t\t\tres[last] = strings.TrimSuffix(res[last], `\`) + delimiter + ps[i]\n\t\t} else {\n\t\t\tres = append(res, ps[i])	spurious_correlation_results/human_annotation/full_code/test38/generated.go	spurious_correlation_results/human_annotation/full_code/test38/reference.go	spurious_correlation_results/human_annotation/full_code/test38/generated_completion.txt	spurious_correlation_results/human_annotation/full_code/test38/reference_completion.txt	spurious_correlation_results/human_annotation/full_code/test38/prompt.txt			
test38_t334_s04	24	4	38	test38	334	 res	res	strings	4	330	\tres	0.005604	 are  returned <|im_end|> \n <|im_start|> assistant \n \t\t [SOURCE:\tres] [last ]  =  res [last ]  +  ps	<|im_start|> assistant \n \t\t \tres [last ]  = [TARGET: res] [last ]  +  ps [i ]\n \t \t	\t\t\tres[last] = res[last] + ps[i]\n\t\t} else {\n\t\t\tres = append(res, ps[i])	\t\t\tres[last] = strings.TrimSuffix(res[last], `\`) + delimiter + ps[i]\n\t\t} else {\n\t\t\tres = append(res, ps[i])	spurious_correlation_results/human_annotation/full_code/test38/generated.go	spurious_correlation_results/human_annotation/full_code/test38/reference.go	spurious_correlation_results/human_annotation/full_code/test38/generated_completion.txt	spurious_correlation_results/human_annotation/full_code/test38/reference_completion.txt	spurious_correlation_results/human_annotation/full_code/test38/prompt.txt			
test38_t334_s05	24	5	38	test38	334	 res	res	strings	5	262	])\n	0.008805	\tres  =  append (res ,  ps [ 0 [SOURCE:])\n] \tfor  i  :=   1 ;  i  <	<|im_start|> assistant \n \t\t \tres [last ]  = [TARGET: res] [last ]  +  ps [i ]\n \t \t	\t\t\tres[last] = res[last] + ps[i]\n\t\t} else {\n\t\t\tres = append(res, ps[i])	\t\t\tres[last] = strings.TrimSuffix(res[last], `\`) + delimiter + ps[i]\n\t\t} else {\n\t\t\tres = append(res, ps[i])	spurious_correlation_results/human_annotation/full_code/test38/generated.go	spurious_correlation_results/human_annotation/full_code/test38/reference.go	spurious_correlation_results/human_annotation/full_code/test38/generated_completion.txt	spurious_correlation_results/human_annotation/full_code/test38/reference_completion.txt	spurious_correlation_results/human_annotation/full_code/test38/prompt.txt			
test38_t334_s06	24	6	38	test38	334	 res	res	strings	6	206	 res	0.004702	 :=  strings .Split (path ,  delimiter )\n \tvar [SOURCE: res]  [] string \n\n \t //  allow  path  to	<|im_start|> assistant \n \t\t \tres [last ]  = [TARGET: res] [last ]  +  ps [i ]\n \t \t	\t\t\tres[last] = res[last] + ps[i]\n\t\t} else {\n\t\t\tres = append(res, ps[i])	\t\t\tres[last] = strings.TrimSuffix(res[last], `\`) + delimiter + ps[i]\n\t\t} else {\n\t\t\tres = append(res, ps[i])	spurious_correlation_results/human_annotation/full_code/test38/generated.go	spurious_correlation_results/human_annotation/full_code/test38/reference.go	spurious_correlation_results/human_annotation/full_code/test38/generated_completion.txt	spurious_correlation_results/human_annotation/full_code/test38/reference_completion.txt	spurious_correlation_results/human_annotation/full_code/test38/prompt.txt			
test38_t334_s07	24	7	38	test38	334	 res	res	strings	7	254	\tres	0.005231	\tps  =  ps [ 1 :]\n \t }\n\n [SOURCE:\tres]  =  append (res ,  ps [ 0 ])\n	<|im_start|> assistant \n \t\t \tres [last ]  = [TARGET: res] [last ]  +  ps [i ]\n \t \t	\t\t\tres[last] = res[last] + ps[i]\n\t\t} else {\n\t\t\tres = append(res, ps[i])	\t\t\tres[last] = strings.TrimSuffix(res[last], `\`) + delimiter + ps[i]\n\t\t} else {\n\t\t\tres = append(res, ps[i])	spurious_correlation_results/human_annotation/full_code/test38/generated.go	spurious_correlation_results/human_annotation/full_code/test38/reference.go	spurious_correlation_results/human_annotation/full_code/test38/generated_completion.txt	spurious_correlation_results/human_annotation/full_code/test38/reference_completion.txt	spurious_correlation_results/human_annotation/full_code/test38/prompt.txt			
test38_t334_s08	24	8	38	test38	334	 res	res	strings	8	103	strings	0.011915	"/  Below  is  the  imported  package  path  "" [SOURCE:strings] ""  The  receiver  struct  definitions  of  the  function"	<|im_start|> assistant \n \t\t \tres [last ]  = [TARGET: res] [last ]  +  ps [i ]\n \t \t	\t\t\tres[last] = res[last] + ps[i]\n\t\t} else {\n\t\t\tres = append(res, ps[i])	\t\t\tres[last] = strings.TrimSuffix(res[last], `\`) + delimiter + ps[i]\n\t\t} else {\n\t\t\tres = append(res, ps[i])	spurious_correlation_results/human_annotation/full_code/test38/generated.go	spurious_correlation_results/human_annotation/full_code/test38/reference.go	spurious_correlation_results/human_annotation/full_code/test38/generated_completion.txt	spurious_correlation_results/human_annotation/full_code/test38/reference_completion.txt	spurious_correlation_results/human_annotation/full_code/test38/prompt.txt			
test38_t334_s09	24	9	38	test38	334	 res	res	strings	9	279	 :=	0.015206	 len (ps );  i ++  {\n \t \tlast [SOURCE: :=]  len (res )  -   1 \n \t	<|im_start|> assistant \n \t\t \tres [last ]  = [TARGET: res] [last ]  +  ps [i ]\n \t \t	\t\t\tres[last] = res[last] + ps[i]\n\t\t} else {\n\t\t\tres = append(res, ps[i])	\t\t\tres[last] = strings.TrimSuffix(res[last], `\`) + delimiter + ps[i]\n\t\t} else {\n\t\t\tres = append(res, ps[i])	spurious_correlation_results/human_annotation/full_code/test38/generated.go	spurious_correlation_results/human_annotation/full_code/test38/reference.go	spurious_correlation_results/human_annotation/full_code/test38/generated_completion.txt	spurious_correlation_results/human_annotation/full_code/test38/reference_completion.txt	spurious_correlation_results/human_annotation/full_code/test38/prompt.txt			
test38_t334_s10	24	10	38	test38	334	 res	res	strings	10	197	\tps	0.01047	 string ,  delimiter  string )  [] string  {\n [SOURCE:\tps]  :=  strings .Split (path ,  delimiter )\n \tvar	<|im_start|> assistant \n \t\t \tres [last ]  = [TARGET: res] [last ]  +  ps [i ]\n \t \t	\t\t\tres[last] = res[last] + ps[i]\n\t\t} else {\n\t\t\tres = append(res, ps[i])	\t\t\tres[last] = strings.TrimSuffix(res[last], `\`) + delimiter + ps[i]\n\t\t} else {\n\t\t\tres = append(res, ps[i])	spurious_correlation_results/human_annotation/full_code/test38/generated.go	spurious_correlation_results/human_annotation/full_code/test38/reference.go	spurious_correlation_results/human_annotation/full_code/test38/generated_completion.txt	spurious_correlation_results/human_annotation/full_code/test38/reference_completion.txt	spurious_correlation_results/human_annotation/full_code/test38/prompt.txt			
test79_t1351_s01	25	1	79	test79	1351	\tif	if	col	1	1307	 ord	0.013649	 :=  s .input .Output Types ()\n \tfor  _, [SOURCE: ord]  :=  range  s .order ing [: s .match	 are  returned <|im_end|> \n <|im_start|> assistant \n \t [TARGET:\tif]  err  :=  s .check Type (ord .Col Idx	\t\tif err := s.checkType(ord.ColIdx, types[ord.ColIdx], nextChunkRow[ord.DatumIdx], prefix[ord.DatumIdx	\t\tcol := ord.ColIdx\n\t\tcmp, err := nextChunkRow[col].Compare(s.Ctx(), types[col], &s.alloc, s.FlowCtx.EvalCtx, &prefix[col])\n\t\tif cmp != 0 || err != nil {\n\t\t\treturn true, err\n\t\t}	spurious_correlation_results/human_annotation/full_code/test79/generated.go	spurious_correlation_results/human_annotation/full_code/test79/reference.go	spurious_correlation_results/human_annotation/full_code/test79/generated_completion.txt	spurious_correlation_results/human_annotation/full_code/test79/reference_completion.txt	spurious_correlation_results/human_annotation/full_code/test79/prompt.txt			
test79_t1351_s02	25	2	79	test79	1351	\tif	if	col	2	1306	 _,	0.009897	\ttypes  :=  s .input .Output Types ()\n \tfor [SOURCE: _,]  ord  :=  range  s .order ing [: s	 are  returned <|im_end|> \n <|im_start|> assistant \n \t [TARGET:\tif]  err  :=  s .check Type (ord .Col Idx	\t\tif err := s.checkType(ord.ColIdx, types[ord.ColIdx], nextChunkRow[ord.DatumIdx], prefix[ord.DatumIdx	\t\tcol := ord.ColIdx\n\t\tcmp, err := nextChunkRow[col].Compare(s.Ctx(), types[col], &s.alloc, s.FlowCtx.EvalCtx, &prefix[col])\n\t\tif cmp != 0 || err != nil {\n\t\t\treturn true, err\n\t\t}	spurious_correlation_results/human_annotation/full_code/test79/generated.go	spurious_correlation_results/human_annotation/full_code/test79/reference.go	spurious_correlation_results/human_annotation/full_code/test79/generated_completion.txt	spurious_correlation_results/human_annotation/full_code/test79/reference_completion.txt	spurious_correlation_results/human_annotation/full_code/test79/prompt.txt			
test79_t1351_s03	25	3	79	test79	1351	\tif	if	col	3	1299	 :=	0.009472	)  ( bool ,  error )  {\n \ttypes [SOURCE: :=]  s .input .Output Types ()\n \tfor  _,  ord	 are  returned <|im_end|> \n <|im_start|> assistant \n \t [TARGET:\tif]  err  :=  s .check Type (ord .Col Idx	\t\tif err := s.checkType(ord.ColIdx, types[ord.ColIdx], nextChunkRow[ord.DatumIdx], prefix[ord.DatumIdx	\t\tcol := ord.ColIdx\n\t\tcmp, err := nextChunkRow[col].Compare(s.Ctx(), types[col], &s.alloc, s.FlowCtx.EvalCtx, &prefix[col])\n\t\tif cmp != 0 || err != nil {\n\t\t\treturn true, err\n\t\t}	spurious_correlation_results/human_annotation/full_code/test79/generated.go	spurious_correlation_results/human_annotation/full_code/test79/reference.go	spurious_correlation_results/human_annotation/full_code/test79/generated_completion.txt	spurious_correlation_results/human_annotation/full_code/test79/reference_completion.txt	spurious_correlation_results/human_annotation/full_code/test79/prompt.txt			
test79_t1351_s04	25	4	79	test79	1351	\tif	if	col	4	298	 rows	0.00297	\n\n \t //  sort Chunks Processor  accum ulates [SOURCE: rows]  that  are  equal  on  a  prefix ,  until	 are  returned <|im_end|> \n <|im_start|> assistant \n \t [TARGET:\tif]  err  :=  s .check Type (ord .Col Idx	\t\tif err := s.checkType(ord.ColIdx, types[ord.ColIdx], nextChunkRow[ord.DatumIdx], prefix[ord.DatumIdx	\t\tcol := ord.ColIdx\n\t\tcmp, err := nextChunkRow[col].Compare(s.Ctx(), types[col], &s.alloc, s.FlowCtx.EvalCtx, &prefix[col])\n\t\tif cmp != 0 || err != nil {\n\t\t\treturn true, err\n\t\t}	spurious_correlation_results/human_annotation/full_code/test79/generated.go	spurious_correlation_results/human_annotation/full_code/test79/reference.go	spurious_correlation_results/human_annotation/full_code/test79/generated_completion.txt	spurious_correlation_results/human_annotation/full_code/test79/reference_completion.txt	spurious_correlation_results/human_annotation/full_code/test79/prompt.txt			
test79_t1351_s05	25	5	79	test79	1351	\tif	if	col	5	1313	[:	0.011212	\tfor  _,  ord  :=  range  s .order ing [SOURCE:[:] s .match Len ]  {  < M ID	 are  returned <|im_end|> \n <|im_start|> assistant \n \t [TARGET:\tif]  err  :=  s .check Type (ord .Col Idx	\t\tif err := s.checkType(ord.ColIdx, types[ord.ColIdx], nextChunkRow[ord.DatumIdx], prefix[ord.DatumIdx	\t\tcol := ord.ColIdx\n\t\tcmp, err := nextChunkRow[col].Compare(s.Ctx(), types[col], &s.alloc, s.FlowCtx.EvalCtx, &prefix[col])\n\t\tif cmp != 0 || err != nil {\n\t\t\treturn true, err\n\t\t}	spurious_correlation_results/human_annotation/full_code/test79/generated.go	spurious_correlation_results/human_annotation/full_code/test79/reference.go	spurious_correlation_results/human_annotation/full_code/test79/generated_completion.txt	spurious_correlation_results/human_annotation/full_code/test79/reference_completion.txt	spurious_correlation_results/human_annotation/full_code/test79/prompt.txt			
test79_t1351_s06	25	6	79	test79	1351	\tif	if	col	6	119	info	0.002656	"/ cock roach /pkg /sql /catalog / col [SOURCE:info] "";  "" github .com / cock roach db"	 are  returned <|im_end|> \n <|im_start|> assistant \n \t [TARGET:\tif]  err  :=  s .check Type (ord .Col Idx	\t\tif err := s.checkType(ord.ColIdx, types[ord.ColIdx], nextChunkRow[ord.DatumIdx], prefix[ord.DatumIdx	\t\tcol := ord.ColIdx\n\t\tcmp, err := nextChunkRow[col].Compare(s.Ctx(), types[col], &s.alloc, s.FlowCtx.EvalCtx, &prefix[col])\n\t\tif cmp != 0 || err != nil {\n\t\t\treturn true, err\n\t\t}	spurious_correlation_results/human_annotation/full_code/test79/generated.go	spurious_correlation_results/human_annotation/full_code/test79/reference.go	spurious_correlation_results/human_annotation/full_code/test79/generated_completion.txt	spurious_correlation_results/human_annotation/full_code/test79/reference_completion.txt	spurious_correlation_results/human_annotation/full_code/test79/prompt.txt			
test79_t1351_s07	25	7	79	test79	1351	\tif	if	col	7	287	.D	0.006986	 {\n \tsort er Base \n\n \t alloc  tree [SOURCE:.D] atum Alloc \n\n \t //  sort Chunks Processor	 are  returned <|im_end|> \n <|im_start|> assistant \n \t [TARGET:\tif]  err  :=  s .check Type (ord .Col Idx	\t\tif err := s.checkType(ord.ColIdx, types[ord.ColIdx], nextChunkRow[ord.DatumIdx], prefix[ord.DatumIdx	\t\tcol := ord.ColIdx\n\t\tcmp, err := nextChunkRow[col].Compare(s.Ctx(), types[col], &s.alloc, s.FlowCtx.EvalCtx, &prefix[col])\n\t\tif cmp != 0 || err != nil {\n\t\t\treturn true, err\n\t\t}	spurious_correlation_results/human_annotation/full_code/test79/generated.go	spurious_correlation_results/human_annotation/full_code/test79/reference.go	spurious_correlation_results/human_annotation/full_code/test79/generated_completion.txt	spurious_correlation_results/human_annotation/full_code/test79/reference_completion.txt	spurious_correlation_results/human_annotation/full_code/test79/prompt.txt			
test79_t1351_s08	25	8	79	test79	1351	\tif	if	col	8	1270	next	0.001665	 * sort Chunks Processor )  chunk Completed (( [SOURCE:next] Chunk Row  row enc .Enc Datum Row ,	 are  returned <|im_end|> \n <|im_start|> assistant \n \t [TARGET:\tif]  err  :=  s .check Type (ord .Col Idx	\t\tif err := s.checkType(ord.ColIdx, types[ord.ColIdx], nextChunkRow[ord.DatumIdx], prefix[ord.DatumIdx	\t\tcol := ord.ColIdx\n\t\tcmp, err := nextChunkRow[col].Compare(s.Ctx(), types[col], &s.alloc, s.FlowCtx.EvalCtx, &prefix[col])\n\t\tif cmp != 0 || err != nil {\n\t\t\treturn true, err\n\t\t}	spurious_correlation_results/human_annotation/full_code/test79/generated.go	spurious_correlation_results/human_annotation/full_code/test79/reference.go	spurious_correlation_results/human_annotation/full_code/test79/generated_completion.txt	spurious_correlation_results/human_annotation/full_code/test79/reference_completion.txt	spurious_correlation_results/human_annotation/full_code/test79/prompt.txt			
test79_t1351_s09	25	9	79	test79	1351	\tif	if	col	9	1309	 range	0.005019	.input .Output Types ()\n \tfor  _,  ord  := [SOURCE: range]  s .order ing [: s .match Len ]	 are  returned <|im_end|> \n <|im_start|> assistant \n \t [TARGET:\tif]  err  :=  s .check Type (ord .Col Idx	\t\tif err := s.checkType(ord.ColIdx, types[ord.ColIdx], nextChunkRow[ord.DatumIdx], prefix[ord.DatumIdx	\t\tcol := ord.ColIdx\n\t\tcmp, err := nextChunkRow[col].Compare(s.Ctx(), types[col], &s.alloc, s.FlowCtx.EvalCtx, &prefix[col])\n\t\tif cmp != 0 || err != nil {\n\t\t\treturn true, err\n\t\t}	spurious_correlation_results/human_annotation/full_code/test79/generated.go	spurious_correlation_results/human_annotation/full_code/test79/reference.go	spurious_correlation_results/human_annotation/full_code/test79/generated_completion.txt	spurious_correlation_results/human_annotation/full_code/test79/reference_completion.txt	spurious_correlation_results/human_annotation/full_code/test79/prompt.txt			
test79_t1351_s10	25	10	79	test79	1351	\tif	if	col	10	1305	\tfor	0.021479	 {\n \ttypes  :=  s .input .Output Types ()\n [SOURCE:\tfor]  _,  ord  :=  range  s .order ing [:	 are  returned <|im_end|> \n <|im_start|> assistant \n \t [TARGET:\tif]  err  :=  s .check Type (ord .Col Idx	\t\tif err := s.checkType(ord.ColIdx, types[ord.ColIdx], nextChunkRow[ord.DatumIdx], prefix[ord.DatumIdx	\t\tcol := ord.ColIdx\n\t\tcmp, err := nextChunkRow[col].Compare(s.Ctx(), types[col], &s.alloc, s.FlowCtx.EvalCtx, &prefix[col])\n\t\tif cmp != 0 || err != nil {\n\t\t\treturn true, err\n\t\t}	spurious_correlation_results/human_annotation/full_code/test79/generated.go	spurious_correlation_results/human_annotation/full_code/test79/reference.go	spurious_correlation_results/human_annotation/full_code/test79/generated_completion.txt	spurious_correlation_results/human_annotation/full_code/test79/reference_completion.txt	spurious_correlation_results/human_annotation/full_code/test79/prompt.txt			
test95_t1815_s01	26	1	95	test95	1815	.New	Newf	Errorf	1	1814	 errors	0.096124	" returned <|im_end|> \n <|im_start|> assistant \n \t \treturn [SOURCE: errors] .New f (\n \t\t \t "" unsafe  load"	"<|im_end|> \n <|im_start|> assistant \n \t \treturn  errors [TARGET:.New] f (\n \t\t \t "" unsafe  load  based"	"\t\treturn errors.Newf(\n\t\t\t""unsafe load based splitter returning a split key equal to the start key of the range (%s)"", splitKey)"	"\t\treturn errors.Errorf(\n\t\t\t""split key is equal to range start key (split_key=%s)"",\n\t\t\tsplitRKey)"	spurious_correlation_results/human_annotation/full_code/test95/generated.go	spurious_correlation_results/human_annotation/full_code/test95/reference.go	spurious_correlation_results/human_annotation/full_code/test95/generated_completion.txt	spurious_correlation_results/human_annotation/full_code/test95/reference_completion.txt	spurious_correlation_results/human_annotation/full_code/test95/prompt.txt			
test95_t1815_s02	26	2	95	test95	1815	.New	Newf	Errorf	2	1813	\treturn	0.038721	" are  returned <|im_end|> \n <|im_start|> assistant \n \t [SOURCE:\treturn]  errors .New f (\n \t\t \t "" unsafe"	"<|im_end|> \n <|im_start|> assistant \n \t \treturn  errors [TARGET:.New] f (\n \t\t \t "" unsafe  load  based"	"\t\treturn errors.Newf(\n\t\t\t""unsafe load based splitter returning a split key equal to the start key of the range (%s)"", splitKey)"	"\t\treturn errors.Errorf(\n\t\t\t""split key is equal to range start key (split_key=%s)"",\n\t\t\tsplitRKey)"	spurious_correlation_results/human_annotation/full_code/test95/generated.go	spurious_correlation_results/human_annotation/full_code/test95/reference.go	spurious_correlation_results/human_annotation/full_code/test95/generated_completion.txt	spurious_correlation_results/human_annotation/full_code/test95/reference_completion.txt	spurious_correlation_results/human_annotation/full_code/test95/prompt.txt			
test95_t1815_s03	26	3	95	test95	1815	.New	Newf	Errorf	3	246	/errors	0.024657	""";  "" github .com / cock roach db [SOURCE:/errors] ""  The  receiver  struct  definitions  of  the  function"	"<|im_end|> \n <|im_start|> assistant \n \t \treturn  errors [TARGET:.New] f (\n \t\t \t "" unsafe  load  based"	"\t\treturn errors.Newf(\n\t\t\t""unsafe load based splitter returning a split key equal to the start key of the range (%s)"", splitKey)"	"\t\treturn errors.Errorf(\n\t\t\t""split key is equal to range start key (split_key=%s)"",\n\t\t\tsplitRKey)"	spurious_correlation_results/human_annotation/full_code/test95/generated.go	spurious_correlation_results/human_annotation/full_code/test95/reference.go	spurious_correlation_results/human_annotation/full_code/test95/generated_completion.txt	spurious_correlation_results/human_annotation/full_code/test95/reference_completion.txt	spurious_correlation_results/human_annotation/full_code/test95/prompt.txt			
test95_t1815_s04	26	4	95	test95	1815	.New	Newf	Errorf	4	1735	 admin	0.000828	 as \n \t //  a  no -op  in [SOURCE: admin] Split With Descriptor ,  however  it  is  treated	"<|im_end|> \n <|im_start|> assistant \n \t \treturn  errors [TARGET:.New] f (\n \t\t \t "" unsafe  load  based"	"\t\treturn errors.Newf(\n\t\t\t""unsafe load based splitter returning a split key equal to the start key of the range (%s)"", splitKey)"	"\t\treturn errors.Errorf(\n\t\t\t""split key is equal to range start key (split_key=%s)"",\n\t\t\tsplitRKey)"	spurious_correlation_results/human_annotation/full_code/test95/generated.go	spurious_correlation_results/human_annotation/full_code/test95/reference.go	spurious_correlation_results/human_annotation/full_code/test95/generated_completion.txt	spurious_correlation_results/human_annotation/full_code/test95/reference_completion.txt	spurious_correlation_results/human_annotation/full_code/test95/prompt.txt			
test95_t1815_s05	26	5	95	test95	1815	.New	Newf	Errorf	5	1644	Check	0.002328	 are  asked  to  complete  func  split Key Pre [SOURCE:Check] (( r span  ro ach pb .R Span	"<|im_end|> \n <|im_start|> assistant \n \t \treturn  errors [TARGET:.New] f (\n \t\t \t "" unsafe  load  based"	"\t\treturn errors.Newf(\n\t\t\t""unsafe load based splitter returning a split key equal to the start key of the range (%s)"", splitKey)"	"\t\treturn errors.Errorf(\n\t\t\t""split key is equal to range start key (split_key=%s)"",\n\t\t\tsplitRKey)"	spurious_correlation_results/human_annotation/full_code/test95/generated.go	spurious_correlation_results/human_annotation/full_code/test95/reference.go	spurious_correlation_results/human_annotation/full_code/test95/generated_completion.txt	spurious_correlation_results/human_annotation/full_code/test95/reference_completion.txt	spurious_correlation_results/human_annotation/full_code/test95/prompt.txt			
test95_t1815_s06	26	6	95	test95	1815	.New	Newf	Errorf	6	27	 go	0.003143	<|im_end|> \n <|im_start|> user \n This  is  a [SOURCE: go]  programming  task  on  some  code  contents .  Given	"<|im_end|> \n <|im_start|> assistant \n \t \treturn  errors [TARGET:.New] f (\n \t\t \t "" unsafe  load  based"	"\t\treturn errors.Newf(\n\t\t\t""unsafe load based splitter returning a split key equal to the start key of the range (%s)"", splitKey)"	"\t\treturn errors.Errorf(\n\t\t\t""split key is equal to range start key (split_key=%s)"",\n\t\t\tsplitRKey)"	spurious_correlation_results/human_annotation/full_code/test95/generated.go	spurious_correlation_results/human_annotation/full_code/test95/reference.go	spurious_correlation_results/human_annotation/full_code/test95/generated_completion.txt	spurious_correlation_results/human_annotation/full_code/test95/reference_completion.txt	spurious_correlation_results/human_annotation/full_code/test95/prompt.txt			
test95_t1815_s07	26	7	95	test95	1815	.New	Newf	Errorf	7	1468	.admin	0.00077	:  We  handle  unsafe  split  keys  in  replica [SOURCE:.admin] Split With Descriptor ,  so  it \n \t	"<|im_end|> \n <|im_start|> assistant \n \t \treturn  errors [TARGET:.New] f (\n \t\t \t "" unsafe  load  based"	"\t\treturn errors.Newf(\n\t\t\t""unsafe load based splitter returning a split key equal to the start key of the range (%s)"", splitKey)"	"\t\treturn errors.Errorf(\n\t\t\t""split key is equal to range start key (split_key=%s)"",\n\t\t\tsplitRKey)"	spurious_correlation_results/human_annotation/full_code/test95/generated.go	spurious_correlation_results/human_annotation/full_code/test95/reference.go	spurious_correlation_results/human_annotation/full_code/test95/generated_completion.txt	spurious_correlation_results/human_annotation/full_code/test95/reference_completion.txt	spurious_correlation_results/human_annotation/full_code/test95/prompt.txt			
test95_t1815_s08	26	8	95	test95	1815	.New	Newf	Errorf	8	1732	 no	0.001678	 it  is  treated  as \n \t //  a [SOURCE: no] -op  in  admin Split With Descriptor ,  however	"<|im_end|> \n <|im_start|> assistant \n \t \treturn  errors [TARGET:.New] f (\n \t\t \t "" unsafe  load  based"	"\t\treturn errors.Newf(\n\t\t\t""unsafe load based splitter returning a split key equal to the start key of the range (%s)"", splitKey)"	"\t\treturn errors.Errorf(\n\t\t\t""split key is equal to range start key (split_key=%s)"",\n\t\t\tsplitRKey)"	spurious_correlation_results/human_annotation/full_code/test95/generated.go	spurious_correlation_results/human_annotation/full_code/test95/reference.go	spurious_correlation_results/human_annotation/full_code/test95/generated_completion.txt	spurious_correlation_results/human_annotation/full_code/test95/reference_completion.txt	spurious_correlation_results/human_annotation/full_code/test95/prompt.txt			
test95_t1815_s09	26	9	95	test95	1815	.New	Newf	Errorf	9	103	context	0.001795	"/  Below  is  the  imported  package  path  "" [SOURCE:context] "";  "" fmt "";  "" time "";  """	"<|im_end|> \n <|im_start|> assistant \n \t \treturn  errors [TARGET:.New] f (\n \t\t \t "" unsafe  load  based"	"\t\treturn errors.Newf(\n\t\t\t""unsafe load based splitter returning a split key equal to the start key of the range (%s)"", splitKey)"	"\t\treturn errors.Errorf(\n\t\t\t""split key is equal to range start key (split_key=%s)"",\n\t\t\tsplitRKey)"	spurious_correlation_results/human_annotation/full_code/test95/generated.go	spurious_correlation_results/human_annotation/full_code/test95/reference.go	spurious_correlation_results/human_annotation/full_code/test95/generated_completion.txt	spurious_correlation_results/human_annotation/full_code/test95/reference_completion.txt	spurious_correlation_results/human_annotation/full_code/test95/prompt.txt			
test95_t1815_s10	26	10	95	test95	1815	.New	Newf	Errorf	10	1538	 swallow	0.001897	Row Prefix \n \t }\n\n \t //  We [SOURCE: swallow]  the  error  here  and  instead  log  an  event	"<|im_end|> \n <|im_start|> assistant \n \t \treturn  errors [TARGET:.New] f (\n \t\t \t "" unsafe  load  based"	"\t\treturn errors.Newf(\n\t\t\t""unsafe load based splitter returning a split key equal to the start key of the range (%s)"", splitKey)"	"\t\treturn errors.Errorf(\n\t\t\t""split key is equal to range start key (split_key=%s)"",\n\t\t\tsplitRKey)"	spurious_correlation_results/human_annotation/full_code/test95/generated.go	spurious_correlation_results/human_annotation/full_code/test95/reference.go	spurious_correlation_results/human_annotation/full_code/test95/generated_completion.txt	spurious_correlation_results/human_annotation/full_code/test95/reference_completion.txt	spurious_correlation_results/human_annotation/full_code/test95/prompt.txt			
test65_t984_s01	27	1	65	test65	984	.Read	ReadInterface	Read	1	983	 iter	0.00737	\tdefer  any .cfg .Return Iterator (iter )\n \treturn [SOURCE: iter] .Read Interface () <|im_end|>	 any .cfg .Return Iterator (iter )\n \treturn  iter [TARGET:.Read] Interface () <|im_end|>	\titer := any.cfg.BorrowIterator(any.buf)\n\tdefer any.cfg.ReturnIterator(iter)\n\treturn iter.ReadInterface()	\titer := any.cfg.BorrowIterator(any.buf)\n\tdefer any.cfg.ReturnIterator(iter)\n\treturn iter.Read()	spurious_correlation_results/human_annotation/full_code/test65/generated.go	spurious_correlation_results/human_annotation/full_code/test65/reference.go	spurious_correlation_results/human_annotation/full_code/test65/generated_completion.txt	spurious_correlation_results/human_annotation/full_code/test65/reference_completion.txt	spurious_correlation_results/human_annotation/full_code/test65/prompt.txt			
test65_t984_s02	27	2	65	test65	984	.Read	ReadInterface	Read	2	505	.Read	0.013164	\tdefer  any .cfg .Return Iterator (iter )\n \titer [SOURCE:.Read] Val (obj )\n }\n\n func  ( any  *	 any .cfg .Return Iterator (iter )\n \treturn  iter [TARGET:.Read] Interface () <|im_end|>	\titer := any.cfg.BorrowIterator(any.buf)\n\tdefer any.cfg.ReturnIterator(iter)\n\treturn iter.ReadInterface()	\titer := any.cfg.BorrowIterator(any.buf)\n\tdefer any.cfg.ReturnIterator(iter)\n\treturn iter.Read()	spurious_correlation_results/human_annotation/full_code/test65/generated.go	spurious_correlation_results/human_annotation/full_code/test65/reference.go	spurious_correlation_results/human_annotation/full_code/test65/generated_completion.txt	spurious_correlation_results/human_annotation/full_code/test65/reference_completion.txt	spurious_correlation_results/human_annotation/full_code/test65/prompt.txt			
test65_t984_s03	27	3	65	test65	984	.Read	ReadInterface	Read	3	662	.Read	0.004418	 any .cfg .Return Iterator (iter )\n \t\t \titer [SOURCE:.Read] Map CB (func (iter  * Iterator ,  field	 any .cfg .Return Iterator (iter )\n \treturn  iter [TARGET:.Read] Interface () <|im_end|>	\titer := any.cfg.BorrowIterator(any.buf)\n\tdefer any.cfg.ReturnIterator(iter)\n\treturn iter.ReadInterface()	\titer := any.cfg.BorrowIterator(any.buf)\n\tdefer any.cfg.ReturnIterator(iter)\n\treturn iter.Read()	spurious_correlation_results/human_annotation/full_code/test65/generated.go	spurious_correlation_results/human_annotation/full_code/test65/reference.go	spurious_correlation_results/human_annotation/full_code/test65/generated_completion.txt	spurious_correlation_results/human_annotation/full_code/test65/reference_completion.txt	spurious_correlation_results/human_annotation/full_code/test65/prompt.txt			
test65_t984_s04	27	4	65	test65	984	.Read	ReadInterface	Read	4	781	.Read	0.001797	\tdefer  any .cfg .Return Iterator (iter )\n \titer [SOURCE:.Read] Map CB (func (iter  * Iterator ,  field	 any .cfg .Return Iterator (iter )\n \treturn  iter [TARGET:.Read] Interface () <|im_end|>	\titer := any.cfg.BorrowIterator(any.buf)\n\tdefer any.cfg.ReturnIterator(iter)\n\treturn iter.ReadInterface()	\titer := any.cfg.BorrowIterator(any.buf)\n\tdefer any.cfg.ReturnIterator(iter)\n\treturn iter.Read()	spurious_correlation_results/human_annotation/full_code/test65/generated.go	spurious_correlation_results/human_annotation/full_code/test65/reference.go	spurious_correlation_results/human_annotation/full_code/test65/generated_completion.txt	spurious_correlation_results/human_annotation/full_code/test65/reference_completion.txt	spurious_correlation_results/human_annotation/full_code/test65/prompt.txt			
test65_t984_s05	27	5	65	test65	984	.Read	ReadInterface	Read	5	965	\titer	0.006445	>  are  returned <|im_end|> \n <|im_start|> assistant \n [SOURCE:\titer]  :=  any .cfg .B orrow Iterator (any .buf	 any .cfg .Return Iterator (iter )\n \treturn  iter [TARGET:.Read] Interface () <|im_end|>	\titer := any.cfg.BorrowIterator(any.buf)\n\tdefer any.cfg.ReturnIterator(iter)\n\treturn iter.ReadInterface()	\titer := any.cfg.BorrowIterator(any.buf)\n\tdefer any.cfg.ReturnIterator(iter)\n\treturn iter.Read()	spurious_correlation_results/human_annotation/full_code/test65/generated.go	spurious_correlation_results/human_annotation/full_code/test65/reference.go	spurious_correlation_results/human_annotation/full_code/test65/generated_completion.txt	spurious_correlation_results/human_annotation/full_code/test65/reference_completion.txt	spurious_correlation_results/human_annotation/full_code/test65/prompt.txt			
test65_t984_s06	27	6	65	test65	984	.Read	ReadInterface	Read	6	605	Bytes	0.001582	(path )\n \t \t }\n \t \titer .Reset [SOURCE:Bytes] (value Bytes )\n \t \treturn  locate Path (iter	 any .cfg .Return Iterator (iter )\n \treturn  iter [TARGET:.Read] Interface () <|im_end|>	\titer := any.cfg.BorrowIterator(any.buf)\n\tdefer any.cfg.ReturnIterator(iter)\n\treturn iter.ReadInterface()	\titer := any.cfg.BorrowIterator(any.buf)\n\tdefer any.cfg.ReturnIterator(iter)\n\treturn iter.Read()	spurious_correlation_results/human_annotation/full_code/test65/generated.go	spurious_correlation_results/human_annotation/full_code/test65/reference.go	spurious_correlation_results/human_annotation/full_code/test65/generated_completion.txt	spurious_correlation_results/human_annotation/full_code/test65/reference_completion.txt	spurious_correlation_results/human_annotation/full_code/test65/prompt.txt			
test65_t984_s07	27	7	65	test65	984	.Read	ReadInterface	Read	7	414	 Write	0.002601	 func  ( any  * object Lazy Any ) [SOURCE: Write] To (stream  * Stream )\n -  func  (	 any .cfg .Return Iterator (iter )\n \treturn  iter [TARGET:.Read] Interface () <|im_end|>	\titer := any.cfg.BorrowIterator(any.buf)\n\tdefer any.cfg.ReturnIterator(iter)\n\treturn iter.ReadInterface()	\titer := any.cfg.BorrowIterator(any.buf)\n\tdefer any.cfg.ReturnIterator(iter)\n\treturn iter.Read()	spurious_correlation_results/human_annotation/full_code/test65/generated.go	spurious_correlation_results/human_annotation/full_code/test65/reference.go	spurious_correlation_results/human_annotation/full_code/test65/generated_completion.txt	spurious_correlation_results/human_annotation/full_code/test65/reference_completion.txt	spurious_correlation_results/human_annotation/full_code/test65/prompt.txt			
test65_t984_s08	27	8	65	test65	984	.Read	ReadInterface	Read	8	495	.buf	0.003446	\titer  :=  any .cfg .B orrow Iterator (any [SOURCE:.buf] )\n \tdefer  any .cfg .Return Iterator (iter )\n	 any .cfg .Return Iterator (iter )\n \treturn  iter [TARGET:.Read] Interface () <|im_end|>	\titer := any.cfg.BorrowIterator(any.buf)\n\tdefer any.cfg.ReturnIterator(iter)\n\treturn iter.ReadInterface()	\titer := any.cfg.BorrowIterator(any.buf)\n\tdefer any.cfg.ReturnIterator(iter)\n\treturn iter.Read()	spurious_correlation_results/human_annotation/full_code/test65/generated.go	spurious_correlation_results/human_annotation/full_code/test65/reference.go	spurious_correlation_results/human_annotation/full_code/test65/generated_completion.txt	spurious_correlation_results/human_annotation/full_code/test65/reference_completion.txt	spurious_correlation_results/human_annotation/full_code/test65/prompt.txt			
test65_t984_s09	27	9	65	test65	984	.Read	ReadInterface	Read	9	186	 To	0.00194	 func  ( any  * object Lazy Any ) [SOURCE: To] Bool ()  bool \n -  func  ( any	 any .cfg .Return Iterator (iter )\n \treturn  iter [TARGET:.Read] Interface () <|im_end|>	\titer := any.cfg.BorrowIterator(any.buf)\n\tdefer any.cfg.ReturnIterator(iter)\n\treturn iter.ReadInterface()	\titer := any.cfg.BorrowIterator(any.buf)\n\tdefer any.cfg.ReturnIterator(iter)\n\treturn iter.Read()	spurious_correlation_results/human_annotation/full_code/test65/generated.go	spurious_correlation_results/human_annotation/full_code/test65/reference.go	spurious_correlation_results/human_annotation/full_code/test65/generated_completion.txt	spurious_correlation_results/human_annotation/full_code/test65/reference_completion.txt	spurious_correlation_results/human_annotation/full_code/test65/prompt.txt			
test65_t984_s10	27	10	65	test65	984	.Read	ReadInterface	Read	10	897	.Write	0.000914	 Write To (stream  * Stream )  {\n \tstream [SOURCE:.Write] (any .buf )\n }  And  here  is  the	 any .cfg .Return Iterator (iter )\n \treturn  iter [TARGET:.Read] Interface () <|im_end|>	\titer := any.cfg.BorrowIterator(any.buf)\n\tdefer any.cfg.ReturnIterator(iter)\n\treturn iter.ReadInterface()	\titer := any.cfg.BorrowIterator(any.buf)\n\tdefer any.cfg.ReturnIterator(iter)\n\treturn iter.Read()	spurious_correlation_results/human_annotation/full_code/test65/generated.go	spurious_correlation_results/human_annotation/full_code/test65/reference.go	spurious_correlation_results/human_annotation/full_code/test65/generated_completion.txt	spurious_correlation_results/human_annotation/full_code/test65/reference_completion.txt	spurious_correlation_results/human_annotation/full_code/test65/prompt.txt			
test90_t1677_s01	28	1	90	test90	1677	outer	outerColID	indexColID	1	1526	er	0.004518	lookup Expr Cols  :=  join .Lookup Expr .Out [SOURCE:er] Cols ()\n \t \tfor  i ,  n  :=	 returned <|im_end|> \n <|im_start|> assistant \n \t\t \t [TARGET:outer] Col ID  :=  lookup Expr Cols [n -	\t\t\touterColID := lookupExprCols[n-1-i]\n\t\t\tif !relational.OutputCols.Contains(outerColID) {\n\t\t\t\trelational	\t\t\tindexColID := join.Table.ColumnID(index.Column(i).Ordinal())\n\t\t\tif lookupExprCols.Contains(indexColID) {\n\t\t\t\trelational.OutputCols.Add(indexColID)\n\t\t\t}	spurious_correlation_results/human_annotation/full_code/test90/generated.go	spurious_correlation_results/human_annotation/full_code/test90/reference.go	spurious_correlation_results/human_annotation/full_code/test90/generated_completion.txt	spurious_correlation_results/human_annotation/full_code/test90/reference_completion.txt	spurious_correlation_results/human_annotation/full_code/test90/prompt.txt			
test90_t1677_s02	28	2	90	test90	1677	outer	outerColID	indexColID	2	1528	()\n	0.002625	Cols  :=  join .Lookup Expr .Out er Cols [SOURCE:()\n] \t \tfor  i ,  n  :=   0	 returned <|im_end|> \n <|im_start|> assistant \n \t\t \t [TARGET:outer] Col ID  :=  lookup Expr Cols [n -	\t\t\touterColID := lookupExprCols[n-1-i]\n\t\t\tif !relational.OutputCols.Contains(outerColID) {\n\t\t\t\trelational	\t\t\tindexColID := join.Table.ColumnID(index.Column(i).Ordinal())\n\t\t\tif lookupExprCols.Contains(indexColID) {\n\t\t\t\trelational.OutputCols.Add(indexColID)\n\t\t\t}	spurious_correlation_results/human_annotation/full_code/test90/generated.go	spurious_correlation_results/human_annotation/full_code/test90/reference.go	spurious_correlation_results/human_annotation/full_code/test90/generated_completion.txt	spurious_correlation_results/human_annotation/full_code/test90/reference_completion.txt	spurious_correlation_results/human_annotation/full_code/test90/prompt.txt			
test90_t1677_s03	28	3	90	test90	1677	outer	outerColID	indexColID	3	1519	Expr	0.00409	 in  the  output  columns .\n \t \t lookup [SOURCE:Expr] Cols  :=  join .Lookup Expr .Out er Cols	 returned <|im_end|> \n <|im_start|> assistant \n \t\t \t [TARGET:outer] Col ID  :=  lookup Expr Cols [n -	\t\t\touterColID := lookupExprCols[n-1-i]\n\t\t\tif !relational.OutputCols.Contains(outerColID) {\n\t\t\t\trelational	\t\t\tindexColID := join.Table.ColumnID(index.Column(i).Ordinal())\n\t\t\tif lookupExprCols.Contains(indexColID) {\n\t\t\t\trelational.OutputCols.Add(indexColID)\n\t\t\t}	spurious_correlation_results/human_annotation/full_code/test90/generated.go	spurious_correlation_results/human_annotation/full_code/test90/reference.go	spurious_correlation_results/human_annotation/full_code/test90/generated_completion.txt	spurious_correlation_results/human_annotation/full_code/test90/reference_completion.txt	spurious_correlation_results/human_annotation/full_code/test90/prompt.txt			
test90_t1677_s04	28	4	90	test90	1677	outer	outerColID	indexColID	4	992	\tmd	0.001388	 {\n \t\t \treturn \n \t \t }\n\n \t [SOURCE:\tmd]  :=  b .mem .Metadata ()\n \t \tcount ,	 returned <|im_end|> \n <|im_start|> assistant \n \t\t \t [TARGET:outer] Col ID  :=  lookup Expr Cols [n -	\t\t\touterColID := lookupExprCols[n-1-i]\n\t\t\tif !relational.OutputCols.Contains(outerColID) {\n\t\t\t\trelational	\t\t\tindexColID := join.Table.ColumnID(index.Column(i).Ordinal())\n\t\t\tif lookupExprCols.Contains(indexColID) {\n\t\t\t\trelational.OutputCols.Add(indexColID)\n\t\t\t}	spurious_correlation_results/human_annotation/full_code/test90/generated.go	spurious_correlation_results/human_annotation/full_code/test90/reference.go	spurious_correlation_results/human_annotation/full_code/test90/generated_completion.txt	spurious_correlation_results/human_annotation/full_code/test90/reference_completion.txt	spurious_correlation_results/human_annotation/full_code/test90/prompt.txt			
test90_t1677_s05	28	5	90	test90	1677	outer	outerColID	indexColID	5	1525	.Out	0.012162	\t lookup Expr Cols  :=  join .Lookup Expr [SOURCE:.Out] er Cols ()\n \t \tfor  i ,  n	 returned <|im_end|> \n <|im_start|> assistant \n \t\t \t [TARGET:outer] Col ID  :=  lookup Expr Cols [n -	\t\t\touterColID := lookupExprCols[n-1-i]\n\t\t\tif !relational.OutputCols.Contains(outerColID) {\n\t\t\t\trelational	\t\t\tindexColID := join.Table.ColumnID(index.Column(i).Ordinal())\n\t\t\tif lookupExprCols.Contains(indexColID) {\n\t\t\t\trelational.OutputCols.Add(indexColID)\n\t\t\t}	spurious_correlation_results/human_annotation/full_code/test90/generated.go	spurious_correlation_results/human_annotation/full_code/test90/reference.go	spurious_correlation_results/human_annotation/full_code/test90/generated_completion.txt	spurious_correlation_results/human_annotation/full_code/test90/reference_completion.txt	spurious_correlation_results/human_annotation/full_code/test90/prompt.txt			
test90_t1677_s06	28	6	90	test90	1677	outer	outerColID	indexColID	6	1354	Lookup	0.004835	 function  you  are  asked  to  complete  func  ensure [SOURCE:Lookup] Join Input Props (( join  * Lookup Join	 returned <|im_end|> \n <|im_start|> assistant \n \t\t \t [TARGET:outer] Col ID  :=  lookup Expr Cols [n -	\t\t\touterColID := lookupExprCols[n-1-i]\n\t\t\tif !relational.OutputCols.Contains(outerColID) {\n\t\t\t\trelational	\t\t\tindexColID := join.Table.ColumnID(index.Column(i).Ordinal())\n\t\t\tif lookupExprCols.Contains(indexColID) {\n\t\t\t\trelational.OutputCols.Add(indexColID)\n\t\t\t}	spurious_correlation_results/human_annotation/full_code/test90/generated.go	spurious_correlation_results/human_annotation/full_code/test90/reference.go	spurious_correlation_results/human_annotation/full_code/test90/generated_completion.txt	spurious_correlation_results/human_annotation/full_code/test90/reference_completion.txt	spurious_correlation_results/human_annotation/full_code/test90/prompt.txt			
test90_t1677_s07	28	7	90	test90	1677	outer	outerColID	indexColID	7	1523	.Lookup	0.004811	.\n \t \t lookup Expr Cols  :=  join [SOURCE:.Lookup] Expr .Out er Cols ()\n \t \tfor  i	 returned <|im_end|> \n <|im_start|> assistant \n \t\t \t [TARGET:outer] Col ID  :=  lookup Expr Cols [n -	\t\t\touterColID := lookupExprCols[n-1-i]\n\t\t\tif !relational.OutputCols.Contains(outerColID) {\n\t\t\t\trelational	\t\t\tindexColID := join.Table.ColumnID(index.Column(i).Ordinal())\n\t\t\tif lookupExprCols.Contains(indexColID) {\n\t\t\t\trelational.OutputCols.Add(indexColID)\n\t\t\t}	spurious_correlation_results/human_annotation/full_code/test90/generated.go	spurious_correlation_results/human_annotation/full_code/test90/reference.go	spurious_correlation_results/human_annotation/full_code/test90/generated_completion.txt	spurious_correlation_results/human_annotation/full_code/test90/reference_completion.txt	spurious_correlation_results/human_annotation/full_code/test90/prompt.txt			
test90_t1677_s08	28	8	90	test90	1677	outer	outerColID	indexColID	8	1414	\tmd	0.002053	\tif  relational .Output Cols .Empty ()  {\n \t [SOURCE:\tmd]  :=  sb .mem .Metadata ()\n \t \t rel	 returned <|im_end|> \n <|im_start|> assistant \n \t\t \t [TARGET:outer] Col ID  :=  lookup Expr Cols [n -	\t\t\touterColID := lookupExprCols[n-1-i]\n\t\t\tif !relational.OutputCols.Contains(outerColID) {\n\t\t\t\trelational	\t\t\tindexColID := join.Table.ColumnID(index.Column(i).Ordinal())\n\t\t\tif lookupExprCols.Contains(indexColID) {\n\t\t\t\trelational.OutputCols.Add(indexColID)\n\t\t\t}	spurious_correlation_results/human_annotation/full_code/test90/generated.go	spurious_correlation_results/human_annotation/full_code/test90/reference.go	spurious_correlation_results/human_annotation/full_code/test90/generated_completion.txt	spurious_correlation_results/human_annotation/full_code/test90/reference_completion.txt	spurious_correlation_results/human_annotation/full_code/test90/prompt.txt			
test90_t1677_s09	28	9	90	test90	1677	outer	outerColID	indexColID	9	931	ID	0.001886	 {\n \tc ols .ForEach (func (col  opt .Column [SOURCE:ID] )  {\n \t \t //  We  need  to	 returned <|im_end|> \n <|im_start|> assistant \n \t\t \t [TARGET:outer] Col ID  :=  lookup Expr Cols [n -	\t\t\touterColID := lookupExprCols[n-1-i]\n\t\t\tif !relational.OutputCols.Contains(outerColID) {\n\t\t\t\trelational	\t\t\tindexColID := join.Table.ColumnID(index.Column(i).Ordinal())\n\t\t\tif lookupExprCols.Contains(indexColID) {\n\t\t\t\trelational.OutputCols.Add(indexColID)\n\t\t\t}	spurious_correlation_results/human_annotation/full_code/test90/generated.go	spurious_correlation_results/human_annotation/full_code/test90/reference.go	spurious_correlation_results/human_annotation/full_code/test90/generated_completion.txt	spurious_correlation_results/human_annotation/full_code/test90/reference_completion.txt	spurious_correlation_results/human_annotation/full_code/test90/prompt.txt			
test90_t1677_s10	28	10	90	test90	1677	outer	outerColID	indexColID	10	1458	.Table	0.002186	 columns .\n \t \tindex  :=  md .Table (join [SOURCE:.Table] ). Index (join .Index )\n \t \tfor  i	 returned <|im_end|> \n <|im_start|> assistant \n \t\t \t [TARGET:outer] Col ID  :=  lookup Expr Cols [n -	\t\t\touterColID := lookupExprCols[n-1-i]\n\t\t\tif !relational.OutputCols.Contains(outerColID) {\n\t\t\t\trelational	\t\t\tindexColID := join.Table.ColumnID(index.Column(i).Ordinal())\n\t\t\tif lookupExprCols.Contains(indexColID) {\n\t\t\t\trelational.OutputCols.Add(indexColID)\n\t\t\t}	spurious_correlation_results/human_annotation/full_code/test90/generated.go	spurious_correlation_results/human_annotation/full_code/test90/reference.go	spurious_correlation_results/human_annotation/full_code/test90/generated_completion.txt	spurious_correlation_results/human_annotation/full_code/test90/reference_completion.txt	spurious_correlation_results/human_annotation/full_code/test90/prompt.txt			
test57_t1794_s01	29	1	57	test57	1794	\tt	t	disabledAt	1	1703	\tt	0.003798	" lst s  <  min Send Timestamp  {\n \t [SOURCE:\tt] .logger .Warn ("" Skipping  res hard ing ,"	" are  returned <|im_end|> \n <|im_start|> assistant \n \t [TARGET:\tt] .logger .Warn ("" Skipping  res hard ing ,"	"\t\tt.logger.Warn(""Skipping resharding, disabled until"", ""disableTimestamp"", disableTimestamp)\n\t\treturn false"	"\t\tdisabledAt := time.Unix(t.reshardDisableStartTimestamp.Load(), 0)\n\t\tdisabledFor := time.Until(time.Unix(disableTimestamp, 0))\n\n\t\tt.logger.Warn(""Skipping resharding, resharding is disabled while waiting for recoverable errors"", ""disabled_at"", disabledAt, ""disabled_for"", disabledFor)\n\t\treturn false"	spurious_correlation_results/human_annotation/full_code/test57/generated.go	spurious_correlation_results/human_annotation/full_code/test57/reference.go	spurious_correlation_results/human_annotation/full_code/test57/generated_completion.txt	spurious_correlation_results/human_annotation/full_code/test57/reference_completion.txt	spurious_correlation_results/human_annotation/full_code/test57/prompt.txt			
test57_t1794_s02	29	2	57	test57	1794	\tt	t	disabledAt	2	1606	t	0.000577	Sh ards  int )  bool \n func  ( [SOURCE:t]  * Queue Manager )  should Res hard (des	" are  returned <|im_end|> \n <|im_start|> assistant \n \t [TARGET:\tt] .logger .Warn ("" Skipping  res hard ing ,"	"\t\tt.logger.Warn(""Skipping resharding, disabled until"", ""disableTimestamp"", disableTimestamp)\n\t\treturn false"	"\t\tdisabledAt := time.Unix(t.reshardDisableStartTimestamp.Load(), 0)\n\t\tdisabledFor := time.Until(time.Unix(disableTimestamp, 0))\n\n\t\tt.logger.Warn(""Skipping resharding, resharding is disabled while waiting for recoverable errors"", ""disabled_at"", disabledAt, ""disabled_for"", disabledFor)\n\t\treturn false"	spurious_correlation_results/human_annotation/full_code/test57/generated.go	spurious_correlation_results/human_annotation/full_code/test57/reference.go	spurious_correlation_results/human_annotation/full_code/test57/generated_completion.txt	spurious_correlation_results/human_annotation/full_code/test57/reference_completion.txt	spurious_correlation_results/human_annotation/full_code/test57/prompt.txt			
test57_t1794_s03	29	3	57	test57	1794	\tt	t	disabledAt	3	1508	\tt	0.001391	"ard Chan  <-  desired Sh ards :\n \t\t\t [SOURCE:\tt] .logger .Info ("" Remote  storage  res hard ing"	" are  returned <|im_end|> \n <|im_start|> assistant \n \t [TARGET:\tt] .logger .Warn ("" Skipping  res hard ing ,"	"\t\tt.logger.Warn(""Skipping resharding, disabled until"", ""disableTimestamp"", disableTimestamp)\n\t\treturn false"	"\t\tdisabledAt := time.Unix(t.reshardDisableStartTimestamp.Load(), 0)\n\t\tdisabledFor := time.Until(time.Unix(disableTimestamp, 0))\n\n\t\tt.logger.Warn(""Skipping resharding, resharding is disabled while waiting for recoverable errors"", ""disabled_at"", disabledAt, ""disabled_for"", disabledFor)\n\t\treturn false"	spurious_correlation_results/human_annotation/full_code/test57/generated.go	spurious_correlation_results/human_annotation/full_code/test57/reference.go	spurious_correlation_results/human_annotation/full_code/test57/generated_completion.txt	spurious_correlation_results/human_annotation/full_code/test57/reference_completion.txt	spurious_correlation_results/human_annotation/full_code/test57/prompt.txt			
test57_t1794_s04	29	4	57	test57	1794	\tt	t	disabledAt	4	6	wen	0.005883	<|im_start|> system \n You  are  Q [SOURCE:wen] ,  created  by  Alibaba  Cloud .  You  are	" are  returned <|im_end|> \n <|im_start|> assistant \n \t [TARGET:\tt] .logger .Warn ("" Skipping  res hard ing ,"	"\t\tt.logger.Warn(""Skipping resharding, disabled until"", ""disableTimestamp"", disableTimestamp)\n\t\treturn false"	"\t\tdisabledAt := time.Unix(t.reshardDisableStartTimestamp.Load(), 0)\n\t\tdisabledFor := time.Until(time.Unix(disableTimestamp, 0))\n\n\t\tt.logger.Warn(""Skipping resharding, resharding is disabled while waiting for recoverable errors"", ""disabled_at"", disabledAt, ""disabled_for"", disabledFor)\n\t\treturn false"	spurious_correlation_results/human_annotation/full_code/test57/generated.go	spurious_correlation_results/human_annotation/full_code/test57/reference.go	spurious_correlation_results/human_annotation/full_code/test57/generated_completion.txt	spurious_correlation_results/human_annotation/full_code/test57/reference_completion.txt	spurious_correlation_results/human_annotation/full_code/test57/prompt.txt			
test57_t1794_s05	29	5	57	test57	1794	\tt	t	disabledAt	5	1588	t	0.000385	 function  you  are  asked  to  complete  func  ( [SOURCE:t]  * Queue Manager )  should Res hard (des	" are  returned <|im_end|> \n <|im_start|> assistant \n \t [TARGET:\tt] .logger .Warn ("" Skipping  res hard ing ,"	"\t\tt.logger.Warn(""Skipping resharding, disabled until"", ""disableTimestamp"", disableTimestamp)\n\t\treturn false"	"\t\tdisabledAt := time.Unix(t.reshardDisableStartTimestamp.Load(), 0)\n\t\tdisabledFor := time.Until(time.Unix(disableTimestamp, 0))\n\n\t\tt.logger.Warn(""Skipping resharding, resharding is disabled while waiting for recoverable errors"", ""disabled_at"", disabledAt, ""disabled_for"", disabledFor)\n\t\treturn false"	spurious_correlation_results/human_annotation/full_code/test57/generated.go	spurious_correlation_results/human_annotation/full_code/test57/reference.go	spurious_correlation_results/human_annotation/full_code/test57/generated_completion.txt	spurious_correlation_results/human_annotation/full_code/test57/reference_completion.txt	spurious_correlation_results/human_annotation/full_code/test57/prompt.txt			
test57_t1794_s06	29	6	57	test57	1794	\tt	t	disabledAt	6	1576	 And	0.002885	\treturn \n \t \t }\n \t }\n } [SOURCE: And]  here  is  the  function  you  are  asked  to	" are  returned <|im_end|> \n <|im_start|> assistant \n \t [TARGET:\tt] .logger .Warn ("" Skipping  res hard ing ,"	"\t\tt.logger.Warn(""Skipping resharding, disabled until"", ""disableTimestamp"", disableTimestamp)\n\t\treturn false"	"\t\tdisabledAt := time.Unix(t.reshardDisableStartTimestamp.Load(), 0)\n\t\tdisabledFor := time.Until(time.Unix(disableTimestamp, 0))\n\n\t\tt.logger.Warn(""Skipping resharding, resharding is disabled while waiting for recoverable errors"", ""disabled_at"", disabledAt, ""disabled_for"", disabledFor)\n\t\treturn false"	spurious_correlation_results/human_annotation/full_code/test57/generated.go	spurious_correlation_results/human_annotation/full_code/test57/reference.go	spurious_correlation_results/human_annotation/full_code/test57/generated_completion.txt	spurious_correlation_results/human_annotation/full_code/test57/reference_completion.txt	spurious_correlation_results/human_annotation/full_code/test57/prompt.txt			
test57_t1794_s07	29	7	57	test57	1794	\tt	t	disabledAt	7	1547	\tt	0.000416	" desired Sh ards \n \t\t \tdefault :\n \t\t\t [SOURCE:\tt] .logger .Info ("" Currently  res hard ing ,"	" are  returned <|im_end|> \n <|im_start|> assistant \n \t [TARGET:\tt] .logger .Warn ("" Skipping  res hard ing ,"	"\t\tt.logger.Warn(""Skipping resharding, disabled until"", ""disableTimestamp"", disableTimestamp)\n\t\treturn false"	"\t\tdisabledAt := time.Unix(t.reshardDisableStartTimestamp.Load(), 0)\n\t\tdisabledFor := time.Until(time.Unix(disableTimestamp, 0))\n\n\t\tt.logger.Warn(""Skipping resharding, resharding is disabled while waiting for recoverable errors"", ""disabled_at"", disabledAt, ""disabled_for"", disabledFor)\n\t\treturn false"	spurious_correlation_results/human_annotation/full_code/test57/generated.go	spurious_correlation_results/human_annotation/full_code/test57/reference.go	spurious_correlation_results/human_annotation/full_code/test57/generated_completion.txt	spurious_correlation_results/human_annotation/full_code/test57/reference_completion.txt	spurious_correlation_results/human_annotation/full_code/test57/prompt.txt			
test57_t1794_s08	29	8	57	test57	1794	\tt	t	disabledAt	8	1746	 t	0.000507	 false \n \t }\n \tif  disable Timestamp  := [SOURCE: t] . resh ard Disable End Timestamp .Load ();	" are  returned <|im_end|> \n <|im_start|> assistant \n \t [TARGET:\tt] .logger .Warn ("" Skipping  res hard ing ,"	"\t\tt.logger.Warn(""Skipping resharding, disabled until"", ""disableTimestamp"", disableTimestamp)\n\t\treturn false"	"\t\tdisabledAt := time.Unix(t.reshardDisableStartTimestamp.Load(), 0)\n\t\tdisabledFor := time.Until(time.Unix(disableTimestamp, 0))\n\n\t\tt.logger.Warn(""Skipping resharding, resharding is disabled while waiting for recoverable errors"", ""disabled_at"", disabledAt, ""disabled_for"", disabledFor)\n\t\treturn false"	spurious_correlation_results/human_annotation/full_code/test57/generated.go	spurious_correlation_results/human_annotation/full_code/test57/reference.go	spurious_correlation_results/human_annotation/full_code/test57/generated_completion.txt	spurious_correlation_results/human_annotation/full_code/test57/reference_completion.txt	spurious_correlation_results/human_annotation/full_code/test57/prompt.txt			
test57_t1794_s09	29	9	57	test57	1794	\tt	t	disabledAt	9	421	Disable	0.006251	 atomic .Int 6 4 \n \t resh ard [SOURCE:Disable] Start Timestamp  atomic .Int 6 4  //  Time	" are  returned <|im_end|> \n <|im_start|> assistant \n \t [TARGET:\tt] .logger .Warn ("" Skipping  res hard ing ,"	"\t\tt.logger.Warn(""Skipping resharding, disabled until"", ""disableTimestamp"", disableTimestamp)\n\t\treturn false"	"\t\tdisabledAt := time.Unix(t.reshardDisableStartTimestamp.Load(), 0)\n\t\tdisabledFor := time.Until(time.Unix(disableTimestamp, 0))\n\n\t\tt.logger.Warn(""Skipping resharding, resharding is disabled while waiting for recoverable errors"", ""disabled_at"", disabledAt, ""disabled_for"", disabledFor)\n\t\treturn false"	spurious_correlation_results/human_annotation/full_code/test57/generated.go	spurious_correlation_results/human_annotation/full_code/test57/reference.go	spurious_correlation_results/human_annotation/full_code/test57/generated_completion.txt	spurious_correlation_results/human_annotation/full_code/test57/reference_completion.txt	spurious_correlation_results/human_annotation/full_code/test57/prompt.txt			
test57_t1794_s10	29	10	57	test57	1794	\tt	t	disabledAt	10	1745	 :=	0.004105	\treturn  false \n \t }\n \tif  disable Timestamp [SOURCE: :=]  t . resh ard Disable End Timestamp .Load	" are  returned <|im_end|> \n <|im_start|> assistant \n \t [TARGET:\tt] .logger .Warn ("" Skipping  res hard ing ,"	"\t\tt.logger.Warn(""Skipping resharding, disabled until"", ""disableTimestamp"", disableTimestamp)\n\t\treturn false"	"\t\tdisabledAt := time.Unix(t.reshardDisableStartTimestamp.Load(), 0)\n\t\tdisabledFor := time.Until(time.Unix(disableTimestamp, 0))\n\n\t\tt.logger.Warn(""Skipping resharding, resharding is disabled while waiting for recoverable errors"", ""disabled_at"", disabledAt, ""disabled_for"", disabledFor)\n\t\treturn false"	spurious_correlation_results/human_annotation/full_code/test57/generated.go	spurious_correlation_results/human_annotation/full_code/test57/reference.go	spurious_correlation_results/human_annotation/full_code/test57/generated_completion.txt	spurious_correlation_results/human_annotation/full_code/test57/reference_completion.txt	spurious_correlation_results/human_annotation/full_code/test57/prompt.txt			
test41_t1168_s01	30	1	41	test41	1168	 Set	Set	Default	1	1167	 ##	0.007838	 are  returned <|im_end|> \n <|im_start|> assistant \n   [SOURCE: ##]  Set  to  true  to  report  for  each  container	 returned <|im_end|> \n <|im_start|> assistant \n    ## [TARGET: Set]  to  true  to  report  for  each  container  per	  ## Set to true to report for each container per device blkio, network (eth0, eth1,...)	  ## Default value is 'true' for backwards compatibility, please set it to 'false' so that 'perdevice_include' setting\n  ## is honored.\n  perdevice = true	spurious_correlation_results/human_annotation/full_code/test41/generated.go	spurious_correlation_results/human_annotation/full_code/test41/reference.go	spurious_correlation_results/human_annotation/full_code/test41/generated_completion.txt	spurious_correlation_results/human_annotation/full_code/test41/reference_completion.txt	spurious_correlation_results/human_annotation/full_code/test41/prompt.txt			
test41_t1168_s02	30	2	41	test41	1168	 Set	Set	Default	2	406	 Set	0.009898	" =  ""% s ""\n    #\n    ## [SOURCE: Set]  to  true  to  collect  Swarm  metrics (des ired"	 returned <|im_end|> \n <|im_start|> assistant \n    ## [TARGET: Set]  to  true  to  report  for  each  container  per	  ## Set to true to report for each container per device blkio, network (eth0, eth1,...)	  ## Default value is 'true' for backwards compatibility, please set it to 'false' so that 'perdevice_include' setting\n  ## is honored.\n  perdevice = true	spurious_correlation_results/human_annotation/full_code/test41/generated.go	spurious_correlation_results/human_annotation/full_code/test41/reference.go	spurious_correlation_results/human_annotation/full_code/test41/generated_completion.txt	spurious_correlation_results/human_annotation/full_code/test41/reference_completion.txt	spurious_correlation_results/human_annotation/full_code/test41/prompt.txt			
test41_t1168_s03	30	3	41	test41	1168	 Set	Set	Default	3	453	 Set	0.002835	 container _names  =  []\n    #\n    ## [SOURCE: Set]  the  source  tag  for  the  metrics  to  the	 returned <|im_end|> \n <|im_start|> assistant \n    ## [TARGET: Set]  to  true  to  report  for  each  container  per	  ## Set to true to report for each container per device blkio, network (eth0, eth1,...)	  ## Default value is 'true' for backwards compatibility, please set it to 'false' so that 'perdevice_include' setting\n  ## is honored.\n  perdevice = true	spurious_correlation_results/human_annotation/full_code/test41/generated.go	spurious_correlation_results/human_annotation/full_code/test41/reference.go	spurious_correlation_results/human_annotation/full_code/test41/generated_completion.txt	spurious_correlation_results/human_annotation/full_code/test41/reference_completion.txt	spurious_correlation_results/human_annotation/full_code/test41/prompt.txt			
test41_t1168_s04	30	4	41	test41	1168	 Set	Set	Default	4	654	 Whether	0.020676	" "" 5 s ""\n    #\n    ## [SOURCE: Whether]  to  report  for  each  container  per -device  blk"	 returned <|im_end|> \n <|im_start|> assistant \n    ## [TARGET: Set]  to  true  to  report  for  each  container  per	  ## Set to true to report for each container per device blkio, network (eth0, eth1,...)	  ## Default value is 'true' for backwards compatibility, please set it to 'false' so that 'perdevice_include' setting\n  ## is honored.\n  perdevice = true	spurious_correlation_results/human_annotation/full_code/test41/generated.go	spurious_correlation_results/human_annotation/full_code/test41/reference.go	spurious_correlation_results/human_annotation/full_code/test41/generated_completion.txt	spurious_correlation_results/human_annotation/full_code/test41/reference_completion.txt	spurious_correlation_results/human_annotation/full_code/test41/prompt.txt			
test41_t1168_s05	30	5	41	test41	1168	 Set	Set	Default	5	410	 collect	0.00856	   #\n    ##  Set  to  true  to [SOURCE: collect]  Swarm  metrics (des ired _rep licas ,  running	 returned <|im_end|> \n <|im_start|> assistant \n    ## [TARGET: Set]  to  true  to  report  for  each  container  per	  ## Set to true to report for each container per device blkio, network (eth0, eth1,...)	  ## Default value is 'true' for backwards compatibility, please set it to 'false' so that 'perdevice_include' setting\n  ## is honored.\n  perdevice = true	spurious_correlation_results/human_annotation/full_code/test41/generated.go	spurious_correlation_results/human_annotation/full_code/test41/reference.go	spurious_correlation_results/human_annotation/full_code/test41/generated_completion.txt	spurious_correlation_results/human_annotation/full_code/test41/reference_completion.txt	spurious_correlation_results/human_annotation/full_code/test41/prompt.txt			
test41_t1168_s06	30	6	41	test41	1168	 Set	Set	Default	6	707	 discouraged	0.020091	.\n    ##  Usage  of  this  setting  is [SOURCE: discouraged]  since  it  will  be  deprecated  in  favor  of	 returned <|im_end|> \n <|im_start|> assistant \n    ## [TARGET: Set]  to  true  to  report  for  each  container  per	  ## Set to true to report for each container per device blkio, network (eth0, eth1,...)	  ## Default value is 'true' for backwards compatibility, please set it to 'false' so that 'perdevice_include' setting\n  ## is honored.\n  perdevice = true	spurious_correlation_results/human_annotation/full_code/test41/generated.go	spurious_correlation_results/human_annotation/full_code/test41/reference.go	spurious_correlation_results/human_annotation/full_code/test41/generated_completion.txt	spurious_correlation_results/human_annotation/full_code/test41/reference_completion.txt	spurious_correlation_results/human_annotation/full_code/test41/prompt.txt			
test41_t1168_s07	30	7	41	test41	1168	 Set	Set	Default	7	483	 Containers	0.002512	_tag  =  false \n    #\n    ## [SOURCE: Containers]  to  include  and  exclude .  Glo bs  accepted	 returned <|im_end|> \n <|im_start|> assistant \n    ## [TARGET: Set]  to  true  to  report  for  each  container  per	  ## Set to true to report for each container per device blkio, network (eth0, eth1,...)	  ## Default value is 'true' for backwards compatibility, please set it to 'false' so that 'perdevice_include' setting\n  ## is honored.\n  perdevice = true	spurious_correlation_results/human_annotation/full_code/test41/generated.go	spurious_correlation_results/human_annotation/full_code/test41/reference.go	spurious_correlation_results/human_annotation/full_code/test41/generated_completion.txt	spurious_correlation_results/human_annotation/full_code/test41/reference_completion.txt	spurious_correlation_results/human_annotation/full_code/test41/prompt.txt			
test41_t1168_s08	30	8	41	test41	1168	 Set	Set	Default	8	687	 cpu	0.003313	eth 0 ,  eth 1 ,  ...)  and [SOURCE: cpu]  ( cpu 0 ,  cpu 1 ,  ...)	 returned <|im_end|> \n <|im_start|> assistant \n    ## [TARGET: Set]  to  true  to  report  for  each  container  per	  ## Set to true to report for each container per device blkio, network (eth0, eth1,...)	  ## Default value is 'true' for backwards compatibility, please set it to 'false' so that 'perdevice_include' setting\n  ## is honored.\n  perdevice = true	spurious_correlation_results/human_annotation/full_code/test41/generated.go	spurious_correlation_results/human_annotation/full_code/test41/reference.go	spurious_correlation_results/human_annotation/full_code/test41/generated_completion.txt	spurious_correlation_results/human_annotation/full_code/test41/reference_completion.txt	spurious_correlation_results/human_annotation/full_code/test41/prompt.txt			
test41_t1168_s09	30	9	41	test41	1168	 Set	Set	Default	9	433	 collect	0.002952	 =  false \n    #\n    ##  Only [SOURCE: collect]  metrics  for  these  containers ,  collect  all  if	 returned <|im_end|> \n <|im_start|> assistant \n    ## [TARGET: Set]  to  true  to  report  for  each  container  per	  ## Set to true to report for each container per device blkio, network (eth0, eth1,...)	  ## Default value is 'true' for backwards compatibility, please set it to 'false' so that 'perdevice_include' setting\n  ## is honored.\n  perdevice = true	spurious_correlation_results/human_annotation/full_code/test41/generated.go	spurious_correlation_results/human_annotation/full_code/test41/reference.go	spurious_correlation_results/human_annotation/full_code/test41/generated_completion.txt	spurious_correlation_results/human_annotation/full_code/test41/reference_completion.txt	spurious_correlation_results/human_annotation/full_code/test41/prompt.txt			
test41_t1168_s10	30	10	41	test41	1168	 Set	Set	Default	10	717	per	0.004318	 it  will  be  deprecated  in  favor  of  ' [SOURCE:per] device _include '.  < M ID >   	 returned <|im_end|> \n <|im_start|> assistant \n    ## [TARGET: Set]  to  true  to  report  for  each  container  per	  ## Set to true to report for each container per device blkio, network (eth0, eth1,...)	  ## Default value is 'true' for backwards compatibility, please set it to 'false' so that 'perdevice_include' setting\n  ## is honored.\n  perdevice = true	spurious_correlation_results/human_annotation/full_code/test41/generated.go	spurious_correlation_results/human_annotation/full_code/test41/reference.go	spurious_correlation_results/human_annotation/full_code/test41/generated_completion.txt	spurious_correlation_results/human_annotation/full_code/test41/reference_completion.txt	spurious_correlation_results/human_annotation/full_code/test41/prompt.txt			
