item_id	test_sample_index	target_token_index	source_rank	auto_strict_label	auto_loose_label	mapped	oracle_reason	source_node_type	target_node_type	source_node_text	target_node_text
test16_t595_s01	16	595	1	supported	supported	True	source_in_target_selector_chain	identifier	field_identifier	types	LoadRestrictionsRootOnly
test16_t595_s02	16	595	2	supported	supported	True	target_in_source_selector_chain	selector_expression	field_identifier		LoadRestrictionsRootOnly
test16_t595_s03	16	595	3	spurious	spurious	True	unsupported	selector_expression	field_identifier		LoadRestrictionsRootOnly
test16_t595_s04	16	595	4	spurious	spurious	True	unsupported	expression_case	field_identifier		LoadRestrictionsRootOnly
test16_t595_s05	16	595	5	spurious	spurious	True	unsupported	selector_expression	field_identifier		LoadRestrictionsRootOnly
test16_t595_s06	16	595	6	supported	supported	True	target_in_source_selector_chain	selector_expression	field_identifier		LoadRestrictionsRootOnly
test16_t595_s07	16	595	7	spurious	spurious	True	unsupported	selector_expression	field_identifier		LoadRestrictionsRootOnly
test16_t595_s08	16	595	8	supported	supported	True	target_in_source_selector_chain	selector_expression	field_identifier		LoadRestrictionsRootOnly
test16_t595_s09	16	595	9	supported	supported	True	target_in_source_selector_chain	identifier	field_identifier	flagLoadRestrictorName	LoadRestrictionsRootOnly
test16_t595_s10	16	595	10	supported	supported	True	target_in_source_selector_chain	selector_expression	field_identifier		LoadRestrictionsRootOnly
test46_t2160_s01	46	2160	1	supported	supported	True	same_selector_chain	selector_expression	interpreted_string_literal		"""cannot update the privateKeyType field without changingRootPKIPath"""
test46_t2160_s02	46	2160	2	supported	supported	True	same_selector_chain	selector_expression	interpreted_string_literal		"""cannot update the privateKeyType field without changingRootPKIPath"""
test46_t2160_s03	46	2160	3	supported	supported	True	same_selector_chain	selector_expression	interpreted_string_literal		"""cannot update the privateKeyType field without changingRootPKIPath"""
test46_t2160_s04	46	2160	4	spurious	spurious	True	unsupported	selector_expression	interpreted_string_literal		"""cannot update the privateKeyType field without changingRootPKIPath"""
test46_t2160_s05	46	2160	5	spurious	spurious	False	unmapped				
test46_t2160_s06	46	2160	6	supported	supported	True	same_selector_chain	interpreted_string_literal_content	interpreted_string_literal	"""cannot update the PrivateKeyBits field without changing RootPKIPath"""	"""cannot update the privateKeyType field without changingRootPKIPath"""
test46_t2160_s07	46	2160	7	spurious	spurious	True	unsupported	field_identifier	interpreted_string_literal	PrivateKeyBits	"""cannot update the privateKeyType field without changingRootPKIPath"""
test46_t2160_s08	46	2160	8	spurious	supported	True	control_dependency	identifier	interpreted_string_literal	connect	"""cannot update the privateKeyType field without changingRootPKIPath"""
test46_t2160_s09	46	2160	9	spurious	spurious	True	unsupported	interpreted_string_literal_content	interpreted_string_literal	"""failed to parse existing CA config: %w"""	"""cannot update the privateKeyType field without changingRootPKIPath"""
test46_t2160_s10	46	2160	10	spurious	spurious	False	unmapped				
test49_t1809_s01	49	1809	1	spurious	spurious	False	unmapped				
test49_t1809_s02	49	1809	2	spurious	spurious	True	unsupported	identifier	if_statement	panicMsg	
test49_t1809_s03	49	1809	3	spurious	spurious	True	unsupported	type_identifier	if_statement	Mock	
test49_t1809_s04	49	1809	4	spurious	spurious	False	unmapped				
test49_t1809_s05	49	1809	5	spurious	spurious	True	unsupported	identifier	if_statement	AssertExpectationsForObjects	
test49_t1809_s06	49	1809	6	spurious	spurious	False	unmapped				
test49_t1809_s07	49	1809	7	spurious	spurious	True	unsupported	field_identifier	if_statement	Calls	
test49_t1809_s08	49	1809	8	spurious	supported	True	control_dependency	selector_expression	if_statement		
test49_t1809_s09	49	1809	9	spurious	spurious	True	unsupported	identifier	if_statement	AssertExpectationsForObjects	
test49_t1809_s10	49	1809	10	spurious	spurious	False	unmapped				
test6_t783_s01	6	783	1	spurious	supported	True	same_statement	selector_expression	interpreted_string_literal		"""invalid configuration, multiple packages with the same name: pkg=%s"""
test6_t783_s02	6	783	2	spurious	spurious	True	unsupported	identifier	interpreted_string_literal	analyzer	"""invalid configuration, multiple packages with the same name: pkg=%s"""
test6_t783_s03	6	783	3	spurious	spurious	True	unsupported	identifier	interpreted_string_literal	uniqPackages	"""invalid configuration, multiple packages with the same name: pkg=%s"""
test6_t783_s04	6	783	4	spurious	spurious	False	unmapped				
test6_t783_s05	6	783	5	spurious	spurious	True	unsupported	nil	interpreted_string_literal		"""invalid configuration, multiple packages with the same name: pkg=%s"""
test6_t783_s06	6	783	6	spurious	supported	True	control_dependency	selector_expression	interpreted_string_literal		"""invalid configuration, multiple packages with the same name: pkg=%s"""
test6_t783_s07	6	783	7	spurious	spurious	False	unmapped				
test6_t783_s08	6	783	8	spurious	supported	True	control_dependency	identifier	interpreted_string_literal	fmt	"""invalid configuration, multiple packages with the same name: pkg=%s"""
test6_t783_s09	6	783	9	spurious	spurious	True	unsupported	package_identifier	interpreted_string_literal	config	"""invalid configuration, multiple packages with the same name: pkg=%s"""
test6_t783_s10	6	783	10	spurious	spurious	False	unmapped				
test42_t4608_s01	42	4608	1	supported	supported	True	source_in_target_selector_chain	field_identifier	field_identifier	Changefeed	Errorf
test42_t4608_s02	42	4608	2	spurious	spurious	True	unsupported	selector_expression	field_identifier		Errorf
test42_t4608_s03	42	4608	3	spurious	spurious	False	unmapped				
test42_t4608_s04	42	4608	4	spurious	spurious	True	unsupported	selector_expression	field_identifier		Errorf
test42_t4608_s05	42	4608	5	spurious	spurious	True	unsupported	field_identifier	field_identifier	Warningf	Errorf
test42_t4608_s06	42	4608	6	spurious	spurious	True	unsupported	selector_expression	field_identifier		Errorf
test42_t4608_s07	42	4608	7	spurious	spurious	True	unsupported	selector_expression	field_identifier		Errorf
test42_t4608_s08	42	4608	8	spurious	spurious	False	unmapped				
test42_t4608_s09	42	4608	9	spurious	spurious	True	unsupported	selector_expression	field_identifier		Errorf
test42_t4608_s10	42	4608	10	spurious	spurious	True	unsupported	selector_expression	field_identifier		Errorf
test69_t1081_s01	69	1081	1	spurious	spurious	False	unmapped				
test69_t1081_s02	69	1081	2	spurious	spurious	False	unmapped				
test69_t1081_s03	69	1081	3	spurious	supported	True	control_dependency	short_var_declaration	identifier		log
test69_t1081_s04	69	1081	4	spurious	spurious	False	unmapped				
test69_t1081_s05	69	1081	5	spurious	spurious	False	unmapped				
test69_t1081_s06	69	1081	6	spurious	spurious	True	unsupported	short_var_declaration	identifier		log
test69_t1081_s07	69	1081	7	spurious	spurious	False	unmapped				
test69_t1081_s08	69	1081	8	spurious	spurious	False	unmapped				
test69_t1081_s09	69	1081	9	spurious	spurious	True	unsupported	method_declaration	identifier		log
test69_t1081_s10	69	1081	10	spurious	spurious	False	unmapped				
test34_t439_s01	34	439	1	spurious	spurious	False	unmapped				
test34_t439_s02	34	439	2	spurious	spurious	True	unsupported	function_declaration	return_statement		
test34_t439_s03	34	439	3	spurious	spurious	True	unsupported	short_var_declaration	return_statement		
test34_t439_s04	34	439	4	spurious	spurious	False	unmapped				
test34_t439_s05	34	439	5	spurious	spurious	False	unmapped				
test34_t439_s06	34	439	6	spurious	spurious	False	unmapped				
test34_t439_s07	34	439	7	spurious	spurious	False	unmapped				
test34_t439_s08	34	439	8	spurious	spurious	False	unmapped				
test34_t439_s09	34	439	9	spurious	spurious	False	unmapped				
test34_t439_s10	34	439	10	spurious	spurious	False	unmapped				
test70_t1288_s01	70	1288	1	spurious	spurious	False	unmapped				
test70_t1288_s02	70	1288	2	spurious	spurious	True	unsupported	raw_string_literal_content	raw_string_literal_content	`\nWITH enum_members AS (\n\tSELECT\n\t\t\t\tjson_array_elements(\n\t\t\t\t\t\tcrdb_internal.pb_to_json(\n\t\t\t\t\t\t\t\t'cockroach.sql.sqlbase.Descriptor',\n\t\t\t\t\t\t\t\tdescriptor\n\t\t\t\t\t\t)->'type'->'enumMembers'\n\t\t\t\t)->>'logicalRepresentation'\n\t\t\t\tAS v\n\t\tFROM\n\t\t\t\tsystem.descriptor\n\t\tWHERE\n\t\t\t\tid = ($1::REGTYPE::INT8 - 100000)\n)\nSELECT\n\tCASE WHEN EXISTS (\n\t\tSELECT v FROM enum_members WHERE v = $2::string\n\t) THEN true\n\tELSE false\n\tEND AS exists\n`	
test70_t1288_s03	70	1288	3	spurious	spurious	True	unsupported	raw_string_literal_content	raw_string_literal_content	`\nWITH\n\tdescriptors\n\t\tAS (\n\t\t\tSELECT\n\t\t\t\tcrdb_internal.pb_to_json(\n\t\t\t\t\t'cockroach.sql.sqlbase.Descriptor',\n\t\t\t\t\tdescriptor\n\t\t\t\t)->'table'\n\t\t\t\t\tAS d\n\t\t\tFROM\n\t\t\t\tsystem.descriptor\n\t\t\tWHERE\n\t\t\t\tid = $1::REGCLASS\n\t\t)\nSELECT\n\tEXISTS(\n\t\tSELECT\n\t\t\t1\n\t\tFROM\n\t\t\tdescriptors\n\t\tWHERE\n\t\t\td->'localityConfig'->'regionalByRow' IS NOT NULL\n\t);\n\t\t`	
test70_t1288_s04	70	1288	4	spurious	spurious	True	unsupported	field_identifier	raw_string_literal_content	databaseIsMultiRegion	
test70_t1288_s05	70	1288	5	spurious	spurious	True	unsupported	raw_string_literal_content	raw_string_literal_content	`\nSELECT\n\tjson_array_length(\n\t\tCOALESCE(\n\t\t\tcrdb_internal.pb_to_json(\n\t\t\t\t'cockroach.sql.sqlbase.Descriptor',\n\t\t\t\tdescriptor\n\t\t\t)->'table'->'mutations',\n\t\t\t'[]'\n\t\t)\n\t)\n\t> 0\nFROM\n\tsystem.descriptor\nWHERE\n\tid = $1::REGCLASS;\n\t\t`	
test70_t1288_s06	70	1288	6	spurious	spurious	True	unsupported	raw_string_literal_content	raw_string_literal_content	`\nWITH enum_members AS (\n\tSELECT\n\t\t\t\tjson_array_elements(\n\t\t\t\t\t\tcrdb_internal.pb_to_json(\n\t\t\t\t\t\t\t\t'cockroach.sql.sqlbase.Descriptor',\n\t\t\t\t\t\t\t\tdescriptor\n\t\t\t\t\t\t)->'type'->'enumMembers'\n\t\t\t\t)->>'logicalRepresentation'\n\t\t\t\tAS v\n\t\tFROM\n\t\t\t\tsystem.descriptor\n\t\tWHERE\n\t\t\t\tid = ($1::REGTYPE::INT8 - 100000)\n)\nSELECT\n\tCASE WHEN EXISTS (\n\t\tSELECT v FROM enum_members WHERE v = $2::string\n\t) THEN true\n\tELSE false\n\tEND AS exists\n`	
test70_t1288_s07	70	1288	7	spurious	spurious	False	unmapped				
test70_t1288_s08	70	1288	8	spurious	spurious	True	unsupported	identifier	raw_string_literal_content	Scan	
test70_t1288_s09	70	1288	9	spurious	spurious	True	unsupported	raw_string_literal_content	raw_string_literal_content	`\nWITH\n\tdescriptors\n\t\tAS (\n\t\t\tSELECT\n\t\t\t\tcrdb_internal.pb_to_json(\n\t\t\t\t\t'cockroach.sql.sqlbase.Descriptor',\n\t\t\t\t\tdescriptor\n\t\t\t\t)->'table'\n\t\t\t\t\tAS d\n\t\t\tFROM\n\t\t\t\tsystem.descriptor\n\t\t\tWHERE\n\t\t\t\tid = $1::REGCLASS\n\t\t)\nSELECT\n\tEXISTS(\n\t\tSELECT\n\t\t\t1\n\t\tFROM\n\t\t\tdescriptors\n\t\tWHERE\n\t\t\td->'localityConfig'->'regionalByRow' IS NOT NULL\n\t);\n\t\t`	
test70_t1288_s10	70	1288	10	spurious	spurious	True	unsupported	raw_string_literal_content	raw_string_literal_content	`\nWITH\n\tdescriptors\n\t\tAS (\n\t\t\tSELECT\n\t\t\t\tcrdb_internal.pb_to_json(\n\t\t\t\t\t'cockroach.sql.sqlbase.Descriptor',\n\t\t\t\t\tdescriptor\n\t\t\t\t)->'table'\n\t\t\t\t\tAS d\n\t\t\tFROM\n\t\t\t\tsystem.descriptor\n\t\t\tWHERE\n\t\t\t\tid = $1::REGCLASS\n\t\t)\nSELECT\n\tCOALESCE (d->'localityConfig'->'regionalByRow'->>'as', $2)\nFROM\n\tdescriptors;\n`	
test39_t987_s01	39	987	1	spurious	spurious	False	unmapped				
test39_t987_s02	39	987	2	spurious	supported	True	control_dependency	identifier	if_statement	dir	
test39_t987_s03	39	987	3	spurious	spurious	False	unmapped				
test39_t987_s04	39	987	4	spurious	spurious	False	unmapped				
test39_t987_s05	39	987	5	spurious	supported	True	control_dependency	argument_list	if_statement		
test39_t987_s06	39	987	6	spurious	supported	True	control_dependency	if_statement	if_statement		
test39_t987_s07	39	987	7	spurious	supported	True	control_dependency	short_var_declaration	if_statement		
test39_t987_s08	39	987	8	spurious	supported	True	control_dependency	for_statement	if_statement		
test39_t987_s09	39	987	9	spurious	spurious	False	unmapped				
test39_t987_s10	39	987	10	spurious	spurious	False	unmapped				
test21_t406_s01	21	406	1	supported	supported	True	source_in_target_selector_chain	identifier	interpreted_string_literal	tracef	"""uint available for flag name %[1]q (cmd=%[2]q)"""
test21_t406_s02	21	406	2	supported	supported	True	source_in_target_selector_chain	identifier	interpreted_string_literal	tracef	"""uint available for flag name %[1]q (cmd=%[2]q)"""
test21_t406_s03	21	406	3	supported	supported	True	source_in_target_selector_chain	identifier	interpreted_string_literal	tracef	"""uint available for flag name %[1]q (cmd=%[2]q)"""
test21_t406_s04	21	406	4	spurious	supported	True	control_dependency	identifier	interpreted_string_literal	ok	"""uint available for flag name %[1]q (cmd=%[2]q)"""
test21_t406_s05	21	406	5	spurious	spurious	False	unmapped				
test21_t406_s06	21	406	6	supported	supported	True	same_selector_chain	interpreted_string_literal_content	interpreted_string_literal	"""uint NOT available for flag name %[1]q (cmd=%[2]q)"""	"""uint available for flag name %[1]q (cmd=%[2]q)"""
test21_t406_s07	21	406	7	supported	supported	True	same_selector_chain	interpreted_string_literal_content	interpreted_string_literal	"""uint NOT available for flag name %[1]q (cmd=%[2]q)"""	"""uint available for flag name %[1]q (cmd=%[2]q)"""
test21_t406_s08	21	406	8	spurious	spurious	False	unmapped				
test21_t406_s09	21	406	9	spurious	spurious	True	unsupported	field_identifier	interpreted_string_literal	Uint	"""uint available for flag name %[1]q (cmd=%[2]q)"""
test21_t406_s10	21	406	10	supported	supported	True	same_selector_chain	interpreted_string_literal_content	interpreted_string_literal	"""uint NOT available for flag name %[1]q (cmd=%[2]q)"""	"""uint available for flag name %[1]q (cmd=%[2]q)"""
test91_t302_s01	91	302	1	supported	supported	True	same_identifier	identifier	identifier	m	m
test91_t302_s02	91	302	2	supported	supported	True	same_identifier	identifier	identifier	m	m
test91_t302_s03	91	302	3	spurious	spurious	False	unmapped				
test91_t302_s04	91	302	4	supported	supported	True	same_identifier	identifier	identifier	m	m
test91_t302_s05	91	302	5	spurious	spurious	True	unsupported	identifier	identifier	l	m
test91_t302_s06	91	302	6	spurious	supported	True	control_dependency	nil	identifier		m
test91_t302_s07	91	302	7	supported	supported	True	target_in_source_selector_chain	selector_expression	identifier		m
test91_t302_s08	91	302	8	spurious	spurious	False	unmapped				
test91_t302_s09	91	302	9	spurious	spurious	True	unsupported	identifier	identifier	n	m
test91_t302_s10	91	302	10	spurious	spurious	True	unsupported	return_statement	identifier		m
test47_t3305_s01	47	3305	1	supported	supported	True	source_in_target_selector_chain	identifier	field_identifier	structs	HealthFilterExcludeNonPassing
test47_t3305_s02	47	3305	2	spurious	spurious	True	unsupported	selector_expression	field_identifier		HealthFilterExcludeNonPassing
test47_t3305_s03	47	3305	3	spurious	spurious	True	unsupported	field_identifier	field_identifier	CheckServiceNodes	HealthFilterExcludeNonPassing
test47_t3305_s04	47	3305	4	spurious	supported	True	same_statement	identifier	field_identifier	filterType	HealthFilterExcludeNonPassing
test47_t3305_s05	47	3305	5	spurious	spurious	True	unsupported	comment	field_identifier		HealthFilterExcludeNonPassing
test47_t3305_s06	47	3305	6	spurious	supported	True	control_dependency	selector_expression	field_identifier		HealthFilterExcludeNonPassing
test47_t3305_s07	47	3305	7	spurious	supported	True	same_statement	identifier	field_identifier	filterType	HealthFilterExcludeNonPassing
test47_t3305_s08	47	3305	8	spurious	spurious	True	unsupported	field_identifier	field_identifier	HealthFilterExcludeCritical	HealthFilterExcludeNonPassing
test47_t3305_s09	47	3305	9	spurious	spurious	True	unsupported	comment	field_identifier		HealthFilterExcludeNonPassing
test47_t3305_s10	47	3305	10	spurious	spurious	True	unsupported	qualified_type	field_identifier		HealthFilterExcludeNonPassing
test61_t2379_s01	61	2379	1	spurious	supported	True	same_statement	selector_expression	raw_string_literal		"`The regular expression used in the file filter ""%s"" is invalid: %s`"
test61_t2379_s02	61	2379	2	supported	supported	True	source_in_target_selector_chain	identifier	raw_string_literal	fmt	"`The regular expression used in the file filter ""%s"" is invalid: %s`"
test61_t2379_s03	61	2379	3	supported	supported	True	source_in_target_selector_chain	identifier	raw_string_literal	fmt	"`The regular expression used in the file filter ""%s"" is invalid: %s`"
test61_t2379_s04	61	2379	4	spurious	spurious	False	unmapped				
test61_t2379_s05	61	2379	5	spurious	spurious	False	unmapped				
test61_t2379_s06	61	2379	6	spurious	supported	True	same_statement	identifier	raw_string_literal	Message	"`The regular expression used in the file filter ""%s"" is invalid: %s`"
test61_t2379_s07	61	2379	7	spurious	spurious	True	unsupported	identifier	raw_string_literal	formatter	"`The regular expression used in the file filter ""%s"" is invalid: %s`"
test61_t2379_s08	61	2379	8	supported	supported	True	source_in_target_selector_chain	identifier	raw_string_literal	err	"`The regular expression used in the file filter ""%s"" is invalid: %s`"
test61_t2379_s09	61	2379	9	spurious	spurious	True	unsupported	argument_list	raw_string_literal		"`The regular expression used in the file filter ""%s"" is invalid: %s`"
test61_t2379_s10	61	2379	10	spurious	spurious	True	unsupported	selector_expression	raw_string_literal		"`The regular expression used in the file filter ""%s"" is invalid: %s`"
test56_t2109_s01	56	2109	1	supported	supported	True	same_identifier	raw_string_literal_content	raw_string_literal_content	"`\n\t\tcheck_deregister_interval_min = ""1m""\n\t\tcheck_reap_interval = ""30s""\n\t\tae_interval = ""1m""\n\t\tsync_coordinate_rate_target = 64\n\t\tsync_coordinate_interval_min = ""15s""\n\n\t\t# SegmentNameLimit is the maximum segment name length.\n\t\tsegment_name_limit = 64\n \t\tsegment_id_limit = 256\n\t\tports = {\n\t\t\tgrpc = 8502\n\t\t}\n\t\texperiments \n\t\tpeering = {\n\t\t\t# We use peer registration for various testing\n\t\t\ttest_allow_peer_registrations = false\n\t\t}\n\t`"	"`\n\t\tcheck_deregister_interval_min = ""1m""\n\t\tcheck_reap_interval = ""30s""\n\t\tae_interval = ""1m""\n\t\tsync_coordinate_rate_target = 64\n\t\tsync_coordinate_interval_min = ""15s""\n\n\t\t# SegmentNameLimit is the maximum segment name length.\n\t\tsegment_name_limit = 64\n \t\tsegment_id_limit = 256\n\t\tports = {\n\t\t\tgrpc = 8502\n\t\t}\n\t\texperiments \n\t\tpeering = {\n\t\t\t# We use peer registration for various testing\n\t\t\ttest_allow_peer_registrations = false\n\t\t}\n\t`"
test56_t2109_s02	56	2109	2	spurious	spurious	True	unsupported	raw_string_literal_content	raw_string_literal_content	"`\n\t\tretry_interval = ""30s""\n\t\tretry_interval_wan = ""30s""\n\n\t\t# segment_limit is the maximum number of network segments that may be declared. Default 64 is highly encouraged\n\t\tsegment_limit = 64\n\n\t\tserver = false\n\t\tserver_rejoin_age_max = ""168h""\n\t\tsyslog_facility = ""LOCAL0""\n\n\t\ttls = {\n\t\t\tdefaults = {\n\t\t\t\ttls_min_version = ""TLSv1_2""\n\t\t\t}\n\t\t}\n\n\t\t// TODO (slackpad) - Until #3744 is done, we need to keep these\n\t\t// in sync with agent/consul/config.go.\n\t\tautopilot = {\n\t\t\tcleanup_dead_servers = true\n\t\t\tlast_contact_threshold = ""200ms""\n\t\t\tmax_trailing_logs = 250\n\t\t\tserver_stabilization_time = ""10s""\n\t\t}\n\t\tgossip_lan = {\n\t\t\tgossip_interval = ""`"	"`\n\t\tcheck_deregister_interval_min = ""1m""\n\t\tcheck_reap_interval = ""30s""\n\t\tae_interval = ""1m""\n\t\tsync_coordinate_rate_target = 64\n\t\tsync_coordinate_interval_min = ""15s""\n\n\t\t# SegmentNameLimit is the maximum segment name length.\n\t\tsegment_name_limit = 64\n \t\tsegment_id_limit = 256\n\t\tports = {\n\t\t\tgrpc = 8502\n\t\t}\n\t\texperiments \n\t\tpeering = {\n\t\t\t# We use peer registration for various testing\n\t\t\ttest_allow_peer_registrations = false\n\t\t}\n\t`"
test56_t2109_s03	56	2109	3	spurious	spurious	True	unsupported	raw_string_literal_content	raw_string_literal_content	"`\n\t\tretry_interval = ""30s""\n\t\tretry_interval_wan = ""30s""\n\n\t\t# segment_limit is the maximum number of network segments that may be declared. Default 64 is highly encouraged\n\t\tsegment_limit = 64\n\n\t\tserver = false\n\t\tserver_rejoin_age_max = ""168h""\n\t\tsyslog_facility = ""LOCAL0""\n\n\t\ttls = {\n\t\t\tdefaults = {\n\t\t\t\ttls_min_version = ""TLSv1_2""\n\t\t\t}\n\t\t}\n\n\t\t// TODO (slackpad) - Until #3744 is done, we need to keep these\n\t\t// in sync with agent/consul/config.go.\n\t\tautopilot = {\n\t\t\tcleanup_dead_servers = true\n\t\t\tlast_contact_threshold = ""200ms""\n\t\t\tmax_trailing_logs = 250\n\t\t\tserver_stabilization_time = ""10s""\n\t\t}\n\t\tgossip_lan = {\n\t\t\tgossip_interval = ""`"	"`\n\t\tcheck_deregister_interval_min = ""1m""\n\t\tcheck_reap_interval = ""30s""\n\t\tae_interval = ""1m""\n\t\tsync_coordinate_rate_target = 64\n\t\tsync_coordinate_interval_min = ""15s""\n\n\t\t# SegmentNameLimit is the maximum segment name length.\n\t\tsegment_name_limit = 64\n \t\tsegment_id_limit = 256\n\t\tports = {\n\t\t\tgrpc = 8502\n\t\t}\n\t\texperiments \n\t\tpeering = {\n\t\t\t# We use peer registration for various testing\n\t\t\ttest_allow_peer_registrations = false\n\t\t}\n\t`"
test56_t2109_s04	56	2109	4	spurious	spurious	True	unsupported	raw_string_literal_content	raw_string_literal_content	"`\n\t\t\trpc_hold_timeout = ""7s""\n\t\t\tgrpc_keepalive_interval = ""30s""\n\t\t\tgrpc_keepalive_timeout = ""20s""\n\t\t\tenable_xds_load_balancing = true\n\t\t}\n\t\tports = {\n\t\t\tdns = 8600\n\t\t\thttp = 8500\n\t\t\thttps = -1\n\t\t\tgrpc = -1\n\t\t\tserf_lan = `"	"`\n\t\tcheck_deregister_interval_min = ""1m""\n\t\tcheck_reap_interval = ""30s""\n\t\tae_interval = ""1m""\n\t\tsync_coordinate_rate_target = 64\n\t\tsync_coordinate_interval_min = ""15s""\n\n\t\t# SegmentNameLimit is the maximum segment name length.\n\t\tsegment_name_limit = 64\n \t\tsegment_id_limit = 256\n\t\tports = {\n\t\t\tgrpc = 8502\n\t\t}\n\t\texperiments \n\t\tpeering = {\n\t\t\t# We use peer registration for various testing\n\t\t\ttest_allow_peer_registrations = false\n\t\t}\n\t`"
test56_t2109_s05	56	2109	5	supported	supported	True	same_identifier	raw_string_literal_content	raw_string_literal_content	"`\n\t\tcheck_deregister_interval_min = ""1m""\n\t\tcheck_reap_interval = ""30s""\n\t\tae_interval = ""1m""\n\t\tsync_coordinate_rate_target = 64\n\t\tsync_coordinate_interval_min = ""15s""\n\n\t\t# SegmentNameLimit is the maximum segment name length.\n\t\tsegment_name_limit = 64\n \t\tsegment_id_limit = 256\n\t\tports = {\n\t\t\tgrpc = 8502\n\t\t}\n\t\texperiments \n\t\tpeering = {\n\t\t\t# We use peer registration for various testing\n\t\t\ttest_allow_peer_registrations = false\n\t\t}\n\t`"	"`\n\t\tcheck_deregister_interval_min = ""1m""\n\t\tcheck_reap_interval = ""30s""\n\t\tae_interval = ""1m""\n\t\tsync_coordinate_rate_target = 64\n\t\tsync_coordinate_interval_min = ""15s""\n\n\t\t# SegmentNameLimit is the maximum segment name length.\n\t\tsegment_name_limit = 64\n \t\tsegment_id_limit = 256\n\t\tports = {\n\t\t\tgrpc = 8502\n\t\t}\n\t\texperiments \n\t\tpeering = {\n\t\t\t# We use peer registration for various testing\n\t\t\ttest_allow_peer_registrations = false\n\t\t}\n\t`"
test56_t2109_s06	56	2109	6	spurious	spurious	True	unsupported	raw_string_literal_content	raw_string_literal_content	"`\n\t\t}\n\t\tdns_config = {\n\t\t\tallow_stale = true\n\t\t\ta_record_limit = 0\n\t\t\tudp_answer_limit = 3\n\t\t\tmax_stale = ""87600h""\n\t\t\trecursor_timeout = ""2s""\n\t\t}\n\t\tlimits = {\n\t\t\thttp_max_conns_per_client = 200\n\t\t\thttps_handshake_timeout = ""5s""\n\t\t\trequest_limits = {\n\t\t\t\tmode = ""disabled""\n\t\t\t\tread_rate = -1\n\t\t\t\twrite_rate = -1\n\t\t\t}\n\t\t\trpc_handshake_timeout = ""5s""\n\t\t\trpc_client_timeout = ""60s""\n\t\t\trpc_rate = -1\n\t\t\trpc_max_burst = 1000\n\t\t\trpc_max_conns_per_client = 100\n\t\t\tkv_max_value_size = `"	"`\n\t\tcheck_deregister_interval_min = ""1m""\n\t\tcheck_reap_interval = ""30s""\n\t\tae_interval = ""1m""\n\t\tsync_coordinate_rate_target = 64\n\t\tsync_coordinate_interval_min = ""15s""\n\n\t\t# SegmentNameLimit is the maximum segment name length.\n\t\tsegment_name_limit = 64\n \t\tsegment_id_limit = 256\n\t\tports = {\n\t\t\tgrpc = 8502\n\t\t}\n\t\texperiments \n\t\tpeering = {\n\t\t\t# We use peer registration for various testing\n\t\t\ttest_allow_peer_registrations = false\n\t\t}\n\t`"
test56_t2109_s07	56	2109	7	spurious	spurious	True	unsupported	raw_string_literal_content	raw_string_literal_content	"`\n\t\tretry_interval = ""30s""\n\t\tretry_interval_wan = ""30s""\n\n\t\t# segment_limit is the maximum number of network segments that may be declared. Default 64 is highly encouraged\n\t\tsegment_limit = 64\n\n\t\tserver = false\n\t\tserver_rejoin_age_max = ""168h""\n\t\tsyslog_facility = ""LOCAL0""\n\n\t\ttls = {\n\t\t\tdefaults = {\n\t\t\t\ttls_min_version = ""TLSv1_2""\n\t\t\t}\n\t\t}\n\n\t\t// TODO (slackpad) - Until #3744 is done, we need to keep these\n\t\t// in sync with agent/consul/config.go.\n\t\tautopilot = {\n\t\t\tcleanup_dead_servers = true\n\t\t\tlast_contact_threshold = ""200ms""\n\t\t\tmax_trailing_logs = 250\n\t\t\tserver_stabilization_time = ""10s""\n\t\t}\n\t\tgossip_lan = {\n\t\t\tgossip_interval = ""`"	"`\n\t\tcheck_deregister_interval_min = ""1m""\n\t\tcheck_reap_interval = ""30s""\n\t\tae_interval = ""1m""\n\t\tsync_coordinate_rate_target = 64\n\t\tsync_coordinate_interval_min = ""15s""\n\n\t\t# SegmentNameLimit is the maximum segment name length.\n\t\tsegment_name_limit = 64\n \t\tsegment_id_limit = 256\n\t\tports = {\n\t\t\tgrpc = 8502\n\t\t}\n\t\texperiments \n\t\tpeering = {\n\t\t\t# We use peer registration for various testing\n\t\t\ttest_allow_peer_registrations = false\n\t\t}\n\t`"
test56_t2109_s08	56	2109	8	spurious	spurious	False	unmapped				
test56_t2109_s09	56	2109	9	spurious	spurious	True	unsupported	raw_string_literal_content	raw_string_literal_content	"`\n\t\tbind_addr = ""127.0.0.1""\n\t\tdisable_anonymous_signature = true\n\t\tdisable_keyring_file = true\n\t\tenable_debug = true\n\t\tui_config {\n\t\t\tenabled = true\n\t\t}\n\t\tlog_level = ""DEBUG""\n\t\tserver = true\n\n\t\tgossip_lan = {\n\t\t\tgossip_interval = ""100ms""\n\t\t\tprobe_interval = ""100ms""\n\t\t\tprobe_timeout = ""100ms""\n\t\t\tsuspicion_mult = 3\n\t\t}\n\t\tgossip_wan = {\n\t\t\tgossip_interval = ""100ms""\n\t\t\tprobe_interval = ""100ms""\n\t\t\tprobe_timeout = ""100ms""\n\t\t\tsuspicion_mult = 3\n\t\t}\n\t\tconnect = {\n\t\t\tenabled = true\n\t\t}\n\n\t\tpeering = {\n\t\t\tenabled = true\n\t\t}\n\n\t\tperformance = {\n\t\t\traft_multiplier = 1\n\t\t}\n\t\tports = {\n\t\t\tgrpc = 8502\n\t\t}\n\t\texperiments = []\n\t`"	"`\n\t\tcheck_deregister_interval_min = ""1m""\n\t\tcheck_reap_interval = ""30s""\n\t\tae_interval = ""1m""\n\t\tsync_coordinate_rate_target = 64\n\t\tsync_coordinate_interval_min = ""15s""\n\n\t\t# SegmentNameLimit is the maximum segment name length.\n\t\tsegment_name_limit = 64\n \t\tsegment_id_limit = 256\n\t\tports = {\n\t\t\tgrpc = 8502\n\t\t}\n\t\texperiments \n\t\tpeering = {\n\t\t\t# We use peer registration for various testing\n\t\t\ttest_allow_peer_registrations = false\n\t\t}\n\t`"
test56_t2109_s10	56	2109	10	supported	supported	True	same_identifier	raw_string_literal_content	raw_string_literal_content	"`\n\t\tcheck_deregister_interval_min = ""1m""\n\t\tcheck_reap_interval = ""30s""\n\t\tae_interval = ""1m""\n\t\tsync_coordinate_rate_target = 64\n\t\tsync_coordinate_interval_min = ""15s""\n\n\t\t# SegmentNameLimit is the maximum segment name length.\n\t\tsegment_name_limit = 64\n \t\tsegment_id_limit = 256\n\t\tports = {\n\t\t\tgrpc = 8502\n\t\t}\n\t\texperiments \n\t\tpeering = {\n\t\t\t# We use peer registration for various testing\n\t\t\ttest_allow_peer_registrations = false\n\t\t}\n\t`"	"`\n\t\tcheck_deregister_interval_min = ""1m""\n\t\tcheck_reap_interval = ""30s""\n\t\tae_interval = ""1m""\n\t\tsync_coordinate_rate_target = 64\n\t\tsync_coordinate_interval_min = ""15s""\n\n\t\t# SegmentNameLimit is the maximum segment name length.\n\t\tsegment_name_limit = 64\n \t\tsegment_id_limit = 256\n\t\tports = {\n\t\t\tgrpc = 8502\n\t\t}\n\t\texperiments \n\t\tpeering = {\n\t\t\t# We use peer registration for various testing\n\t\t\ttest_allow_peer_registrations = false\n\t\t}\n\t`"
test58_t703_s01	58	703	1	spurious	spurious	False	unmapped				
test58_t703_s02	58	703	2	spurious	spurious	False	unmapped				
test58_t703_s03	58	703	3	spurious	spurious	False	unmapped				
test58_t703_s04	58	703	4	spurious	spurious	False	unmapped				
test58_t703_s05	58	703	5	spurious	spurious	False	unmapped				
test58_t703_s06	58	703	6	spurious	spurious	False	unmapped				
test58_t703_s07	58	703	7	spurious	spurious	False	unmapped				
test58_t703_s08	58	703	8	spurious	spurious	False	unmapped				
test58_t703_s09	58	703	9	spurious	supported	True	same_statement	identifier	identifier	MakeLimiters	metric
test58_t703_s10	58	703	10	spurious	spurious	False	unmapped				
test84_t347_s01	84	347	1	spurious	spurious	False	unmapped				
test84_t347_s02	84	347	2	spurious	spurious	False	unmapped				
test84_t347_s03	84	347	3	supported	supported	True	target_in_source_selector_chain	identifier	identifier	NewFmtCtx	InitialAnnotationString
test84_t347_s04	84	347	4	spurious	spurious	False	unmapped				
test84_t347_s05	84	347	5	spurious	spurious	True	unsupported	type_identifier	identifier	Annotations	InitialAnnotationString
test84_t347_s06	84	347	6	supported	supported	True	target_in_source_selector_chain	identifier	identifier	fs	InitialAnnotationString
test84_t347_s07	84	347	7	spurious	spurious	False	unmapped				
test84_t347_s08	84	347	8	spurious	spurious	True	unsupported	argument_list	identifier		InitialAnnotationString
test84_t347_s09	84	347	9	spurious	spurious	False	unmapped				
test84_t347_s10	84	347	10	spurious	spurious	False	unmapped				
test8_t1930_s01	8	1930	1	spurious	spurious	True	unsupported	function_declaration	identifier		result
test8_t1930_s02	8	1930	2	spurious	spurious	True	unsupported	identifier	identifier	keyValue	result
test8_t1930_s03	8	1930	3	spurious	spurious	False	unmapped				
test8_t1930_s04	8	1930	4	spurious	spurious	False	unmapped				
test8_t1930_s05	8	1930	5	spurious	spurious	True	unsupported	argument_list	identifier		result
test8_t1930_s06	8	1930	6	spurious	spurious	True	unsupported	identifier	identifier	expand	result
test8_t1930_s07	8	1930	7	spurious	spurious	True	unsupported	identifier	identifier	expand	result
test8_t1930_s08	8	1930	8	spurious	spurious	True	unsupported	identifier	identifier	expand	result
test8_t1930_s09	8	1930	9	spurious	spurious	True	unsupported	parameter_list	identifier		result
test8_t1930_s10	8	1930	10	spurious	spurious	False	unmapped				
test55_t477_s01	55	477	1	spurious	spurious	False	unmapped				
test55_t477_s02	55	477	2	supported	supported	True	same_identifier	raw_string_literal_content	raw_string_literal_content	"`Txn reads multiple etcd requests from standard input and applies them as a single atomic transaction.\n If --interactive option is used, the user can compare keys using the greater than operator "">'.  The format for such a comparison is\n\n    mod(""key \nExample interactive stdin usage:\n\n---\netcdctl txn -i\n# compares:\nmod(""key1"") > ""0""\n\n# success requests (get, put, delete):\nput key1 ""overwrote-key1""\n\n# failure requests (get, put, delete):\nput key1 ""created-key1""\nput key2 ""some extra key""\n---\n\nRefer to https://github.com/etcd-io/etcd/blob/main/etcdctl/README.md#txn-options.`"	"`Txn reads multiple etcd requests from standard input and applies them as a single atomic transaction.\n If --interactive option is used, the user can compare keys using the greater than operator "">'.  The format for such a comparison is\n\n    mod(""key \nExample interactive stdin usage:\n\n---\netcdctl txn -i\n# compares:\nmod(""key1"") > ""0""\n\n# success requests (get, put, delete):\nput key1 ""overwrote-key1""\n\n# failure requests (get, put, delete):\nput key1 ""created-key1""\nput key2 ""some extra key""\n---\n\nRefer to https://github.com/etcd-io/etcd/blob/main/etcdctl/README.md#txn-options.`"
test55_t477_s03	55	477	3	spurious	supported	True	same_statement	interpreted_string_literal_content	raw_string_literal_content	"""Txn processes all the requests in one transaction"""	"`Txn reads multiple etcd requests from standard input and applies them as a single atomic transaction.\n If --interactive option is used, the user can compare keys using the greater than operator "">'.  The format for such a comparison is\n\n    mod(""key \nExample interactive stdin usage:\n\n---\netcdctl txn -i\n# compares:\nmod(""key1"") > ""0""\n\n# success requests (get, put, delete):\nput key1 ""overwrote-key1""\n\n# failure requests (get, put, delete):\nput key1 ""created-key1""\nput key2 ""some extra key""\n---\n\nRefer to https://github.com/etcd-io/etcd/blob/main/etcdctl/README.md#txn-options.`"
test55_t477_s04	55	477	4	spurious	spurious	False	unmapped				
test55_t477_s05	55	477	5	spurious	supported	True	same_statement	interpreted_string_literal_content	raw_string_literal_content	"""Txn processes all the requests in one transaction"""	"`Txn reads multiple etcd requests from standard input and applies them as a single atomic transaction.\n If --interactive option is used, the user can compare keys using the greater than operator "">'.  The format for such a comparison is\n\n    mod(""key \nExample interactive stdin usage:\n\n---\netcdctl txn -i\n# compares:\nmod(""key1"") > ""0""\n\n# success requests (get, put, delete):\nput key1 ""overwrote-key1""\n\n# failure requests (get, put, delete):\nput key1 ""created-key1""\nput key2 ""some extra key""\n---\n\nRefer to https://github.com/etcd-io/etcd/blob/main/etcdctl/README.md#txn-options.`"
test55_t477_s06	55	477	6	spurious	supported	True	same_statement	interpreted_string_literal_content	raw_string_literal_content	"""txn [options]"""	"`Txn reads multiple etcd requests from standard input and applies them as a single atomic transaction.\n If --interactive option is used, the user can compare keys using the greater than operator "">'.  The format for such a comparison is\n\n    mod(""key \nExample interactive stdin usage:\n\n---\netcdctl txn -i\n# compares:\nmod(""key1"") > ""0""\n\n# success requests (get, put, delete):\nput key1 ""overwrote-key1""\n\n# failure requests (get, put, delete):\nput key1 ""created-key1""\nput key2 ""some extra key""\n---\n\nRefer to https://github.com/etcd-io/etcd/blob/main/etcdctl/README.md#txn-options.`"
test55_t477_s07	55	477	7	supported	supported	True	same_identifier	raw_string_literal_content	raw_string_literal_content	"`Txn reads multiple etcd requests from standard input and applies them as a single atomic transaction.\n If --interactive option is used, the user can compare keys using the greater than operator "">'.  The format for such a comparison is\n\n    mod(""key \nExample interactive stdin usage:\n\n---\netcdctl txn -i\n# compares:\nmod(""key1"") > ""0""\n\n# success requests (get, put, delete):\nput key1 ""overwrote-key1""\n\n# failure requests (get, put, delete):\nput key1 ""created-key1""\nput key2 ""some extra key""\n---\n\nRefer to https://github.com/etcd-io/etcd/blob/main/etcdctl/README.md#txn-options.`"	"`Txn reads multiple etcd requests from standard input and applies them as a single atomic transaction.\n If --interactive option is used, the user can compare keys using the greater than operator "">'.  The format for such a comparison is\n\n    mod(""key \nExample interactive stdin usage:\n\n---\netcdctl txn -i\n# compares:\nmod(""key1"") > ""0""\n\n# success requests (get, put, delete):\nput key1 ""overwrote-key1""\n\n# failure requests (get, put, delete):\nput key1 ""created-key1""\nput key2 ""some extra key""\n---\n\nRefer to https://github.com/etcd-io/etcd/blob/main/etcdctl/README.md#txn-options.`"
test55_t477_s08	55	477	8	spurious	spurious	False	unmapped				
test55_t477_s09	55	477	9	supported	supported	True	same_identifier	raw_string_literal_content	raw_string_literal_content	"`Txn reads multiple etcd requests from standard input and applies them as a single atomic transaction.\n If --interactive option is used, the user can compare keys using the greater than operator "">'.  The format for such a comparison is\n\n    mod(""key \nExample interactive stdin usage:\n\n---\netcdctl txn -i\n# compares:\nmod(""key1"") > ""0""\n\n# success requests (get, put, delete):\nput key1 ""overwrote-key1""\n\n# failure requests (get, put, delete):\nput key1 ""created-key1""\nput key2 ""some extra key""\n---\n\nRefer to https://github.com/etcd-io/etcd/blob/main/etcdctl/README.md#txn-options.`"	"`Txn reads multiple etcd requests from standard input and applies them as a single atomic transaction.\n If --interactive option is used, the user can compare keys using the greater than operator "">'.  The format for such a comparison is\n\n    mod(""key \nExample interactive stdin usage:\n\n---\netcdctl txn -i\n# compares:\nmod(""key1"") > ""0""\n\n# success requests (get, put, delete):\nput key1 ""overwrote-key1""\n\n# failure requests (get, put, delete):\nput key1 ""created-key1""\nput key2 ""some extra key""\n---\n\nRefer to https://github.com/etcd-io/etcd/blob/main/etcdctl/README.md#txn-options.`"
test55_t477_s10	55	477	10	supported	supported	True	same_identifier	raw_string_literal_content	raw_string_literal_content	"`Txn reads multiple etcd requests from standard input and applies them as a single atomic transaction.\n If --interactive option is used, the user can compare keys using the greater than operator "">'.  The format for such a comparison is\n\n    mod(""key \nExample interactive stdin usage:\n\n---\netcdctl txn -i\n# compares:\nmod(""key1"") > ""0""\n\n# success requests (get, put, delete):\nput key1 ""overwrote-key1""\n\n# failure requests (get, put, delete):\nput key1 ""created-key1""\nput key2 ""some extra key""\n---\n\nRefer to https://github.com/etcd-io/etcd/blob/main/etcdctl/README.md#txn-options.`"	"`Txn reads multiple etcd requests from standard input and applies them as a single atomic transaction.\n If --interactive option is used, the user can compare keys using the greater than operator "">'.  The format for such a comparison is\n\n    mod(""key \nExample interactive stdin usage:\n\n---\netcdctl txn -i\n# compares:\nmod(""key1"") > ""0""\n\n# success requests (get, put, delete):\nput key1 ""overwrote-key1""\n\n# failure requests (get, put, delete):\nput key1 ""created-key1""\nput key2 ""some extra key""\n---\n\nRefer to https://github.com/etcd-io/etcd/blob/main/etcdctl/README.md#txn-options.`"
test18_t1992_s01	18	1992	1	spurious	spurious	True	unsupported	argument_list	if_statement		
test18_t1992_s02	18	1992	2	spurious	spurious	True	unsupported	short_var_declaration	if_statement		
test18_t1992_s03	18	1992	3	spurious	spurious	True	unsupported	argument_list	if_statement		
test18_t1992_s04	18	1992	4	spurious	spurious	True	unsupported	identifier	if_statement	visitor	
test18_t1992_s05	18	1992	5	spurious	spurious	True	unsupported	identifier	if_statement	finalObject	
test18_t1992_s06	18	1992	6	spurious	spurious	False	unmapped				
test18_t1992_s07	18	1992	7	spurious	spurious	True	unsupported	identifier	if_statement	finalObject	
test18_t1992_s08	18	1992	8	spurious	spurious	False	unmapped				
test18_t1992_s09	18	1992	9	spurious	spurious	False	unmapped				
test18_t1992_s10	18	1992	10	spurious	spurious	True	unsupported	identifier	if_statement	visitCount	
test51_t1144_s01	51	1144	1	spurious	spurious	True	unsupported	parameter_list	identifier		b
test51_t1144_s02	51	1144	2	supported	supported	True	same_identifier	identifier	identifier	b	b
test51_t1144_s03	51	1144	3	supported	supported	True	same_identifier	identifier	identifier	b	b
test51_t1144_s04	51	1144	4	spurious	spurious	False	unmapped				
test51_t1144_s05	51	1144	5	spurious	spurious	False	unmapped				
test51_t1144_s06	51	1144	6	spurious	spurious	False	unmapped				
test51_t1144_s07	51	1144	7	supported	supported	True	same_identifier	identifier	identifier	b	b
test51_t1144_s08	51	1144	8	supported	supported	True	same_identifier	identifier	identifier	b	b
test51_t1144_s09	51	1144	9	spurious	spurious	False	unmapped				
test51_t1144_s10	51	1144	10	supported	supported	True	target_in_source_selector_chain	argument_list	identifier		b
test66_t1915_s01	66	1915	1	spurious	supported	True	control_dependency	identifier	break_statement	typ	
test66_t1915_s02	66	1915	2	spurious	spurious	True	unsupported	qualified_type	break_statement		
test66_t1915_s03	66	1915	3	spurious	spurious	True	unsupported	argument_list	break_statement		
test66_t1915_s04	66	1915	4	spurious	spurious	True	unsupported	identifier	break_statement	typ	
test66_t1915_s05	66	1915	5	spurious	spurious	True	unsupported	var_declaration	break_statement		
test66_t1915_s06	66	1915	6	spurious	supported	True	same_statement	identifier	break_statement	tok	
test66_t1915_s07	66	1915	7	spurious	spurious	True	unsupported	identifier	break_statement	tok	
test66_t1915_s08	66	1915	8	spurious	supported	True	control_dependency	break_statement	break_statement		
test66_t1915_s09	66	1915	9	spurious	spurious	True	unsupported	argument_list	break_statement		
test66_t1915_s10	66	1915	10	spurious	spurious	True	unsupported	identifier	break_statement	field	
test0_t451_s01	0	451	1	supported	supported	True	same_identifier	identifier	identifier	adapter	adapter
test0_t451_s02	0	451	2	spurious	spurious	False	unmapped				
test0_t451_s03	0	451	3	spurious	spurious	True	unsupported	identifier	identifier	cfg	adapter
test0_t451_s04	0	451	4	spurious	spurious	False	unmapped				
test0_t451_s05	0	451	5	supported	supported	True	same_identifier	identifier	identifier	adapter	adapter
test0_t451_s06	0	451	6	supported	supported	True	same_identifier	identifier	identifier	adapter	adapter
test0_t451_s07	0	451	7	spurious	spurious	False	unmapped				
test0_t451_s08	0	451	8	spurious	spurious	False	unmapped				
test0_t451_s09	0	451	9	supported	supported	True	same_identifier	identifier	identifier	adapter	adapter
test0_t451_s10	0	451	10	supported	supported	True	same_identifier	identifier	identifier	adapter	adapter
test86_t584_s01	86	584	1	spurious	supported	True	same_statement	selector_expression	field_identifier		With
test86_t584_s02	86	584	2	spurious	spurious	False	unmapped				
test86_t584_s03	86	584	3	spurious	spurious	False	unmapped				
test86_t584_s04	86	584	4	spurious	spurious	False	unmapped				
test86_t584_s05	86	584	5	spurious	spurious	False	unmapped				
test86_t584_s06	86	584	6	spurious	spurious	False	unmapped				
test86_t584_s07	86	584	7	spurious	spurious	True	unsupported	field_identifier	field_identifier	Observe	With
test86_t584_s08	86	584	8	supported	supported	True	source_in_target_selector_chain	identifier	field_identifier	h	With
test86_t584_s09	86	584	9	spurious	spurious	True	unsupported	field_identifier	field_identifier	Observe	With
test86_t584_s10	86	584	10	spurious	spurious	False	unmapped				
test38_t334_s01	38	334	1	supported	supported	True	target_in_source_selector_chain	argument_list	identifier		res
test38_t334_s02	38	334	2	supported	supported	True	target_in_source_selector_chain	argument_list	identifier		res
test38_t334_s03	38	334	3	spurious	supported	True	control_dependency	field_identifier	identifier	HasSuffix	res
test38_t334_s04	38	334	4	supported	supported	True	same_identifier	identifier	identifier	res	res
test38_t334_s05	38	334	5	spurious	spurious	True	unsupported	index_expression	identifier		res
test38_t334_s06	38	334	6	supported	supported	True	same_identifier	identifier	identifier	res	res
test38_t334_s07	38	334	7	supported	supported	True	same_identifier	identifier	identifier	res	res
test38_t334_s08	38	334	8	spurious	spurious	False	unmapped				
test38_t334_s09	38	334	9	spurious	supported	True	control_dependency	short_var_declaration	identifier		res
test38_t334_s10	38	334	10	spurious	spurious	True	unsupported	identifier	identifier	ps	res
test79_t1351_s01	79	1351	1	spurious	spurious	True	unsupported	identifier	ERROR	ord	
test79_t1351_s02	79	1351	2	spurious	spurious	True	unsupported	identifier	ERROR	_	
test79_t1351_s03	79	1351	3	spurious	spurious	True	unsupported	short_var_declaration	ERROR		
test79_t1351_s04	79	1351	4	spurious	spurious	False	unmapped				
test79_t1351_s05	79	1351	5	spurious	spurious	True	unsupported	slice_expression	ERROR		
test79_t1351_s06	79	1351	6	spurious	spurious	False	unmapped				
test79_t1351_s07	79	1351	7	spurious	spurious	False	unmapped				
test79_t1351_s08	79	1351	8	spurious	spurious	True	unsupported	package_identifier	ERROR	nextChunkRow	
test79_t1351_s09	79	1351	9	spurious	spurious	True	unsupported	range_clause	ERROR		
test79_t1351_s10	79	1351	10	spurious	spurious	True	unsupported	ERROR	ERROR		
test95_t1815_s01	95	1815	1	supported	supported	True	source_in_target_selector_chain	identifier	field_identifier	errors	Newf
test95_t1815_s02	95	1815	2	spurious	supported	True	same_statement	return_statement	field_identifier		Newf
test95_t1815_s03	95	1815	3	spurious	spurious	False	unmapped				
test95_t1815_s04	95	1815	4	spurious	spurious	True	unsupported	comment	field_identifier		Newf
test95_t1815_s05	95	1815	5	spurious	spurious	False	unmapped				
test95_t1815_s06	95	1815	6	spurious	spurious	False	unmapped				
test95_t1815_s07	95	1815	7	spurious	spurious	True	unsupported	comment	field_identifier		Newf
test95_t1815_s08	95	1815	8	spurious	spurious	True	unsupported	comment	field_identifier		Newf
test95_t1815_s09	95	1815	9	spurious	spurious	False	unmapped				
test95_t1815_s10	95	1815	10	spurious	spurious	True	unsupported	comment	field_identifier		Newf
test65_t984_s01	65	984	1	supported	supported	True	source_in_target_selector_chain	identifier	field_identifier	iter	ReadInterface
test65_t984_s02	65	984	2	spurious	spurious	True	unsupported	selector_expression	field_identifier		ReadInterface
test65_t984_s03	65	984	3	spurious	spurious	True	unsupported	selector_expression	field_identifier		ReadInterface
test65_t984_s04	65	984	4	spurious	spurious	True	unsupported	selector_expression	field_identifier		ReadInterface
test65_t984_s05	65	984	5	supported	supported	True	source_in_target_selector_chain	identifier	field_identifier	iter	ReadInterface
test65_t984_s06	65	984	6	spurious	spurious	True	unsupported	field_identifier	field_identifier	ResetBytes	ReadInterface
test65_t984_s07	65	984	7	spurious	spurious	False	unmapped				
test65_t984_s08	65	984	8	spurious	spurious	True	unsupported	selector_expression	field_identifier		ReadInterface
test65_t984_s09	65	984	9	spurious	spurious	False	unmapped				
test65_t984_s10	65	984	10	spurious	spurious	True	unsupported	selector_expression	field_identifier		ReadInterface
test90_t1677_s01	90	1677	1	spurious	supported	True	control_dependency	field_identifier	identifier	OuterCols	outerColID
test90_t1677_s02	90	1677	2	spurious	supported	True	control_dependency	argument_list	identifier		outerColID
test90_t1677_s03	90	1677	3	spurious	supported	True	control_dependency	identifier	identifier	lookupExprCols	outerColID
test90_t1677_s04	90	1677	4	spurious	spurious	True	unsupported	identifier	identifier	md	outerColID
test90_t1677_s05	90	1677	5	spurious	supported	True	control_dependency	selector_expression	identifier		outerColID
test90_t1677_s06	90	1677	6	spurious	spurious	False	unmapped				
test90_t1677_s07	90	1677	7	spurious	supported	True	control_dependency	selector_expression	identifier		outerColID
test90_t1677_s08	90	1677	8	spurious	supported	True	control_dependency	identifier	identifier	md	outerColID
test90_t1677_s09	90	1677	9	spurious	spurious	True	unsupported	type_identifier	identifier	ColumnID	outerColID
test90_t1677_s10	90	1677	10	spurious	supported	True	control_dependency	selector_expression	identifier		outerColID
test57_t1794_s01	57	1794	1	supported	supported	True	same_identifier	identifier	identifier	t	t
test57_t1794_s02	57	1794	2	supported	supported	True	same_identifier	identifier	identifier	t	t
test57_t1794_s03	57	1794	3	supported	supported	True	same_identifier	identifier	identifier	t	t
test57_t1794_s04	57	1794	4	spurious	spurious	False	unmapped				
test57_t1794_s05	57	1794	5	spurious	spurious	False	unmapped				
test57_t1794_s06	57	1794	6	spurious	spurious	False	unmapped				
test57_t1794_s07	57	1794	7	supported	supported	True	same_identifier	identifier	identifier	t	t
test57_t1794_s08	57	1794	8	supported	supported	True	same_identifier	identifier	identifier	t	t
test57_t1794_s09	57	1794	9	spurious	spurious	False	unmapped				
test57_t1794_s10	57	1794	10	spurious	supported	True	control_dependency	short_var_declaration	identifier		t
test41_t1168_s01	41	1168	1	spurious	spurious	False	unmapped				
test41_t1168_s02	41	1168	2	supported	supported	True	same_identifier	raw_string_literal_content	raw_string_literal_content	"`[[inputs.%s]]\n  ## Docker Endpoint\n  ##   To use TCP, set endpoint = ""tcp://[ip]:[port]""\n  ##   To use environment variables (ie, docker-machine), set endpoint = ""ENV""\n  endpoint = ""%s""\n  #\n  ## Set to true to collect Swarm metrics(desired_replicas, running_replicas)\n  gather_services = false\n  #\n  ## Only collect metrics for these containers, collect all if empty\n  container_names = []\n  #\n  ## Set the source tag for the metrics to the container ID hostname, eg first 12 chars\n  source_tag = false\n  #\n  ## Containers to include and exclude. Globs accepted.\n  ## Note that an empty array for both will include all containers\n  container_name_include = []\n  container_name_exclude = []\n  #\n  ## Container states to include and exclude. Globs accepted.\n  ## When empty only containers in the ""running"" state will be captured.\n  ## example: container_state_include = [""created"", ""restarting"", ""running"", ""removing"", ""paused"", ""exited"", ""dead""]\n  ## example: container_state_exclude = [""created"", ""restarting"", ""running"", ""removing"", ""paused"", ""exited"", ""dead""]\n  # container_state_include = []\n  # container_state_exclude = []\n  #\n  ## Timeout for docker list, info, and stats commands\n  timeout = ""5s""\n  #\n  ## Whether to report for each container per-device blkio (8:0, 8:1...),\n  ## network (eth0, eth1, ...) and cpu (cpu0, cpu1, ...) stats or not.\n  ## Usage of this setting is discouraged since it will be deprecated in favor of 'perdevice_include'.   ## Set to true to report for each container per device blkio, network (eth0, eth1,...)   #\n  ## Specifies for which classes a per-device metric should be issued\n  ## Possible values are 'cpu' (cpu0, cpu1, ...), 'blkio' (8:0, 8:1, ...) and 'network' (eth0, eth1, ...)\n  ## Please note that this setting has no effect if 'perdevice' is set to 'true'\n  # perdevice_include = [""cpu""]\n  #\n  ## Whether to report for each container total blkio and network stats or not.\n  ## Usage of this setting is discouraged since it will be deprecated in favor of 'total_include'.\n  ## Default value is 'false' for backwards compatibility, please set it to 'true' so that 'total_include' setting\n  ## is honored.\n  total = false\n  #\n  ## Specifies for which classes a total metric should be issued. Total is an aggregated of the 'perdevice' values.\n  ## Possible values are 'cpu', 'blkio' and 'network'\n  ## Total 'cpu' is reported directly by Docker daemon, and 'network' and 'blkio' totals are aggregated by this plugin.\n  ## Please note that this setting has no effect if 'total' is set to 'false'\n  # total_include = [""cpu"", ""blkio"", ""network""]\n  #\n  ## Which environment variables should we use as a tag\n  ##tag_env = [""JAVA_HOME"", ""HEAP_SIZE""]\n  #\n  ## docker labels to include and exclude as tags.  Globs accepted.\n  ## Note that an empty array for both will include all labels as tags\n  docker_label_include = []\n  docker_label_exclude = []\n  #\n  ## Optional TLS Config\n  # tls_ca = ""/etc/telegraf/ca.pem""\n  # tls_cert = ""/etc/telegraf/cert.pem""\n  # tls_key = ""/etc/telegraf/key.pem""\n  ## Use TLS but skip chain & host verification\n  # insecure_skip_verify = false\n`"	"`[[inputs.%s]]\n  ## Docker Endpoint\n  ##   To use TCP, set endpoint = ""tcp://[ip]:[port]""\n  ##   To use environment variables (ie, docker-machine), set endpoint = ""ENV""\n  endpoint = ""%s""\n  #\n  ## Set to true to collect Swarm metrics(desired_replicas, running_replicas)\n  gather_services = false\n  #\n  ## Only collect metrics for these containers, collect all if empty\n  container_names = []\n  #\n  ## Set the source tag for the metrics to the container ID hostname, eg first 12 chars\n  source_tag = false\n  #\n  ## Containers to include and exclude. Globs accepted.\n  ## Note that an empty array for both will include all containers\n  container_name_include = []\n  container_name_exclude = []\n  #\n  ## Container states to include and exclude. Globs accepted.\n  ## When empty only containers in the ""running"" state will be captured.\n  ## example: container_state_include = [""created"", ""restarting"", ""running"", ""removing"", ""paused"", ""exited"", ""dead""]\n  ## example: container_state_exclude = [""created"", ""restarting"", ""running"", ""removing"", ""paused"", ""exited"", ""dead""]\n  # container_state_include = []\n  # container_state_exclude = []\n  #\n  ## Timeout for docker list, info, and stats commands\n  timeout = ""5s""\n  #\n  ## Whether to report for each container per-device blkio (8:0, 8:1...),\n  ## network (eth0, eth1, ...) and cpu (cpu0, cpu1, ...) stats or not.\n  ## Usage of this setting is discouraged since it will be deprecated in favor of 'perdevice_include'.   ## Set to true to report for each container per device blkio, network (eth0, eth1,...)   #\n  ## Specifies for which classes a per-device metric should be issued\n  ## Possible values are 'cpu' (cpu0, cpu1, ...), 'blkio' (8:0, 8:1, ...) and 'network' (eth0, eth1, ...)\n  ## Please note that this setting has no effect if 'perdevice' is set to 'true'\n  # perdevice_include = [""cpu""]\n  #\n  ## Whether to report for each container total blkio and network stats or not.\n  ## Usage of this setting is discouraged since it will be deprecated in favor of 'total_include'.\n  ## Default value is 'false' for backwards compatibility, please set it to 'true' so that 'total_include' setting\n  ## is honored.\n  total = false\n  #\n  ## Specifies for which classes a total metric should be issued. Total is an aggregated of the 'perdevice' values.\n  ## Possible values are 'cpu', 'blkio' and 'network'\n  ## Total 'cpu' is reported directly by Docker daemon, and 'network' and 'blkio' totals are aggregated by this plugin.\n  ## Please note that this setting has no effect if 'total' is set to 'false'\n  # total_include = [""cpu"", ""blkio"", ""network""]\n  #\n  ## Which environment variables should we use as a tag\n  ##tag_env = [""JAVA_HOME"", ""HEAP_SIZE""]\n  #\n  ## docker labels to include and exclude as tags.  Globs accepted.\n  ## Note that an empty array for both will include all labels as tags\n  docker_label_include = []\n  docker_label_exclude = []\n  #\n  ## Optional TLS Config\n  # tls_ca = ""/etc/telegraf/ca.pem""\n  # tls_cert = ""/etc/telegraf/cert.pem""\n  # tls_key = ""/etc/telegraf/key.pem""\n  ## Use TLS but skip chain & host verification\n  # insecure_skip_verify = false\n`"
test41_t1168_s03	41	1168	3	supported	supported	True	same_identifier	raw_string_literal_content	raw_string_literal_content	"`[[inputs.%s]]\n  ## Docker Endpoint\n  ##   To use TCP, set endpoint = ""tcp://[ip]:[port]""\n  ##   To use environment variables (ie, docker-machine), set endpoint = ""ENV""\n  endpoint = ""%s""\n  #\n  ## Set to true to collect Swarm metrics(desired_replicas, running_replicas)\n  gather_services = false\n  #\n  ## Only collect metrics for these containers, collect all if empty\n  container_names = []\n  #\n  ## Set the source tag for the metrics to the container ID hostname, eg first 12 chars\n  source_tag = false\n  #\n  ## Containers to include and exclude. Globs accepted.\n  ## Note that an empty array for both will include all containers\n  container_name_include = []\n  container_name_exclude = []\n  #\n  ## Container states to include and exclude. Globs accepted.\n  ## When empty only containers in the ""running"" state will be captured.\n  ## example: container_state_include = [""created"", ""restarting"", ""running"", ""removing"", ""paused"", ""exited"", ""dead""]\n  ## example: container_state_exclude = [""created"", ""restarting"", ""running"", ""removing"", ""paused"", ""exited"", ""dead""]\n  # container_state_include = []\n  # container_state_exclude = []\n  #\n  ## Timeout for docker list, info, and stats commands\n  timeout = ""5s""\n  #\n  ## Whether to report for each container per-device blkio (8:0, 8:1...),\n  ## network (eth0, eth1, ...) and cpu (cpu0, cpu1, ...) stats or not.\n  ## Usage of this setting is discouraged since it will be deprecated in favor of 'perdevice_include'.   ## Set to true to report for each container per device blkio, network (eth0, eth1,...)   #\n  ## Specifies for which classes a per-device metric should be issued\n  ## Possible values are 'cpu' (cpu0, cpu1, ...), 'blkio' (8:0, 8:1, ...) and 'network' (eth0, eth1, ...)\n  ## Please note that this setting has no effect if 'perdevice' is set to 'true'\n  # perdevice_include = [""cpu""]\n  #\n  ## Whether to report for each container total blkio and network stats or not.\n  ## Usage of this setting is discouraged since it will be deprecated in favor of 'total_include'.\n  ## Default value is 'false' for backwards compatibility, please set it to 'true' so that 'total_include' setting\n  ## is honored.\n  total = false\n  #\n  ## Specifies for which classes a total metric should be issued. Total is an aggregated of the 'perdevice' values.\n  ## Possible values are 'cpu', 'blkio' and 'network'\n  ## Total 'cpu' is reported directly by Docker daemon, and 'network' and 'blkio' totals are aggregated by this plugin.\n  ## Please note that this setting has no effect if 'total' is set to 'false'\n  # total_include = [""cpu"", ""blkio"", ""network""]\n  #\n  ## Which environment variables should we use as a tag\n  ##tag_env = [""JAVA_HOME"", ""HEAP_SIZE""]\n  #\n  ## docker labels to include and exclude as tags.  Globs accepted.\n  ## Note that an empty array for both will include all labels as tags\n  docker_label_include = []\n  docker_label_exclude = []\n  #\n  ## Optional TLS Config\n  # tls_ca = ""/etc/telegraf/ca.pem""\n  # tls_cert = ""/etc/telegraf/cert.pem""\n  # tls_key = ""/etc/telegraf/key.pem""\n  ## Use TLS but skip chain & host verification\n  # insecure_skip_verify = false\n`"	"`[[inputs.%s]]\n  ## Docker Endpoint\n  ##   To use TCP, set endpoint = ""tcp://[ip]:[port]""\n  ##   To use environment variables (ie, docker-machine), set endpoint = ""ENV""\n  endpoint = ""%s""\n  #\n  ## Set to true to collect Swarm metrics(desired_replicas, running_replicas)\n  gather_services = false\n  #\n  ## Only collect metrics for these containers, collect all if empty\n  container_names = []\n  #\n  ## Set the source tag for the metrics to the container ID hostname, eg first 12 chars\n  source_tag = false\n  #\n  ## Containers to include and exclude. Globs accepted.\n  ## Note that an empty array for both will include all containers\n  container_name_include = []\n  container_name_exclude = []\n  #\n  ## Container states to include and exclude. Globs accepted.\n  ## When empty only containers in the ""running"" state will be captured.\n  ## example: container_state_include = [""created"", ""restarting"", ""running"", ""removing"", ""paused"", ""exited"", ""dead""]\n  ## example: container_state_exclude = [""created"", ""restarting"", ""running"", ""removing"", ""paused"", ""exited"", ""dead""]\n  # container_state_include = []\n  # container_state_exclude = []\n  #\n  ## Timeout for docker list, info, and stats commands\n  timeout = ""5s""\n  #\n  ## Whether to report for each container per-device blkio (8:0, 8:1...),\n  ## network (eth0, eth1, ...) and cpu (cpu0, cpu1, ...) stats or not.\n  ## Usage of this setting is discouraged since it will be deprecated in favor of 'perdevice_include'.   ## Set to true to report for each container per device blkio, network (eth0, eth1,...)   #\n  ## Specifies for which classes a per-device metric should be issued\n  ## Possible values are 'cpu' (cpu0, cpu1, ...), 'blkio' (8:0, 8:1, ...) and 'network' (eth0, eth1, ...)\n  ## Please note that this setting has no effect if 'perdevice' is set to 'true'\n  # perdevice_include = [""cpu""]\n  #\n  ## Whether to report for each container total blkio and network stats or not.\n  ## Usage of this setting is discouraged since it will be deprecated in favor of 'total_include'.\n  ## Default value is 'false' for backwards compatibility, please set it to 'true' so that 'total_include' setting\n  ## is honored.\n  total = false\n  #\n  ## Specifies for which classes a total metric should be issued. Total is an aggregated of the 'perdevice' values.\n  ## Possible values are 'cpu', 'blkio' and 'network'\n  ## Total 'cpu' is reported directly by Docker daemon, and 'network' and 'blkio' totals are aggregated by this plugin.\n  ## Please note that this setting has no effect if 'total' is set to 'false'\n  # total_include = [""cpu"", ""blkio"", ""network""]\n  #\n  ## Which environment variables should we use as a tag\n  ##tag_env = [""JAVA_HOME"", ""HEAP_SIZE""]\n  #\n  ## docker labels to include and exclude as tags.  Globs accepted.\n  ## Note that an empty array for both will include all labels as tags\n  docker_label_include = []\n  docker_label_exclude = []\n  #\n  ## Optional TLS Config\n  # tls_ca = ""/etc/telegraf/ca.pem""\n  # tls_cert = ""/etc/telegraf/cert.pem""\n  # tls_key = ""/etc/telegraf/key.pem""\n  ## Use TLS but skip chain & host verification\n  # insecure_skip_verify = false\n`"
test41_t1168_s04	41	1168	4	supported	supported	True	same_identifier	raw_string_literal_content	raw_string_literal_content	"`[[inputs.%s]]\n  ## Docker Endpoint\n  ##   To use TCP, set endpoint = ""tcp://[ip]:[port]""\n  ##   To use environment variables (ie, docker-machine), set endpoint = ""ENV""\n  endpoint = ""%s""\n  #\n  ## Set to true to collect Swarm metrics(desired_replicas, running_replicas)\n  gather_services = false\n  #\n  ## Only collect metrics for these containers, collect all if empty\n  container_names = []\n  #\n  ## Set the source tag for the metrics to the container ID hostname, eg first 12 chars\n  source_tag = false\n  #\n  ## Containers to include and exclude. Globs accepted.\n  ## Note that an empty array for both will include all containers\n  container_name_include = []\n  container_name_exclude = []\n  #\n  ## Container states to include and exclude. Globs accepted.\n  ## When empty only containers in the ""running"" state will be captured.\n  ## example: container_state_include = [""created"", ""restarting"", ""running"", ""removing"", ""paused"", ""exited"", ""dead""]\n  ## example: container_state_exclude = [""created"", ""restarting"", ""running"", ""removing"", ""paused"", ""exited"", ""dead""]\n  # container_state_include = []\n  # container_state_exclude = []\n  #\n  ## Timeout for docker list, info, and stats commands\n  timeout = ""5s""\n  #\n  ## Whether to report for each container per-device blkio (8:0, 8:1...),\n  ## network (eth0, eth1, ...) and cpu (cpu0, cpu1, ...) stats or not.\n  ## Usage of this setting is discouraged since it will be deprecated in favor of 'perdevice_include'.   ## Set to true to report for each container per device blkio, network (eth0, eth1,...)   #\n  ## Specifies for which classes a per-device metric should be issued\n  ## Possible values are 'cpu' (cpu0, cpu1, ...), 'blkio' (8:0, 8:1, ...) and 'network' (eth0, eth1, ...)\n  ## Please note that this setting has no effect if 'perdevice' is set to 'true'\n  # perdevice_include = [""cpu""]\n  #\n  ## Whether to report for each container total blkio and network stats or not.\n  ## Usage of this setting is discouraged since it will be deprecated in favor of 'total_include'.\n  ## Default value is 'false' for backwards compatibility, please set it to 'true' so that 'total_include' setting\n  ## is honored.\n  total = false\n  #\n  ## Specifies for which classes a total metric should be issued. Total is an aggregated of the 'perdevice' values.\n  ## Possible values are 'cpu', 'blkio' and 'network'\n  ## Total 'cpu' is reported directly by Docker daemon, and 'network' and 'blkio' totals are aggregated by this plugin.\n  ## Please note that this setting has no effect if 'total' is set to 'false'\n  # total_include = [""cpu"", ""blkio"", ""network""]\n  #\n  ## Which environment variables should we use as a tag\n  ##tag_env = [""JAVA_HOME"", ""HEAP_SIZE""]\n  #\n  ## docker labels to include and exclude as tags.  Globs accepted.\n  ## Note that an empty array for both will include all labels as tags\n  docker_label_include = []\n  docker_label_exclude = []\n  #\n  ## Optional TLS Config\n  # tls_ca = ""/etc/telegraf/ca.pem""\n  # tls_cert = ""/etc/telegraf/cert.pem""\n  # tls_key = ""/etc/telegraf/key.pem""\n  ## Use TLS but skip chain & host verification\n  # insecure_skip_verify = false\n`"	"`[[inputs.%s]]\n  ## Docker Endpoint\n  ##   To use TCP, set endpoint = ""tcp://[ip]:[port]""\n  ##   To use environment variables (ie, docker-machine), set endpoint = ""ENV""\n  endpoint = ""%s""\n  #\n  ## Set to true to collect Swarm metrics(desired_replicas, running_replicas)\n  gather_services = false\n  #\n  ## Only collect metrics for these containers, collect all if empty\n  container_names = []\n  #\n  ## Set the source tag for the metrics to the container ID hostname, eg first 12 chars\n  source_tag = false\n  #\n  ## Containers to include and exclude. Globs accepted.\n  ## Note that an empty array for both will include all containers\n  container_name_include = []\n  container_name_exclude = []\n  #\n  ## Container states to include and exclude. Globs accepted.\n  ## When empty only containers in the ""running"" state will be captured.\n  ## example: container_state_include = [""created"", ""restarting"", ""running"", ""removing"", ""paused"", ""exited"", ""dead""]\n  ## example: container_state_exclude = [""created"", ""restarting"", ""running"", ""removing"", ""paused"", ""exited"", ""dead""]\n  # container_state_include = []\n  # container_state_exclude = []\n  #\n  ## Timeout for docker list, info, and stats commands\n  timeout = ""5s""\n  #\n  ## Whether to report for each container per-device blkio (8:0, 8:1...),\n  ## network (eth0, eth1, ...) and cpu (cpu0, cpu1, ...) stats or not.\n  ## Usage of this setting is discouraged since it will be deprecated in favor of 'perdevice_include'.   ## Set to true to report for each container per device blkio, network (eth0, eth1,...)   #\n  ## Specifies for which classes a per-device metric should be issued\n  ## Possible values are 'cpu' (cpu0, cpu1, ...), 'blkio' (8:0, 8:1, ...) and 'network' (eth0, eth1, ...)\n  ## Please note that this setting has no effect if 'perdevice' is set to 'true'\n  # perdevice_include = [""cpu""]\n  #\n  ## Whether to report for each container total blkio and network stats or not.\n  ## Usage of this setting is discouraged since it will be deprecated in favor of 'total_include'.\n  ## Default value is 'false' for backwards compatibility, please set it to 'true' so that 'total_include' setting\n  ## is honored.\n  total = false\n  #\n  ## Specifies for which classes a total metric should be issued. Total is an aggregated of the 'perdevice' values.\n  ## Possible values are 'cpu', 'blkio' and 'network'\n  ## Total 'cpu' is reported directly by Docker daemon, and 'network' and 'blkio' totals are aggregated by this plugin.\n  ## Please note that this setting has no effect if 'total' is set to 'false'\n  # total_include = [""cpu"", ""blkio"", ""network""]\n  #\n  ## Which environment variables should we use as a tag\n  ##tag_env = [""JAVA_HOME"", ""HEAP_SIZE""]\n  #\n  ## docker labels to include and exclude as tags.  Globs accepted.\n  ## Note that an empty array for both will include all labels as tags\n  docker_label_include = []\n  docker_label_exclude = []\n  #\n  ## Optional TLS Config\n  # tls_ca = ""/etc/telegraf/ca.pem""\n  # tls_cert = ""/etc/telegraf/cert.pem""\n  # tls_key = ""/etc/telegraf/key.pem""\n  ## Use TLS but skip chain & host verification\n  # insecure_skip_verify = false\n`"
test41_t1168_s05	41	1168	5	supported	supported	True	same_identifier	raw_string_literal_content	raw_string_literal_content	"`[[inputs.%s]]\n  ## Docker Endpoint\n  ##   To use TCP, set endpoint = ""tcp://[ip]:[port]""\n  ##   To use environment variables (ie, docker-machine), set endpoint = ""ENV""\n  endpoint = ""%s""\n  #\n  ## Set to true to collect Swarm metrics(desired_replicas, running_replicas)\n  gather_services = false\n  #\n  ## Only collect metrics for these containers, collect all if empty\n  container_names = []\n  #\n  ## Set the source tag for the metrics to the container ID hostname, eg first 12 chars\n  source_tag = false\n  #\n  ## Containers to include and exclude. Globs accepted.\n  ## Note that an empty array for both will include all containers\n  container_name_include = []\n  container_name_exclude = []\n  #\n  ## Container states to include and exclude. Globs accepted.\n  ## When empty only containers in the ""running"" state will be captured.\n  ## example: container_state_include = [""created"", ""restarting"", ""running"", ""removing"", ""paused"", ""exited"", ""dead""]\n  ## example: container_state_exclude = [""created"", ""restarting"", ""running"", ""removing"", ""paused"", ""exited"", ""dead""]\n  # container_state_include = []\n  # container_state_exclude = []\n  #\n  ## Timeout for docker list, info, and stats commands\n  timeout = ""5s""\n  #\n  ## Whether to report for each container per-device blkio (8:0, 8:1...),\n  ## network (eth0, eth1, ...) and cpu (cpu0, cpu1, ...) stats or not.\n  ## Usage of this setting is discouraged since it will be deprecated in favor of 'perdevice_include'.   ## Set to true to report for each container per device blkio, network (eth0, eth1,...)   #\n  ## Specifies for which classes a per-device metric should be issued\n  ## Possible values are 'cpu' (cpu0, cpu1, ...), 'blkio' (8:0, 8:1, ...) and 'network' (eth0, eth1, ...)\n  ## Please note that this setting has no effect if 'perdevice' is set to 'true'\n  # perdevice_include = [""cpu""]\n  #\n  ## Whether to report for each container total blkio and network stats or not.\n  ## Usage of this setting is discouraged since it will be deprecated in favor of 'total_include'.\n  ## Default value is 'false' for backwards compatibility, please set it to 'true' so that 'total_include' setting\n  ## is honored.\n  total = false\n  #\n  ## Specifies for which classes a total metric should be issued. Total is an aggregated of the 'perdevice' values.\n  ## Possible values are 'cpu', 'blkio' and 'network'\n  ## Total 'cpu' is reported directly by Docker daemon, and 'network' and 'blkio' totals are aggregated by this plugin.\n  ## Please note that this setting has no effect if 'total' is set to 'false'\n  # total_include = [""cpu"", ""blkio"", ""network""]\n  #\n  ## Which environment variables should we use as a tag\n  ##tag_env = [""JAVA_HOME"", ""HEAP_SIZE""]\n  #\n  ## docker labels to include and exclude as tags.  Globs accepted.\n  ## Note that an empty array for both will include all labels as tags\n  docker_label_include = []\n  docker_label_exclude = []\n  #\n  ## Optional TLS Config\n  # tls_ca = ""/etc/telegraf/ca.pem""\n  # tls_cert = ""/etc/telegraf/cert.pem""\n  # tls_key = ""/etc/telegraf/key.pem""\n  ## Use TLS but skip chain & host verification\n  # insecure_skip_verify = false\n`"	"`[[inputs.%s]]\n  ## Docker Endpoint\n  ##   To use TCP, set endpoint = ""tcp://[ip]:[port]""\n  ##   To use environment variables (ie, docker-machine), set endpoint = ""ENV""\n  endpoint = ""%s""\n  #\n  ## Set to true to collect Swarm metrics(desired_replicas, running_replicas)\n  gather_services = false\n  #\n  ## Only collect metrics for these containers, collect all if empty\n  container_names = []\n  #\n  ## Set the source tag for the metrics to the container ID hostname, eg first 12 chars\n  source_tag = false\n  #\n  ## Containers to include and exclude. Globs accepted.\n  ## Note that an empty array for both will include all containers\n  container_name_include = []\n  container_name_exclude = []\n  #\n  ## Container states to include and exclude. Globs accepted.\n  ## When empty only containers in the ""running"" state will be captured.\n  ## example: container_state_include = [""created"", ""restarting"", ""running"", ""removing"", ""paused"", ""exited"", ""dead""]\n  ## example: container_state_exclude = [""created"", ""restarting"", ""running"", ""removing"", ""paused"", ""exited"", ""dead""]\n  # container_state_include = []\n  # container_state_exclude = []\n  #\n  ## Timeout for docker list, info, and stats commands\n  timeout = ""5s""\n  #\n  ## Whether to report for each container per-device blkio (8:0, 8:1...),\n  ## network (eth0, eth1, ...) and cpu (cpu0, cpu1, ...) stats or not.\n  ## Usage of this setting is discouraged since it will be deprecated in favor of 'perdevice_include'.   ## Set to true to report for each container per device blkio, network (eth0, eth1,...)   #\n  ## Specifies for which classes a per-device metric should be issued\n  ## Possible values are 'cpu' (cpu0, cpu1, ...), 'blkio' (8:0, 8:1, ...) and 'network' (eth0, eth1, ...)\n  ## Please note that this setting has no effect if 'perdevice' is set to 'true'\n  # perdevice_include = [""cpu""]\n  #\n  ## Whether to report for each container total blkio and network stats or not.\n  ## Usage of this setting is discouraged since it will be deprecated in favor of 'total_include'.\n  ## Default value is 'false' for backwards compatibility, please set it to 'true' so that 'total_include' setting\n  ## is honored.\n  total = false\n  #\n  ## Specifies for which classes a total metric should be issued. Total is an aggregated of the 'perdevice' values.\n  ## Possible values are 'cpu', 'blkio' and 'network'\n  ## Total 'cpu' is reported directly by Docker daemon, and 'network' and 'blkio' totals are aggregated by this plugin.\n  ## Please note that this setting has no effect if 'total' is set to 'false'\n  # total_include = [""cpu"", ""blkio"", ""network""]\n  #\n  ## Which environment variables should we use as a tag\n  ##tag_env = [""JAVA_HOME"", ""HEAP_SIZE""]\n  #\n  ## docker labels to include and exclude as tags.  Globs accepted.\n  ## Note that an empty array for both will include all labels as tags\n  docker_label_include = []\n  docker_label_exclude = []\n  #\n  ## Optional TLS Config\n  # tls_ca = ""/etc/telegraf/ca.pem""\n  # tls_cert = ""/etc/telegraf/cert.pem""\n  # tls_key = ""/etc/telegraf/key.pem""\n  ## Use TLS but skip chain & host verification\n  # insecure_skip_verify = false\n`"
test41_t1168_s06	41	1168	6	supported	supported	True	same_identifier	raw_string_literal_content	raw_string_literal_content	"`[[inputs.%s]]\n  ## Docker Endpoint\n  ##   To use TCP, set endpoint = ""tcp://[ip]:[port]""\n  ##   To use environment variables (ie, docker-machine), set endpoint = ""ENV""\n  endpoint = ""%s""\n  #\n  ## Set to true to collect Swarm metrics(desired_replicas, running_replicas)\n  gather_services = false\n  #\n  ## Only collect metrics for these containers, collect all if empty\n  container_names = []\n  #\n  ## Set the source tag for the metrics to the container ID hostname, eg first 12 chars\n  source_tag = false\n  #\n  ## Containers to include and exclude. Globs accepted.\n  ## Note that an empty array for both will include all containers\n  container_name_include = []\n  container_name_exclude = []\n  #\n  ## Container states to include and exclude. Globs accepted.\n  ## When empty only containers in the ""running"" state will be captured.\n  ## example: container_state_include = [""created"", ""restarting"", ""running"", ""removing"", ""paused"", ""exited"", ""dead""]\n  ## example: container_state_exclude = [""created"", ""restarting"", ""running"", ""removing"", ""paused"", ""exited"", ""dead""]\n  # container_state_include = []\n  # container_state_exclude = []\n  #\n  ## Timeout for docker list, info, and stats commands\n  timeout = ""5s""\n  #\n  ## Whether to report for each container per-device blkio (8:0, 8:1...),\n  ## network (eth0, eth1, ...) and cpu (cpu0, cpu1, ...) stats or not.\n  ## Usage of this setting is discouraged since it will be deprecated in favor of 'perdevice_include'.   ## Set to true to report for each container per device blkio, network (eth0, eth1,...)   #\n  ## Specifies for which classes a per-device metric should be issued\n  ## Possible values are 'cpu' (cpu0, cpu1, ...), 'blkio' (8:0, 8:1, ...) and 'network' (eth0, eth1, ...)\n  ## Please note that this setting has no effect if 'perdevice' is set to 'true'\n  # perdevice_include = [""cpu""]\n  #\n  ## Whether to report for each container total blkio and network stats or not.\n  ## Usage of this setting is discouraged since it will be deprecated in favor of 'total_include'.\n  ## Default value is 'false' for backwards compatibility, please set it to 'true' so that 'total_include' setting\n  ## is honored.\n  total = false\n  #\n  ## Specifies for which classes a total metric should be issued. Total is an aggregated of the 'perdevice' values.\n  ## Possible values are 'cpu', 'blkio' and 'network'\n  ## Total 'cpu' is reported directly by Docker daemon, and 'network' and 'blkio' totals are aggregated by this plugin.\n  ## Please note that this setting has no effect if 'total' is set to 'false'\n  # total_include = [""cpu"", ""blkio"", ""network""]\n  #\n  ## Which environment variables should we use as a tag\n  ##tag_env = [""JAVA_HOME"", ""HEAP_SIZE""]\n  #\n  ## docker labels to include and exclude as tags.  Globs accepted.\n  ## Note that an empty array for both will include all labels as tags\n  docker_label_include = []\n  docker_label_exclude = []\n  #\n  ## Optional TLS Config\n  # tls_ca = ""/etc/telegraf/ca.pem""\n  # tls_cert = ""/etc/telegraf/cert.pem""\n  # tls_key = ""/etc/telegraf/key.pem""\n  ## Use TLS but skip chain & host verification\n  # insecure_skip_verify = false\n`"	"`[[inputs.%s]]\n  ## Docker Endpoint\n  ##   To use TCP, set endpoint = ""tcp://[ip]:[port]""\n  ##   To use environment variables (ie, docker-machine), set endpoint = ""ENV""\n  endpoint = ""%s""\n  #\n  ## Set to true to collect Swarm metrics(desired_replicas, running_replicas)\n  gather_services = false\n  #\n  ## Only collect metrics for these containers, collect all if empty\n  container_names = []\n  #\n  ## Set the source tag for the metrics to the container ID hostname, eg first 12 chars\n  source_tag = false\n  #\n  ## Containers to include and exclude. Globs accepted.\n  ## Note that an empty array for both will include all containers\n  container_name_include = []\n  container_name_exclude = []\n  #\n  ## Container states to include and exclude. Globs accepted.\n  ## When empty only containers in the ""running"" state will be captured.\n  ## example: container_state_include = [""created"", ""restarting"", ""running"", ""removing"", ""paused"", ""exited"", ""dead""]\n  ## example: container_state_exclude = [""created"", ""restarting"", ""running"", ""removing"", ""paused"", ""exited"", ""dead""]\n  # container_state_include = []\n  # container_state_exclude = []\n  #\n  ## Timeout for docker list, info, and stats commands\n  timeout = ""5s""\n  #\n  ## Whether to report for each container per-device blkio (8:0, 8:1...),\n  ## network (eth0, eth1, ...) and cpu (cpu0, cpu1, ...) stats or not.\n  ## Usage of this setting is discouraged since it will be deprecated in favor of 'perdevice_include'.   ## Set to true to report for each container per device blkio, network (eth0, eth1,...)   #\n  ## Specifies for which classes a per-device metric should be issued\n  ## Possible values are 'cpu' (cpu0, cpu1, ...), 'blkio' (8:0, 8:1, ...) and 'network' (eth0, eth1, ...)\n  ## Please note that this setting has no effect if 'perdevice' is set to 'true'\n  # perdevice_include = [""cpu""]\n  #\n  ## Whether to report for each container total blkio and network stats or not.\n  ## Usage of this setting is discouraged since it will be deprecated in favor of 'total_include'.\n  ## Default value is 'false' for backwards compatibility, please set it to 'true' so that 'total_include' setting\n  ## is honored.\n  total = false\n  #\n  ## Specifies for which classes a total metric should be issued. Total is an aggregated of the 'perdevice' values.\n  ## Possible values are 'cpu', 'blkio' and 'network'\n  ## Total 'cpu' is reported directly by Docker daemon, and 'network' and 'blkio' totals are aggregated by this plugin.\n  ## Please note that this setting has no effect if 'total' is set to 'false'\n  # total_include = [""cpu"", ""blkio"", ""network""]\n  #\n  ## Which environment variables should we use as a tag\n  ##tag_env = [""JAVA_HOME"", ""HEAP_SIZE""]\n  #\n  ## docker labels to include and exclude as tags.  Globs accepted.\n  ## Note that an empty array for both will include all labels as tags\n  docker_label_include = []\n  docker_label_exclude = []\n  #\n  ## Optional TLS Config\n  # tls_ca = ""/etc/telegraf/ca.pem""\n  # tls_cert = ""/etc/telegraf/cert.pem""\n  # tls_key = ""/etc/telegraf/key.pem""\n  ## Use TLS but skip chain & host verification\n  # insecure_skip_verify = false\n`"
test41_t1168_s07	41	1168	7	supported	supported	True	same_identifier	raw_string_literal_content	raw_string_literal_content	"`[[inputs.%s]]\n  ## Docker Endpoint\n  ##   To use TCP, set endpoint = ""tcp://[ip]:[port]""\n  ##   To use environment variables (ie, docker-machine), set endpoint = ""ENV""\n  endpoint = ""%s""\n  #\n  ## Set to true to collect Swarm metrics(desired_replicas, running_replicas)\n  gather_services = false\n  #\n  ## Only collect metrics for these containers, collect all if empty\n  container_names = []\n  #\n  ## Set the source tag for the metrics to the container ID hostname, eg first 12 chars\n  source_tag = false\n  #\n  ## Containers to include and exclude. Globs accepted.\n  ## Note that an empty array for both will include all containers\n  container_name_include = []\n  container_name_exclude = []\n  #\n  ## Container states to include and exclude. Globs accepted.\n  ## When empty only containers in the ""running"" state will be captured.\n  ## example: container_state_include = [""created"", ""restarting"", ""running"", ""removing"", ""paused"", ""exited"", ""dead""]\n  ## example: container_state_exclude = [""created"", ""restarting"", ""running"", ""removing"", ""paused"", ""exited"", ""dead""]\n  # container_state_include = []\n  # container_state_exclude = []\n  #\n  ## Timeout for docker list, info, and stats commands\n  timeout = ""5s""\n  #\n  ## Whether to report for each container per-device blkio (8:0, 8:1...),\n  ## network (eth0, eth1, ...) and cpu (cpu0, cpu1, ...) stats or not.\n  ## Usage of this setting is discouraged since it will be deprecated in favor of 'perdevice_include'.   ## Set to true to report for each container per device blkio, network (eth0, eth1,...)   #\n  ## Specifies for which classes a per-device metric should be issued\n  ## Possible values are 'cpu' (cpu0, cpu1, ...), 'blkio' (8:0, 8:1, ...) and 'network' (eth0, eth1, ...)\n  ## Please note that this setting has no effect if 'perdevice' is set to 'true'\n  # perdevice_include = [""cpu""]\n  #\n  ## Whether to report for each container total blkio and network stats or not.\n  ## Usage of this setting is discouraged since it will be deprecated in favor of 'total_include'.\n  ## Default value is 'false' for backwards compatibility, please set it to 'true' so that 'total_include' setting\n  ## is honored.\n  total = false\n  #\n  ## Specifies for which classes a total metric should be issued. Total is an aggregated of the 'perdevice' values.\n  ## Possible values are 'cpu', 'blkio' and 'network'\n  ## Total 'cpu' is reported directly by Docker daemon, and 'network' and 'blkio' totals are aggregated by this plugin.\n  ## Please note that this setting has no effect if 'total' is set to 'false'\n  # total_include = [""cpu"", ""blkio"", ""network""]\n  #\n  ## Which environment variables should we use as a tag\n  ##tag_env = [""JAVA_HOME"", ""HEAP_SIZE""]\n  #\n  ## docker labels to include and exclude as tags.  Globs accepted.\n  ## Note that an empty array for both will include all labels as tags\n  docker_label_include = []\n  docker_label_exclude = []\n  #\n  ## Optional TLS Config\n  # tls_ca = ""/etc/telegraf/ca.pem""\n  # tls_cert = ""/etc/telegraf/cert.pem""\n  # tls_key = ""/etc/telegraf/key.pem""\n  ## Use TLS but skip chain & host verification\n  # insecure_skip_verify = false\n`"	"`[[inputs.%s]]\n  ## Docker Endpoint\n  ##   To use TCP, set endpoint = ""tcp://[ip]:[port]""\n  ##   To use environment variables (ie, docker-machine), set endpoint = ""ENV""\n  endpoint = ""%s""\n  #\n  ## Set to true to collect Swarm metrics(desired_replicas, running_replicas)\n  gather_services = false\n  #\n  ## Only collect metrics for these containers, collect all if empty\n  container_names = []\n  #\n  ## Set the source tag for the metrics to the container ID hostname, eg first 12 chars\n  source_tag = false\n  #\n  ## Containers to include and exclude. Globs accepted.\n  ## Note that an empty array for both will include all containers\n  container_name_include = []\n  container_name_exclude = []\n  #\n  ## Container states to include and exclude. Globs accepted.\n  ## When empty only containers in the ""running"" state will be captured.\n  ## example: container_state_include = [""created"", ""restarting"", ""running"", ""removing"", ""paused"", ""exited"", ""dead""]\n  ## example: container_state_exclude = [""created"", ""restarting"", ""running"", ""removing"", ""paused"", ""exited"", ""dead""]\n  # container_state_include = []\n  # container_state_exclude = []\n  #\n  ## Timeout for docker list, info, and stats commands\n  timeout = ""5s""\n  #\n  ## Whether to report for each container per-device blkio (8:0, 8:1...),\n  ## network (eth0, eth1, ...) and cpu (cpu0, cpu1, ...) stats or not.\n  ## Usage of this setting is discouraged since it will be deprecated in favor of 'perdevice_include'.   ## Set to true to report for each container per device blkio, network (eth0, eth1,...)   #\n  ## Specifies for which classes a per-device metric should be issued\n  ## Possible values are 'cpu' (cpu0, cpu1, ...), 'blkio' (8:0, 8:1, ...) and 'network' (eth0, eth1, ...)\n  ## Please note that this setting has no effect if 'perdevice' is set to 'true'\n  # perdevice_include = [""cpu""]\n  #\n  ## Whether to report for each container total blkio and network stats or not.\n  ## Usage of this setting is discouraged since it will be deprecated in favor of 'total_include'.\n  ## Default value is 'false' for backwards compatibility, please set it to 'true' so that 'total_include' setting\n  ## is honored.\n  total = false\n  #\n  ## Specifies for which classes a total metric should be issued. Total is an aggregated of the 'perdevice' values.\n  ## Possible values are 'cpu', 'blkio' and 'network'\n  ## Total 'cpu' is reported directly by Docker daemon, and 'network' and 'blkio' totals are aggregated by this plugin.\n  ## Please note that this setting has no effect if 'total' is set to 'false'\n  # total_include = [""cpu"", ""blkio"", ""network""]\n  #\n  ## Which environment variables should we use as a tag\n  ##tag_env = [""JAVA_HOME"", ""HEAP_SIZE""]\n  #\n  ## docker labels to include and exclude as tags.  Globs accepted.\n  ## Note that an empty array for both will include all labels as tags\n  docker_label_include = []\n  docker_label_exclude = []\n  #\n  ## Optional TLS Config\n  # tls_ca = ""/etc/telegraf/ca.pem""\n  # tls_cert = ""/etc/telegraf/cert.pem""\n  # tls_key = ""/etc/telegraf/key.pem""\n  ## Use TLS but skip chain & host verification\n  # insecure_skip_verify = false\n`"
test41_t1168_s08	41	1168	8	supported	supported	True	same_identifier	raw_string_literal_content	raw_string_literal_content	"`[[inputs.%s]]\n  ## Docker Endpoint\n  ##   To use TCP, set endpoint = ""tcp://[ip]:[port]""\n  ##   To use environment variables (ie, docker-machine), set endpoint = ""ENV""\n  endpoint = ""%s""\n  #\n  ## Set to true to collect Swarm metrics(desired_replicas, running_replicas)\n  gather_services = false\n  #\n  ## Only collect metrics for these containers, collect all if empty\n  container_names = []\n  #\n  ## Set the source tag for the metrics to the container ID hostname, eg first 12 chars\n  source_tag = false\n  #\n  ## Containers to include and exclude. Globs accepted.\n  ## Note that an empty array for both will include all containers\n  container_name_include = []\n  container_name_exclude = []\n  #\n  ## Container states to include and exclude. Globs accepted.\n  ## When empty only containers in the ""running"" state will be captured.\n  ## example: container_state_include = [""created"", ""restarting"", ""running"", ""removing"", ""paused"", ""exited"", ""dead""]\n  ## example: container_state_exclude = [""created"", ""restarting"", ""running"", ""removing"", ""paused"", ""exited"", ""dead""]\n  # container_state_include = []\n  # container_state_exclude = []\n  #\n  ## Timeout for docker list, info, and stats commands\n  timeout = ""5s""\n  #\n  ## Whether to report for each container per-device blkio (8:0, 8:1...),\n  ## network (eth0, eth1, ...) and cpu (cpu0, cpu1, ...) stats or not.\n  ## Usage of this setting is discouraged since it will be deprecated in favor of 'perdevice_include'.   ## Set to true to report for each container per device blkio, network (eth0, eth1,...)   #\n  ## Specifies for which classes a per-device metric should be issued\n  ## Possible values are 'cpu' (cpu0, cpu1, ...), 'blkio' (8:0, 8:1, ...) and 'network' (eth0, eth1, ...)\n  ## Please note that this setting has no effect if 'perdevice' is set to 'true'\n  # perdevice_include = [""cpu""]\n  #\n  ## Whether to report for each container total blkio and network stats or not.\n  ## Usage of this setting is discouraged since it will be deprecated in favor of 'total_include'.\n  ## Default value is 'false' for backwards compatibility, please set it to 'true' so that 'total_include' setting\n  ## is honored.\n  total = false\n  #\n  ## Specifies for which classes a total metric should be issued. Total is an aggregated of the 'perdevice' values.\n  ## Possible values are 'cpu', 'blkio' and 'network'\n  ## Total 'cpu' is reported directly by Docker daemon, and 'network' and 'blkio' totals are aggregated by this plugin.\n  ## Please note that this setting has no effect if 'total' is set to 'false'\n  # total_include = [""cpu"", ""blkio"", ""network""]\n  #\n  ## Which environment variables should we use as a tag\n  ##tag_env = [""JAVA_HOME"", ""HEAP_SIZE""]\n  #\n  ## docker labels to include and exclude as tags.  Globs accepted.\n  ## Note that an empty array for both will include all labels as tags\n  docker_label_include = []\n  docker_label_exclude = []\n  #\n  ## Optional TLS Config\n  # tls_ca = ""/etc/telegraf/ca.pem""\n  # tls_cert = ""/etc/telegraf/cert.pem""\n  # tls_key = ""/etc/telegraf/key.pem""\n  ## Use TLS but skip chain & host verification\n  # insecure_skip_verify = false\n`"	"`[[inputs.%s]]\n  ## Docker Endpoint\n  ##   To use TCP, set endpoint = ""tcp://[ip]:[port]""\n  ##   To use environment variables (ie, docker-machine), set endpoint = ""ENV""\n  endpoint = ""%s""\n  #\n  ## Set to true to collect Swarm metrics(desired_replicas, running_replicas)\n  gather_services = false\n  #\n  ## Only collect metrics for these containers, collect all if empty\n  container_names = []\n  #\n  ## Set the source tag for the metrics to the container ID hostname, eg first 12 chars\n  source_tag = false\n  #\n  ## Containers to include and exclude. Globs accepted.\n  ## Note that an empty array for both will include all containers\n  container_name_include = []\n  container_name_exclude = []\n  #\n  ## Container states to include and exclude. Globs accepted.\n  ## When empty only containers in the ""running"" state will be captured.\n  ## example: container_state_include = [""created"", ""restarting"", ""running"", ""removing"", ""paused"", ""exited"", ""dead""]\n  ## example: container_state_exclude = [""created"", ""restarting"", ""running"", ""removing"", ""paused"", ""exited"", ""dead""]\n  # container_state_include = []\n  # container_state_exclude = []\n  #\n  ## Timeout for docker list, info, and stats commands\n  timeout = ""5s""\n  #\n  ## Whether to report for each container per-device blkio (8:0, 8:1...),\n  ## network (eth0, eth1, ...) and cpu (cpu0, cpu1, ...) stats or not.\n  ## Usage of this setting is discouraged since it will be deprecated in favor of 'perdevice_include'.   ## Set to true to report for each container per device blkio, network (eth0, eth1,...)   #\n  ## Specifies for which classes a per-device metric should be issued\n  ## Possible values are 'cpu' (cpu0, cpu1, ...), 'blkio' (8:0, 8:1, ...) and 'network' (eth0, eth1, ...)\n  ## Please note that this setting has no effect if 'perdevice' is set to 'true'\n  # perdevice_include = [""cpu""]\n  #\n  ## Whether to report for each container total blkio and network stats or not.\n  ## Usage of this setting is discouraged since it will be deprecated in favor of 'total_include'.\n  ## Default value is 'false' for backwards compatibility, please set it to 'true' so that 'total_include' setting\n  ## is honored.\n  total = false\n  #\n  ## Specifies for which classes a total metric should be issued. Total is an aggregated of the 'perdevice' values.\n  ## Possible values are 'cpu', 'blkio' and 'network'\n  ## Total 'cpu' is reported directly by Docker daemon, and 'network' and 'blkio' totals are aggregated by this plugin.\n  ## Please note that this setting has no effect if 'total' is set to 'false'\n  # total_include = [""cpu"", ""blkio"", ""network""]\n  #\n  ## Which environment variables should we use as a tag\n  ##tag_env = [""JAVA_HOME"", ""HEAP_SIZE""]\n  #\n  ## docker labels to include and exclude as tags.  Globs accepted.\n  ## Note that an empty array for both will include all labels as tags\n  docker_label_include = []\n  docker_label_exclude = []\n  #\n  ## Optional TLS Config\n  # tls_ca = ""/etc/telegraf/ca.pem""\n  # tls_cert = ""/etc/telegraf/cert.pem""\n  # tls_key = ""/etc/telegraf/key.pem""\n  ## Use TLS but skip chain & host verification\n  # insecure_skip_verify = false\n`"
test41_t1168_s09	41	1168	9	supported	supported	True	same_identifier	raw_string_literal_content	raw_string_literal_content	"`[[inputs.%s]]\n  ## Docker Endpoint\n  ##   To use TCP, set endpoint = ""tcp://[ip]:[port]""\n  ##   To use environment variables (ie, docker-machine), set endpoint = ""ENV""\n  endpoint = ""%s""\n  #\n  ## Set to true to collect Swarm metrics(desired_replicas, running_replicas)\n  gather_services = false\n  #\n  ## Only collect metrics for these containers, collect all if empty\n  container_names = []\n  #\n  ## Set the source tag for the metrics to the container ID hostname, eg first 12 chars\n  source_tag = false\n  #\n  ## Containers to include and exclude. Globs accepted.\n  ## Note that an empty array for both will include all containers\n  container_name_include = []\n  container_name_exclude = []\n  #\n  ## Container states to include and exclude. Globs accepted.\n  ## When empty only containers in the ""running"" state will be captured.\n  ## example: container_state_include = [""created"", ""restarting"", ""running"", ""removing"", ""paused"", ""exited"", ""dead""]\n  ## example: container_state_exclude = [""created"", ""restarting"", ""running"", ""removing"", ""paused"", ""exited"", ""dead""]\n  # container_state_include = []\n  # container_state_exclude = []\n  #\n  ## Timeout for docker list, info, and stats commands\n  timeout = ""5s""\n  #\n  ## Whether to report for each container per-device blkio (8:0, 8:1...),\n  ## network (eth0, eth1, ...) and cpu (cpu0, cpu1, ...) stats or not.\n  ## Usage of this setting is discouraged since it will be deprecated in favor of 'perdevice_include'.   ## Set to true to report for each container per device blkio, network (eth0, eth1,...)   #\n  ## Specifies for which classes a per-device metric should be issued\n  ## Possible values are 'cpu' (cpu0, cpu1, ...), 'blkio' (8:0, 8:1, ...) and 'network' (eth0, eth1, ...)\n  ## Please note that this setting has no effect if 'perdevice' is set to 'true'\n  # perdevice_include = [""cpu""]\n  #\n  ## Whether to report for each container total blkio and network stats or not.\n  ## Usage of this setting is discouraged since it will be deprecated in favor of 'total_include'.\n  ## Default value is 'false' for backwards compatibility, please set it to 'true' so that 'total_include' setting\n  ## is honored.\n  total = false\n  #\n  ## Specifies for which classes a total metric should be issued. Total is an aggregated of the 'perdevice' values.\n  ## Possible values are 'cpu', 'blkio' and 'network'\n  ## Total 'cpu' is reported directly by Docker daemon, and 'network' and 'blkio' totals are aggregated by this plugin.\n  ## Please note that this setting has no effect if 'total' is set to 'false'\n  # total_include = [""cpu"", ""blkio"", ""network""]\n  #\n  ## Which environment variables should we use as a tag\n  ##tag_env = [""JAVA_HOME"", ""HEAP_SIZE""]\n  #\n  ## docker labels to include and exclude as tags.  Globs accepted.\n  ## Note that an empty array for both will include all labels as tags\n  docker_label_include = []\n  docker_label_exclude = []\n  #\n  ## Optional TLS Config\n  # tls_ca = ""/etc/telegraf/ca.pem""\n  # tls_cert = ""/etc/telegraf/cert.pem""\n  # tls_key = ""/etc/telegraf/key.pem""\n  ## Use TLS but skip chain & host verification\n  # insecure_skip_verify = false\n`"	"`[[inputs.%s]]\n  ## Docker Endpoint\n  ##   To use TCP, set endpoint = ""tcp://[ip]:[port]""\n  ##   To use environment variables (ie, docker-machine), set endpoint = ""ENV""\n  endpoint = ""%s""\n  #\n  ## Set to true to collect Swarm metrics(desired_replicas, running_replicas)\n  gather_services = false\n  #\n  ## Only collect metrics for these containers, collect all if empty\n  container_names = []\n  #\n  ## Set the source tag for the metrics to the container ID hostname, eg first 12 chars\n  source_tag = false\n  #\n  ## Containers to include and exclude. Globs accepted.\n  ## Note that an empty array for both will include all containers\n  container_name_include = []\n  container_name_exclude = []\n  #\n  ## Container states to include and exclude. Globs accepted.\n  ## When empty only containers in the ""running"" state will be captured.\n  ## example: container_state_include = [""created"", ""restarting"", ""running"", ""removing"", ""paused"", ""exited"", ""dead""]\n  ## example: container_state_exclude = [""created"", ""restarting"", ""running"", ""removing"", ""paused"", ""exited"", ""dead""]\n  # container_state_include = []\n  # container_state_exclude = []\n  #\n  ## Timeout for docker list, info, and stats commands\n  timeout = ""5s""\n  #\n  ## Whether to report for each container per-device blkio (8:0, 8:1...),\n  ## network (eth0, eth1, ...) and cpu (cpu0, cpu1, ...) stats or not.\n  ## Usage of this setting is discouraged since it will be deprecated in favor of 'perdevice_include'.   ## Set to true to report for each container per device blkio, network (eth0, eth1,...)   #\n  ## Specifies for which classes a per-device metric should be issued\n  ## Possible values are 'cpu' (cpu0, cpu1, ...), 'blkio' (8:0, 8:1, ...) and 'network' (eth0, eth1, ...)\n  ## Please note that this setting has no effect if 'perdevice' is set to 'true'\n  # perdevice_include = [""cpu""]\n  #\n  ## Whether to report for each container total blkio and network stats or not.\n  ## Usage of this setting is discouraged since it will be deprecated in favor of 'total_include'.\n  ## Default value is 'false' for backwards compatibility, please set it to 'true' so that 'total_include' setting\n  ## is honored.\n  total = false\n  #\n  ## Specifies for which classes a total metric should be issued. Total is an aggregated of the 'perdevice' values.\n  ## Possible values are 'cpu', 'blkio' and 'network'\n  ## Total 'cpu' is reported directly by Docker daemon, and 'network' and 'blkio' totals are aggregated by this plugin.\n  ## Please note that this setting has no effect if 'total' is set to 'false'\n  # total_include = [""cpu"", ""blkio"", ""network""]\n  #\n  ## Which environment variables should we use as a tag\n  ##tag_env = [""JAVA_HOME"", ""HEAP_SIZE""]\n  #\n  ## docker labels to include and exclude as tags.  Globs accepted.\n  ## Note that an empty array for both will include all labels as tags\n  docker_label_include = []\n  docker_label_exclude = []\n  #\n  ## Optional TLS Config\n  # tls_ca = ""/etc/telegraf/ca.pem""\n  # tls_cert = ""/etc/telegraf/cert.pem""\n  # tls_key = ""/etc/telegraf/key.pem""\n  ## Use TLS but skip chain & host verification\n  # insecure_skip_verify = false\n`"
test41_t1168_s10	41	1168	10	supported	supported	True	same_identifier	raw_string_literal_content	raw_string_literal_content	"`[[inputs.%s]]\n  ## Docker Endpoint\n  ##   To use TCP, set endpoint = ""tcp://[ip]:[port]""\n  ##   To use environment variables (ie, docker-machine), set endpoint = ""ENV""\n  endpoint = ""%s""\n  #\n  ## Set to true to collect Swarm metrics(desired_replicas, running_replicas)\n  gather_services = false\n  #\n  ## Only collect metrics for these containers, collect all if empty\n  container_names = []\n  #\n  ## Set the source tag for the metrics to the container ID hostname, eg first 12 chars\n  source_tag = false\n  #\n  ## Containers to include and exclude. Globs accepted.\n  ## Note that an empty array for both will include all containers\n  container_name_include = []\n  container_name_exclude = []\n  #\n  ## Container states to include and exclude. Globs accepted.\n  ## When empty only containers in the ""running"" state will be captured.\n  ## example: container_state_include = [""created"", ""restarting"", ""running"", ""removing"", ""paused"", ""exited"", ""dead""]\n  ## example: container_state_exclude = [""created"", ""restarting"", ""running"", ""removing"", ""paused"", ""exited"", ""dead""]\n  # container_state_include = []\n  # container_state_exclude = []\n  #\n  ## Timeout for docker list, info, and stats commands\n  timeout = ""5s""\n  #\n  ## Whether to report for each container per-device blkio (8:0, 8:1...),\n  ## network (eth0, eth1, ...) and cpu (cpu0, cpu1, ...) stats or not.\n  ## Usage of this setting is discouraged since it will be deprecated in favor of 'perdevice_include'.   ## Set to true to report for each container per device blkio, network (eth0, eth1,...)   #\n  ## Specifies for which classes a per-device metric should be issued\n  ## Possible values are 'cpu' (cpu0, cpu1, ...), 'blkio' (8:0, 8:1, ...) and 'network' (eth0, eth1, ...)\n  ## Please note that this setting has no effect if 'perdevice' is set to 'true'\n  # perdevice_include = [""cpu""]\n  #\n  ## Whether to report for each container total blkio and network stats or not.\n  ## Usage of this setting is discouraged since it will be deprecated in favor of 'total_include'.\n  ## Default value is 'false' for backwards compatibility, please set it to 'true' so that 'total_include' setting\n  ## is honored.\n  total = false\n  #\n  ## Specifies for which classes a total metric should be issued. Total is an aggregated of the 'perdevice' values.\n  ## Possible values are 'cpu', 'blkio' and 'network'\n  ## Total 'cpu' is reported directly by Docker daemon, and 'network' and 'blkio' totals are aggregated by this plugin.\n  ## Please note that this setting has no effect if 'total' is set to 'false'\n  # total_include = [""cpu"", ""blkio"", ""network""]\n  #\n  ## Which environment variables should we use as a tag\n  ##tag_env = [""JAVA_HOME"", ""HEAP_SIZE""]\n  #\n  ## docker labels to include and exclude as tags.  Globs accepted.\n  ## Note that an empty array for both will include all labels as tags\n  docker_label_include = []\n  docker_label_exclude = []\n  #\n  ## Optional TLS Config\n  # tls_ca = ""/etc/telegraf/ca.pem""\n  # tls_cert = ""/etc/telegraf/cert.pem""\n  # tls_key = ""/etc/telegraf/key.pem""\n  ## Use TLS but skip chain & host verification\n  # insecure_skip_verify = false\n`"	"`[[inputs.%s]]\n  ## Docker Endpoint\n  ##   To use TCP, set endpoint = ""tcp://[ip]:[port]""\n  ##   To use environment variables (ie, docker-machine), set endpoint = ""ENV""\n  endpoint = ""%s""\n  #\n  ## Set to true to collect Swarm metrics(desired_replicas, running_replicas)\n  gather_services = false\n  #\n  ## Only collect metrics for these containers, collect all if empty\n  container_names = []\n  #\n  ## Set the source tag for the metrics to the container ID hostname, eg first 12 chars\n  source_tag = false\n  #\n  ## Containers to include and exclude. Globs accepted.\n  ## Note that an empty array for both will include all containers\n  container_name_include = []\n  container_name_exclude = []\n  #\n  ## Container states to include and exclude. Globs accepted.\n  ## When empty only containers in the ""running"" state will be captured.\n  ## example: container_state_include = [""created"", ""restarting"", ""running"", ""removing"", ""paused"", ""exited"", ""dead""]\n  ## example: container_state_exclude = [""created"", ""restarting"", ""running"", ""removing"", ""paused"", ""exited"", ""dead""]\n  # container_state_include = []\n  # container_state_exclude = []\n  #\n  ## Timeout for docker list, info, and stats commands\n  timeout = ""5s""\n  #\n  ## Whether to report for each container per-device blkio (8:0, 8:1...),\n  ## network (eth0, eth1, ...) and cpu (cpu0, cpu1, ...) stats or not.\n  ## Usage of this setting is discouraged since it will be deprecated in favor of 'perdevice_include'.   ## Set to true to report for each container per device blkio, network (eth0, eth1,...)   #\n  ## Specifies for which classes a per-device metric should be issued\n  ## Possible values are 'cpu' (cpu0, cpu1, ...), 'blkio' (8:0, 8:1, ...) and 'network' (eth0, eth1, ...)\n  ## Please note that this setting has no effect if 'perdevice' is set to 'true'\n  # perdevice_include = [""cpu""]\n  #\n  ## Whether to report for each container total blkio and network stats or not.\n  ## Usage of this setting is discouraged since it will be deprecated in favor of 'total_include'.\n  ## Default value is 'false' for backwards compatibility, please set it to 'true' so that 'total_include' setting\n  ## is honored.\n  total = false\n  #\n  ## Specifies for which classes a total metric should be issued. Total is an aggregated of the 'perdevice' values.\n  ## Possible values are 'cpu', 'blkio' and 'network'\n  ## Total 'cpu' is reported directly by Docker daemon, and 'network' and 'blkio' totals are aggregated by this plugin.\n  ## Please note that this setting has no effect if 'total' is set to 'false'\n  # total_include = [""cpu"", ""blkio"", ""network""]\n  #\n  ## Which environment variables should we use as a tag\n  ##tag_env = [""JAVA_HOME"", ""HEAP_SIZE""]\n  #\n  ## docker labels to include and exclude as tags.  Globs accepted.\n  ## Note that an empty array for both will include all labels as tags\n  docker_label_include = []\n  docker_label_exclude = []\n  #\n  ## Optional TLS Config\n  # tls_ca = ""/etc/telegraf/ca.pem""\n  # tls_cert = ""/etc/telegraf/cert.pem""\n  # tls_key = ""/etc/telegraf/key.pem""\n  ## Use TLS but skip chain & host verification\n  # insecure_skip_verify = false\n`"
